-- Generated at 2025-10-29 21:30:55
-- Games: 107 | Categories: 54 | Genres: 20

BEGIN;

-- Disable triggers temporarily
SET session_replication_role = 'replica';

-- ============================================
-- CATEGORIES (54)
-- ============================================
INSERT INTO categories (id, name, slug, created_at, updated_at) VALUES (1, 'Adjustable Difficulty', 'adjustable-difficulty', NOW(), NOW());
INSERT INTO categories (id, name, slug, created_at, updated_at) VALUES (2, 'Adjustable Text Size', 'adjustable-text-size', NOW(), NOW());
INSERT INTO categories (id, name, slug, created_at, updated_at) VALUES (3, 'Camera Comfort', 'camera-comfort', NOW(), NOW());
INSERT INTO categories (id, name, slug, created_at, updated_at) VALUES (4, 'Captions available', 'captions-available', NOW(), NOW());
INSERT INTO categories (id, name, slug, created_at, updated_at) VALUES (5, 'Chat Speech-to-text', 'chat-speech-to-text', NOW(), NOW());
INSERT INTO categories (id, name, slug, created_at, updated_at) VALUES (6, 'Chat Text-to-speech', 'chat-text-to-speech', NOW(), NOW());
INSERT INTO categories (id, name, slug, created_at, updated_at) VALUES (7, 'Co-op', 'co-op', NOW(), NOW());
INSERT INTO categories (id, name, slug, created_at, updated_at) VALUES (8, 'Color Alternatives', 'color-alternatives', NOW(), NOW());
INSERT INTO categories (id, name, slug, created_at, updated_at) VALUES (9, 'Commentary available', 'commentary-available', NOW(), NOW());
INSERT INTO categories (id, name, slug, created_at, updated_at) VALUES (10, 'Cross-Platform Multiplayer', 'cross-platform-multiplayer', NOW(), NOW());
INSERT INTO categories (id, name, slug, created_at, updated_at) VALUES (11, 'Custom Volume Controls', 'custom-volume-controls', NOW(), NOW());
INSERT INTO categories (id, name, slug, created_at, updated_at) VALUES (12, 'Family Sharing', 'family-sharing', NOW(), NOW());
INSERT INTO categories (id, name, slug, created_at, updated_at) VALUES (13, 'Full controller support', 'full-controller-support', NOW(), NOW());
INSERT INTO categories (id, name, slug, created_at, updated_at) VALUES (14, 'Game demo', 'game-demo', NOW(), NOW());
INSERT INTO categories (id, name, slug, created_at, updated_at) VALUES (15, 'HDR available', 'hdr-available', NOW(), NOW());
INSERT INTO categories (id, name, slug, created_at, updated_at) VALUES (16, 'In-App Purchases', 'in-app-purchases', NOW(), NOW());
INSERT INTO categories (id, name, slug, created_at, updated_at) VALUES (17, 'Includes Source SDK', 'includes-source-sdk', NOW(), NOW());
INSERT INTO categories (id, name, slug, created_at, updated_at) VALUES (18, 'Includes level editor', 'includes-level-editor', NOW(), NOW());
INSERT INTO categories (id, name, slug, created_at, updated_at) VALUES (19, 'Keyboard Only Option', 'keyboard-only-option', NOW(), NOW());
INSERT INTO categories (id, name, slug, created_at, updated_at) VALUES (20, 'LAN Co-op', 'lan-co-op', NOW(), NOW());
INSERT INTO categories (id, name, slug, created_at, updated_at) VALUES (21, 'LAN PvP', 'lan-pvp', NOW(), NOW());
INSERT INTO categories (id, name, slug, created_at, updated_at) VALUES (22, 'MMO', 'mmo', NOW(), NOW());
INSERT INTO categories (id, name, slug, created_at, updated_at) VALUES (23, 'Mouse Only Option', 'mouse-only-option', NOW(), NOW());
INSERT INTO categories (id, name, slug, created_at, updated_at) VALUES (24, 'Multi-player', 'multi-player', NOW(), NOW());
INSERT INTO categories (id, name, slug, created_at, updated_at) VALUES (25, 'Narrated Game Menus', 'narrated-game-menus', NOW(), NOW());
INSERT INTO categories (id, name, slug, created_at, updated_at) VALUES (26, 'Online Co-op', 'online-co-op', NOW(), NOW());
INSERT INTO categories (id, name, slug, created_at, updated_at) VALUES (27, 'Online PvP', 'online-pvp', NOW(), NOW());
INSERT INTO categories (id, name, slug, created_at, updated_at) VALUES (28, 'Partial Controller Support', 'partial-controller-support', NOW(), NOW());
INSERT INTO categories (id, name, slug, created_at, updated_at) VALUES (29, 'Playable without Timed Input', 'playable-without-timed-input', NOW(), NOW());
INSERT INTO categories (id, name, slug, created_at, updated_at) VALUES (30, 'PvP', 'pvp', NOW(), NOW());
INSERT INTO categories (id, name, slug, created_at, updated_at) VALUES (31, 'Remote Play Together', 'remote-play-together', NOW(), NOW());
INSERT INTO categories (id, name, slug, created_at, updated_at) VALUES (32, 'Remote Play on Phone', 'remote-play-on-phone', NOW(), NOW());
INSERT INTO categories (id, name, slug, created_at, updated_at) VALUES (33, 'Remote Play on TV', 'remote-play-on-tv', NOW(), NOW());
INSERT INTO categories (id, name, slug, created_at, updated_at) VALUES (34, 'Remote Play on Tablet', 'remote-play-on-tablet', NOW(), NOW());
INSERT INTO categories (id, name, slug, created_at, updated_at) VALUES (35, 'Save Anytime', 'save-anytime', NOW(), NOW());
INSERT INTO categories (id, name, slug, created_at, updated_at) VALUES (36, 'Shared/Split Screen', 'shared-split-screen', NOW(), NOW());
INSERT INTO categories (id, name, slug, created_at, updated_at) VALUES (37, 'Shared/Split Screen Co-op', 'shared-split-screen-co-op', NOW(), NOW());
INSERT INTO categories (id, name, slug, created_at, updated_at) VALUES (38, 'Shared/Split Screen PvP', 'shared-split-screen-pvp', NOW(), NOW());
INSERT INTO categories (id, name, slug, created_at, updated_at) VALUES (39, 'Single-player', 'single-player', NOW(), NOW());
INSERT INTO categories (id, name, slug, created_at, updated_at) VALUES (40, 'Stats', 'stats', NOW(), NOW());
INSERT INTO categories (id, name, slug, created_at, updated_at) VALUES (41, 'Steam Achievements', 'steam-achievements', NOW(), NOW());
INSERT INTO categories (id, name, slug, created_at, updated_at) VALUES (42, 'Steam Cloud', 'steam-cloud', NOW(), NOW());
INSERT INTO categories (id, name, slug, created_at, updated_at) VALUES (43, 'Steam Leaderboards', 'steam-leaderboards', NOW(), NOW());
INSERT INTO categories (id, name, slug, created_at, updated_at) VALUES (44, 'Steam Timeline', 'steam-timeline', NOW(), NOW());
INSERT INTO categories (id, name, slug, created_at, updated_at) VALUES (45, 'Steam Trading Cards', 'steam-trading-cards', NOW(), NOW());
INSERT INTO categories (id, name, slug, created_at, updated_at) VALUES (46, 'Steam Turn Notifications', 'steam-turn-notifications', NOW(), NOW());
INSERT INTO categories (id, name, slug, created_at, updated_at) VALUES (47, 'Steam Workshop', 'steam-workshop', NOW(), NOW());
INSERT INTO categories (id, name, slug, created_at, updated_at) VALUES (48, 'SteamVR Collectibles', 'steamvr-collectibles', NOW(), NOW());
INSERT INTO categories (id, name, slug, created_at, updated_at) VALUES (49, 'Stereo Sound', 'stereo-sound', NOW(), NOW());
INSERT INTO categories (id, name, slug, created_at, updated_at) VALUES (50, 'Subtitle Options', 'subtitle-options', NOW(), NOW());
INSERT INTO categories (id, name, slug, created_at, updated_at) VALUES (51, 'Surround Sound', 'surround-sound', NOW(), NOW());
INSERT INTO categories (id, name, slug, created_at, updated_at) VALUES (52, 'Tracked Controller Support', 'tracked-controller-support', NOW(), NOW());
INSERT INTO categories (id, name, slug, created_at, updated_at) VALUES (53, 'VR Supported', 'vr-supported', NOW(), NOW());
INSERT INTO categories (id, name, slug, created_at, updated_at) VALUES (54, 'Valve Anti-Cheat enabled', 'valve-anti-cheat-enabled', NOW(), NOW());

-- ============================================
-- GENRES (20)
-- ============================================
INSERT INTO genres (id, name, slug, created_at, updated_at) VALUES (1, 'Action', 'action', NOW(), NOW());
INSERT INTO genres (id, name, slug, created_at, updated_at) VALUES (2, 'Adventure', 'adventure', NOW(), NOW());
INSERT INTO genres (id, name, slug, created_at, updated_at) VALUES (3, 'Animation & Modeling', 'animation-modeling', NOW(), NOW());
INSERT INTO genres (id, name, slug, created_at, updated_at) VALUES (4, 'Audio Production', 'audio-production', NOW(), NOW());
INSERT INTO genres (id, name, slug, created_at, updated_at) VALUES (5, 'Casual', 'casual', NOW(), NOW());
INSERT INTO genres (id, name, slug, created_at, updated_at) VALUES (6, 'Design & Illustration', 'design-illustration', NOW(), NOW());
INSERT INTO genres (id, name, slug, created_at, updated_at) VALUES (7, 'Early Access', 'early-access', NOW(), NOW());
INSERT INTO genres (id, name, slug, created_at, updated_at) VALUES (8, 'Education', 'education', NOW(), NOW());
INSERT INTO genres (id, name, slug, created_at, updated_at) VALUES (9, 'Free To Play', 'free-to-play', NOW(), NOW());
INSERT INTO genres (id, name, slug, created_at, updated_at) VALUES (10, 'Game Development', 'game-development', NOW(), NOW());
INSERT INTO genres (id, name, slug, created_at, updated_at) VALUES (11, 'Indie', 'indie', NOW(), NOW());
INSERT INTO genres (id, name, slug, created_at, updated_at) VALUES (12, 'Massively Multiplayer', 'massively-multiplayer', NOW(), NOW());
INSERT INTO genres (id, name, slug, created_at, updated_at) VALUES (13, 'Photo Editing', 'photo-editing', NOW(), NOW());
INSERT INTO genres (id, name, slug, created_at, updated_at) VALUES (14, 'RPG', 'rpg', NOW(), NOW());
INSERT INTO genres (id, name, slug, created_at, updated_at) VALUES (15, 'Racing', 'racing', NOW(), NOW());
INSERT INTO genres (id, name, slug, created_at, updated_at) VALUES (16, 'Simulation', 'simulation', NOW(), NOW());
INSERT INTO genres (id, name, slug, created_at, updated_at) VALUES (17, 'Sports', 'sports', NOW(), NOW());
INSERT INTO genres (id, name, slug, created_at, updated_at) VALUES (18, 'Strategy', 'strategy', NOW(), NOW());
INSERT INTO genres (id, name, slug, created_at, updated_at) VALUES (19, 'Utilities', 'utilities', NOW(), NOW());
INSERT INTO genres (id, name, slug, created_at, updated_at) VALUES (20, 'Video Production', 'video-production', NOW(), NOW());

-- ============================================
-- DEVELOPERS (112)
-- ============================================
INSERT INTO developers (id, name, slug, created_at, updated_at) VALUES (1, '24 Entertainment', '24-entertainment', NOW(), NOW());
INSERT INTO developers (id, name, slug, created_at, updated_at) VALUES (2, 'Activision Shanghai', 'activision-shanghai', NOW(), NOW());
INSERT INTO developers (id, name, slug, created_at, updated_at) VALUES (3, 'AdHoc Studio', 'adhoc-studio', NOW(), NOW());
INSERT INTO developers (id, name, slug, created_at, updated_at) VALUES (4, 'Amazon Games', 'amazon-games', NOW(), NOW());
INSERT INTO developers (id, name, slug, created_at, updated_at) VALUES (5, 'Arrowhead Game Studios', 'arrowhead-game-studios', NOW(), NOW());
INSERT INTO developers (id, name, slug, created_at, updated_at) VALUES (6, 'Aspyr (Linux)', 'aspyr-linux', NOW(), NOW());
INSERT INTO developers (id, name, slug, created_at, updated_at) VALUES (7, 'Aspyr (Mac)', 'aspyr-mac', NOW(), NOW());
INSERT INTO developers (id, name, slug, created_at, updated_at) VALUES (8, 'Avalanche Software', 'avalanche-software', NOW(), NOW());
INSERT INTO developers (id, name, slug, created_at, updated_at) VALUES (9, 'Battlefield Studios', 'battlefield-studios', NOW(), NOW());
INSERT INTO developers (id, name, slug, created_at, updated_at) VALUES (10, 'BeamNG', 'beamng', NOW(), NOW());
INSERT INTO developers (id, name, slug, created_at, updated_at) VALUES (11, 'Beenox', 'beenox', NOW(), NOW());
INSERT INTO developers (id, name, slug, created_at, updated_at) VALUES (12, 'Behaviour Interactive Inc.', 'behaviour-interactive-inc', NOW(), NOW());
INSERT INTO developers (id, name, slug, created_at, updated_at) VALUES (13, 'Bethesda Game Studios', 'bethesda-game-studios', NOW(), NOW());
INSERT INTO developers (id, name, slug, created_at, updated_at) VALUES (14, 'Blizzard Entertainment, Inc.', 'blizzard-entertainment-inc', NOW(), NOW());
INSERT INTO developers (id, name, slug, created_at, updated_at) VALUES (15, 'Blue Mammoth Games', 'blue-mammoth-games', NOW(), NOW());
INSERT INTO developers (id, name, slug, created_at, updated_at) VALUES (16, 'Bohemia Interactive', 'bohemia-interactive', NOW(), NOW());
INSERT INTO developers (id, name, slug, created_at, updated_at) VALUES (17, 'CAPCOM Co., Ltd.', 'capcom-co-ltd', NOW(), NOW());
INSERT INTO developers (id, name, slug, created_at, updated_at) VALUES (18, 'CD PROJEKT RED', 'cd-projekt-red', NOW(), NOW());
INSERT INTO developers (id, name, slug, created_at, updated_at) VALUES (19, 'CREATIVE ASSEMBLY', 'creative-assembly', NOW(), NOW());
INSERT INTO developers (id, name, slug, created_at, updated_at) VALUES (20, 'CaptureAge', 'captureage', NOW(), NOW());
INSERT INTO developers (id, name, slug, created_at, updated_at) VALUES (21, 'CenterPoint Gaming', 'centerpoint-gaming', NOW(), NOW());
INSERT INTO developers (id, name, slug, created_at, updated_at) VALUES (22, 'Chief Rebel', 'chief-rebel', NOW(), NOW());
INSERT INTO developers (id, name, slug, created_at, updated_at) VALUES (23, 'Coffee Stain Studios', 'coffee-stain-studios', NOW(), NOW());
INSERT INTO developers (id, name, slug, created_at, updated_at) VALUES (24, 'Colossal Order Ltd.', 'colossal-order-ltd', NOW(), NOW());
INSERT INTO developers (id, name, slug, created_at, updated_at) VALUES (25, 'ConcernedApe', 'concernedape', NOW(), NOW());
INSERT INTO developers (id, name, slug, created_at, updated_at) VALUES (26, 'Crytek', 'crytek', NOW(), NOW());
INSERT INTO developers (id, name, slug, created_at, updated_at) VALUES (27, 'Cygames, Inc.', 'cygames-inc', NOW(), NOW());
INSERT INTO developers (id, name, slug, created_at, updated_at) VALUES (28, 'Demonware', 'demonware', NOW(), NOW());
INSERT INTO developers (id, name, slug, created_at, updated_at) VALUES (29, 'Digital Extremes', 'digital-extremes', NOW(), NOW());
INSERT INTO developers (id, name, slug, created_at, updated_at) VALUES (30, 'Dirty Adventures 🖤', 'dirty-adventures', NOW(), NOW());
INSERT INTO developers (id, name, slug, created_at, updated_at) VALUES (31, 'EA Canada', 'ea-canada', NOW(), NOW());
INSERT INTO developers (id, name, slug, created_at, updated_at) VALUES (32, 'EA Romania', 'ea-romania', NOW(), NOW());
INSERT INTO developers (id, name, slug, created_at, updated_at) VALUES (33, 'Edmund McMillen', 'edmund-mcmillen', NOW(), NOW());
INSERT INTO developers (id, name, slug, created_at, updated_at) VALUES (34, 'Embark Studios', 'embark-studios', NOW(), NOW());
INSERT INTO developers (id, name, slug, created_at, updated_at) VALUES (35, 'Facepunch Studios', 'facepunch-studios', NOW(), NOW());
INSERT INTO developers (id, name, slug, created_at, updated_at) VALUES (36, 'Fair Games ApS', 'fair-games-aps', NOW(), NOW());
INSERT INTO developers (id, name, slug, created_at, updated_at) VALUES (37, 'Fancy Games', 'fancy-games', NOW(), NOW());
INSERT INTO developers (id, name, slug, created_at, updated_at) VALUES (38, 'Feral Interactive', 'feral-interactive', NOW(), NOW());
INSERT INTO developers (id, name, slug, created_at, updated_at) VALUES (39, 'Firaxis Games', 'firaxis-games', NOW(), NOW());
INSERT INTO developers (id, name, slug, created_at, updated_at) VALUES (40, 'Forgotten Empires', 'forgotten-empires', NOW(), NOW());
INSERT INTO developers (id, name, slug, created_at, updated_at) VALUES (41, 'FromSoftware, Inc.', 'fromsoftware-inc', NOW(), NOW());
INSERT INTO developers (id, name, slug, created_at, updated_at) VALUES (42, 'Full Circle', 'full-circle', NOW(), NOW());
INSERT INTO developers (id, name, slug, created_at, updated_at) VALUES (43, 'GIANTS Software', 'giants-software', NOW(), NOW());
INSERT INTO developers (id, name, slug, created_at, updated_at) VALUES (44, 'Gaijin Entertainment', 'gaijin-entertainment', NOW(), NOW());
INSERT INTO developers (id, name, slug, created_at, updated_at) VALUES (45, 'Gearbox Software', 'gearbox-software', NOW(), NOW());
INSERT INTO developers (id, name, slug, created_at, updated_at) VALUES (46, 'Grinding Gear Games', 'grinding-gear-games', NOW(), NOW());
INSERT INTO developers (id, name, slug, created_at, updated_at) VALUES (47, 'Half Sword Games', 'half-sword-games', NOW(), NOW());
INSERT INTO developers (id, name, slug, created_at, updated_at) VALUES (48, 'Hello Games', 'hello-games', NOW(), NOW());
INSERT INTO developers (id, name, slug, created_at, updated_at) VALUES (49, 'High Moon Studios', 'high-moon-studios', NOW(), NOW());
INSERT INTO developers (id, name, slug, created_at, updated_at) VALUES (50, 'Infinity Ward', 'infinity-ward', NOW(), NOW());
INSERT INTO developers (id, name, slug, created_at, updated_at) VALUES (51, 'Iron Gate AB', 'iron-gate-ab', NOW(), NOW());
INSERT INTO developers (id, name, slug, created_at, updated_at) VALUES (52, 'Julius Krüger', 'julius-kruger', NOW(), NOW());
INSERT INTO developers (id, name, slug, created_at, updated_at) VALUES (53, 'KONAMI', 'konami', NOW(), NOW());
INSERT INTO developers (id, name, slug, created_at, updated_at) VALUES (54, 'KURO GAMES', 'kuro-games', NOW(), NOW());
INSERT INTO developers (id, name, slug, created_at, updated_at) VALUES (55, 'Kenny Sun', 'kenny-sun', NOW(), NOW());
INSERT INTO developers (id, name, slug, created_at, updated_at) VALUES (56, 'Kinetic Games', 'kinetic-games', NOW(), NOW());
INSERT INTO developers (id, name, slug, created_at, updated_at) VALUES (57, 'Kunos Simulazioni', 'kunos-simulazioni', NOW(), NOW());
INSERT INTO developers (id, name, slug, created_at, updated_at) VALUES (58, 'Larian Studios', 'larian-studios', NOW(), NOW());
INSERT INTO developers (id, name, slug, created_at, updated_at) VALUES (59, 'Leppsoft', 'leppsoft', NOW(), NOW());
INSERT INTO developers (id, name, slug, created_at, updated_at) VALUES (60, 'LocalThunk', 'localthunk', NOW(), NOW());
INSERT INTO developers (id, name, slug, created_at, updated_at) VALUES (61, 'Ludeon Studios', 'ludeon-studios', NOW(), NOW());
INSERT INTO developers (id, name, slug, created_at, updated_at) VALUES (62, 'Marcel Zurawka', 'marcel-zurawka', NOW(), NOW());
INSERT INTO developers (id, name, slug, created_at, updated_at) VALUES (63, 'Maxis', 'maxis', NOW(), NOW());
INSERT INTO developers (id, name, slug, created_at, updated_at) VALUES (64, 'Mega Crit', 'mega-crit', NOW(), NOW());
INSERT INTO developers (id, name, slug, created_at, updated_at) VALUES (65, 'Morefun Studios', 'morefun-studios', NOW(), NOW());
INSERT INTO developers (id, name, slug, created_at, updated_at) VALUES (66, 'NetEase Games', 'netease-games', NOW(), NOW());
INSERT INTO developers (id, name, slug, created_at, updated_at) VALUES (67, 'Nicalis, Inc.', 'nicalis-inc', NOW(), NOW());
INSERT INTO developers (id, name, slug, created_at, updated_at) VALUES (68, 'Ninja Kiwi', 'ninja-kiwi', NOW(), NOW());
INSERT INTO developers (id, name, slug, created_at, updated_at) VALUES (69, 'Nuggets Entertainment', 'nuggets-entertainment', NOW(), NOW());
INSERT INTO developers (id, name, slug, created_at, updated_at) VALUES (70, 'OBS Project', 'obs-project', NOW(), NOW());
INSERT INTO developers (id, name, slug, created_at, updated_at) VALUES (71, 'Obsidian Entertainment', 'obsidian-entertainment', NOW(), NOW());
INSERT INTO developers (id, name, slug, created_at, updated_at) VALUES (72, 'PUBG Corporation', 'pubg-corporation', NOW(), NOW());
INSERT INTO developers (id, name, slug, created_at, updated_at) VALUES (73, 'Paradox Development Studio', 'paradox-development-studio', NOW(), NOW());
INSERT INTO developers (id, name, slug, created_at, updated_at) VALUES (74, 'Platypus Entertainment', 'platypus-entertainment', NOW(), NOW());
INSERT INTO developers (id, name, slug, created_at, updated_at) VALUES (75, 'Playground Games', 'playground-games', NOW(), NOW());
INSERT INTO developers (id, name, slug, created_at, updated_at) VALUES (76, 'Pocketpair', 'pocketpair', NOW(), NOW());
INSERT INTO developers (id, name, slug, created_at, updated_at) VALUES (77, 'ProjectMoon', 'projectmoon', NOW(), NOW());
INSERT INTO developers (id, name, slug, created_at, updated_at) VALUES (78, 'Psyonix LLC', 'psyonix-llc', NOW(), NOW());
INSERT INTO developers (id, name, slug, created_at, updated_at) VALUES (79, 'Ramjet Studios', 'ramjet-studios', NOW(), NOW());
INSERT INTO developers (id, name, slug, created_at, updated_at) VALUES (80, 'Raven Software', 'raven-software', NOW(), NOW());
INSERT INTO developers (id, name, slug, created_at, updated_at) VALUES (81, 'Re-Logic', 're-logic', NOW(), NOW());
INSERT INTO developers (id, name, slug, created_at, updated_at) VALUES (82, 'Red Barrels', 'red-barrels', NOW(), NOW());
INSERT INTO developers (id, name, slug, created_at, updated_at) VALUES (83, 'Respawn', 'respawn', NOW(), NOW());
INSERT INTO developers (id, name, slug, created_at, updated_at) VALUES (84, 'Respawn Entertainment', 'respawn-entertainment', NOW(), NOW());
INSERT INTO developers (id, name, slug, created_at, updated_at) VALUES (85, 'RobTop Games', 'robtop-games', NOW(), NOW());
INSERT INTO developers (id, name, slug, created_at, updated_at) VALUES (86, 'Rockstar Games', 'rockstar-games', NOW(), NOW());
INSERT INTO developers (id, name, slug, created_at, updated_at) VALUES (87, 'Rockstar North', 'rockstar-north', NOW(), NOW());
INSERT INTO developers (id, name, slug, created_at, updated_at) VALUES (88, 'SCS Software', 'scs-software', NOW(), NOW());
INSERT INTO developers (id, name, slug, created_at, updated_at) VALUES (89, 'Saber Interactive', 'saber-interactive', NOW(), NOW());
INSERT INTO developers (id, name, slug, created_at, updated_at) VALUES (90, 'Skybound Games', 'skybound-games', NOW(), NOW());
INSERT INTO developers (id, name, slug, created_at, updated_at) VALUES (91, 'Sledgehammer Games', 'sledgehammer-games', NOW(), NOW());
INSERT INTO developers (id, name, slug, created_at, updated_at) VALUES (92, 'Statespace', 'statespace', NOW(), NOW());
INSERT INTO developers (id, name, slug, created_at, updated_at) VALUES (93, 'Supergiant Games', 'supergiant-games', NOW(), NOW());
INSERT INTO developers (id, name, slug, created_at, updated_at) VALUES (94, 'TML Team', 'tml-team', NOW(), NOW());
INSERT INTO developers (id, name, slug, created_at, updated_at) VALUES (95, 'TaleWorlds Entertainment', 'taleworlds-entertainment', NOW(), NOW());
INSERT INTO developers (id, name, slug, created_at, updated_at) VALUES (96, 'Tantalus Media', 'tantalus-media', NOW(), NOW());
INSERT INTO developers (id, name, slug, created_at, updated_at) VALUES (97, 'Team Cherry', 'team-cherry', NOW(), NOW());
INSERT INTO developers (id, name, slug, created_at, updated_at) VALUES (98, 'Team Jade', 'team-jade', NOW(), NOW());
INSERT INTO developers (id, name, slug, created_at, updated_at) VALUES (99, 'Team PEAK', 'team-peak', NOW(), NOW());
INSERT INTO developers (id, name, slug, created_at, updated_at) VALUES (100, 'Team Soda', 'team-soda', NOW(), NOW());
INSERT INTO developers (id, name, slug, created_at, updated_at) VALUES (101, 'The Fun Pimps', 'the-fun-pimps', NOW(), NOW());
INSERT INTO developers (id, name, slug, created_at, updated_at) VALUES (102, 'The Indie Stone', 'the-indie-stone', NOW(), NOW());
INSERT INTO developers (id, name, slug, created_at, updated_at) VALUES (103, 'Toys for Bob', 'toys-for-bob', NOW(), NOW());
INSERT INTO developers (id, name, slug, created_at, updated_at) VALUES (104, 'Treyarch', 'treyarch', NOW(), NOW());
INSERT INTO developers (id, name, slug, created_at, updated_at) VALUES (105, 'Ubisoft Montreal', 'ubisoft-montreal', NOW(), NOW());
INSERT INTO developers (id, name, slug, created_at, updated_at) VALUES (106, 'VRChat Inc.', 'vrchat-inc', NOW(), NOW());
INSERT INTO developers (id, name, slug, created_at, updated_at) VALUES (107, 'Valve', 'valve', NOW(), NOW());
INSERT INTO developers (id, name, slug, created_at, updated_at) VALUES (108, 'Wallpaper Engine Team', 'wallpaper-engine-team', NOW(), NOW());
INSERT INTO developers (id, name, slug, created_at, updated_at) VALUES (109, 'Wicked Witch', 'wicked-witch', NOW(), NOW());
INSERT INTO developers (id, name, slug, created_at, updated_at) VALUES (110, 'World\'s Edge', 'world-s-edge', NOW(), NOW());
INSERT INTO developers (id, name, slug, created_at, updated_at) VALUES (111, 'semiwork', 'semiwork', NOW(), NOW());
INSERT INTO developers (id, name, slug, created_at, updated_at) VALUES (112, 'vedinad', 'vedinad', NOW(), NOW());

-- ============================================
-- PUBLISHERS (90)
-- ============================================
INSERT INTO publishers (id, name, slug, created_at, updated_at) VALUES (1, '2K', '2k', NOW(), NOW());
INSERT INTO publishers (id, name, slug, created_at, updated_at) VALUES (2, 'Activision', 'activision', NOW(), NOW());
INSERT INTO publishers (id, name, slug, created_at, updated_at) VALUES (3, 'Activision (Excluding Japan and Asia)', 'activision-excluding-japan-and-asia', NOW(), NOW());
INSERT INTO publishers (id, name, slug, created_at, updated_at) VALUES (4, 'AdHoc Studio', 'adhoc-studio', NOW(), NOW());
INSERT INTO publishers (id, name, slug, created_at, updated_at) VALUES (5, 'Aggro Crab', 'aggro-crab', NOW(), NOW());
INSERT INTO publishers (id, name, slug, created_at, updated_at) VALUES (6, 'Amazon Games', 'amazon-games', NOW(), NOW());
INSERT INTO publishers (id, name, slug, created_at, updated_at) VALUES (7, 'Arc Games', 'arc-games', NOW(), NOW());
INSERT INTO publishers (id, name, slug, created_at, updated_at) VALUES (8, 'Aspyr (Linux)', 'aspyr-linux', NOW(), NOW());
INSERT INTO publishers (id, name, slug, created_at, updated_at) VALUES (9, 'Aspyr (Mac)', 'aspyr-mac', NOW(), NOW());
INSERT INTO publishers (id, name, slug, created_at, updated_at) VALUES (10, 'Bandai Namco Entertainment', 'bandai-namco-entertainment', NOW(), NOW());
INSERT INTO publishers (id, name, slug, created_at, updated_at) VALUES (11, 'BeamNG', 'beamng', NOW(), NOW());
INSERT INTO publishers (id, name, slug, created_at, updated_at) VALUES (12, 'Behaviour Interactive Inc.', 'behaviour-interactive-inc', NOW(), NOW());
INSERT INTO publishers (id, name, slug, created_at, updated_at) VALUES (13, 'Bethesda Softworks', 'bethesda-softworks', NOW(), NOW());
INSERT INTO publishers (id, name, slug, created_at, updated_at) VALUES (14, 'Blizzard Entertainment, Inc.', 'blizzard-entertainment-inc', NOW(), NOW());
INSERT INTO publishers (id, name, slug, created_at, updated_at) VALUES (15, 'Bohemia Interactive', 'bohemia-interactive', NOW(), NOW());
INSERT INTO publishers (id, name, slug, created_at, updated_at) VALUES (16, 'CAPCOM Co., Ltd.', 'capcom-co-ltd', NOW(), NOW());
INSERT INTO publishers (id, name, slug, created_at, updated_at) VALUES (17, 'CD PROJEKT RED', 'cd-projekt-red', NOW(), NOW());
INSERT INTO publishers (id, name, slug, created_at, updated_at) VALUES (18, 'CenterPoint Gaming', 'centerpoint-gaming', NOW(), NOW());
INSERT INTO publishers (id, name, slug, created_at, updated_at) VALUES (19, 'Coffee Stain Publishing', 'coffee-stain-publishing', NOW(), NOW());
INSERT INTO publishers (id, name, slug, created_at, updated_at) VALUES (20, 'ConcernedApe', 'concernedape', NOW(), NOW());
INSERT INTO publishers (id, name, slug, created_at, updated_at) VALUES (21, 'Crytek', 'crytek', NOW(), NOW());
INSERT INTO publishers (id, name, slug, created_at, updated_at) VALUES (22, 'Cygames, Inc.', 'cygames-inc', NOW(), NOW());
INSERT INTO publishers (id, name, slug, created_at, updated_at) VALUES (23, 'Devolver Digital', 'devolver-digital', NOW(), NOW());
INSERT INTO publishers (id, name, slug, created_at, updated_at) VALUES (24, 'Digital Extremes', 'digital-extremes', NOW(), NOW());
INSERT INTO publishers (id, name, slug, created_at, updated_at) VALUES (25, 'Dirty Adventures 🖤', 'dirty-adventures', NOW(), NOW());
INSERT INTO publishers (id, name, slug, created_at, updated_at) VALUES (26, 'Electronic Arts', 'electronic-arts', NOW(), NOW());
INSERT INTO publishers (id, name, slug, created_at, updated_at) VALUES (27, 'Embark Studios', 'embark-studios', NOW(), NOW());
INSERT INTO publishers (id, name, slug, created_at, updated_at) VALUES (28, 'Facepunch Studios', 'facepunch-studios', NOW(), NOW());
INSERT INTO publishers (id, name, slug, created_at, updated_at) VALUES (29, 'Fair Games ApS', 'fair-games-aps', NOW(), NOW());
INSERT INTO publishers (id, name, slug, created_at, updated_at) VALUES (30, 'Feral Interactive', 'feral-interactive', NOW(), NOW());
INSERT INTO publishers (id, name, slug, created_at, updated_at) VALUES (31, 'Focus Entertainment', 'focus-entertainment', NOW(), NOW());
INSERT INTO publishers (id, name, slug, created_at, updated_at) VALUES (32, 'FromSoftware, Inc.', 'fromsoftware-inc', NOW(), NOW());
INSERT INTO publishers (id, name, slug, created_at, updated_at) VALUES (33, 'FromSoftware, Inc. (Japan)', 'fromsoftware-inc-japan', NOW(), NOW());
INSERT INTO publishers (id, name, slug, created_at, updated_at) VALUES (34, 'GIANTS Software', 'giants-software', NOW(), NOW());
INSERT INTO publishers (id, name, slug, created_at, updated_at) VALUES (35, 'Gaijin Network Ltd', 'gaijin-network-ltd', NOW(), NOW());
INSERT INTO publishers (id, name, slug, created_at, updated_at) VALUES (36, 'Game Seer Publishing', 'game-seer-publishing', NOW(), NOW());
INSERT INTO publishers (id, name, slug, created_at, updated_at) VALUES (37, 'Grinding Gear Games', 'grinding-gear-games', NOW(), NOW());
INSERT INTO publishers (id, name, slug, created_at, updated_at) VALUES (38, 'Hello Games', 'hello-games', NOW(), NOW());
INSERT INTO publishers (id, name, slug, created_at, updated_at) VALUES (39, 'Irox Games', 'irox-games', NOW(), NOW());
INSERT INTO publishers (id, name, slug, created_at, updated_at) VALUES (40, 'KONAMI', 'konami', NOW(), NOW());
INSERT INTO publishers (id, name, slug, created_at, updated_at) VALUES (41, 'KRAFTON, Inc.', 'krafton-inc', NOW(), NOW());
INSERT INTO publishers (id, name, slug, created_at, updated_at) VALUES (42, 'KURO GAMES', 'kuro-games', NOW(), NOW());
INSERT INTO publishers (id, name, slug, created_at, updated_at) VALUES (43, 'Kinetic Games', 'kinetic-games', NOW(), NOW());
INSERT INTO publishers (id, name, slug, created_at, updated_at) VALUES (44, 'Kunos Simulazioni', 'kunos-simulazioni', NOW(), NOW());
INSERT INTO publishers (id, name, slug, created_at, updated_at) VALUES (45, 'Landfall', 'landfall', NOW(), NOW());
INSERT INTO publishers (id, name, slug, created_at, updated_at) VALUES (46, 'Larian Studios', 'larian-studios', NOW(), NOW());
INSERT INTO publishers (id, name, slug, created_at, updated_at) VALUES (47, 'Leppsoft', 'leppsoft', NOW(), NOW());
INSERT INTO publishers (id, name, slug, created_at, updated_at) VALUES (48, 'Ludeon Studios', 'ludeon-studios', NOW(), NOW());
INSERT INTO publishers (id, name, slug, created_at, updated_at) VALUES (49, 'Mega Crit', 'mega-crit', NOW(), NOW());
INSERT INTO publishers (id, name, slug, created_at, updated_at) VALUES (50, 'Morefun Studios', 'morefun-studios', NOW(), NOW());
INSERT INTO publishers (id, name, slug, created_at, updated_at) VALUES (51, 'NetEase Games', 'netease-games', NOW(), NOW());
INSERT INTO publishers (id, name, slug, created_at, updated_at) VALUES (52, 'NetEase Games Global', 'netease-games-global', NOW(), NOW());
INSERT INTO publishers (id, name, slug, created_at, updated_at) VALUES (53, 'Nicalis, Inc.', 'nicalis-inc', NOW(), NOW());
INSERT INTO publishers (id, name, slug, created_at, updated_at) VALUES (54, 'Ninja Kiwi', 'ninja-kiwi', NOW(), NOW());
INSERT INTO publishers (id, name, slug, created_at, updated_at) VALUES (55, 'Nuggets Entertainment', 'nuggets-entertainment', NOW(), NOW());
INSERT INTO publishers (id, name, slug, created_at, updated_at) VALUES (56, 'OBS Project', 'obs-project', NOW(), NOW());
INSERT INTO publishers (id, name, slug, created_at, updated_at) VALUES (57, 'Paradox Interactive', 'paradox-interactive', NOW(), NOW());
INSERT INTO publishers (id, name, slug, created_at, updated_at) VALUES (58, 'PlayStation Publishing LLC', 'playstation-publishing-llc', NOW(), NOW());
INSERT INTO publishers (id, name, slug, created_at, updated_at) VALUES (59, 'Playstack', 'playstack', NOW(), NOW());
INSERT INTO publishers (id, name, slug, created_at, updated_at) VALUES (60, 'Pocketpair', 'pocketpair', NOW(), NOW());
INSERT INTO publishers (id, name, slug, created_at, updated_at) VALUES (61, 'ProjectMoon', 'projectmoon', NOW(), NOW());
INSERT INTO publishers (id, name, slug, created_at, updated_at) VALUES (62, 'Psyonix LLC', 'psyonix-llc', NOW(), NOW());
INSERT INTO publishers (id, name, slug, created_at, updated_at) VALUES (63, 'Ramjet Studios', 'ramjet-studios', NOW(), NOW());
INSERT INTO publishers (id, name, slug, created_at, updated_at) VALUES (64, 'Re-Logic', 're-logic', NOW(), NOW());
INSERT INTO publishers (id, name, slug, created_at, updated_at) VALUES (65, 'Red Barrels', 'red-barrels', NOW(), NOW());
INSERT INTO publishers (id, name, slug, created_at, updated_at) VALUES (66, 'RobTop Games', 'robtop-games', NOW(), NOW());
INSERT INTO publishers (id, name, slug, created_at, updated_at) VALUES (67, 'Rockstar Games', 'rockstar-games', NOW(), NOW());
INSERT INTO publishers (id, name, slug, created_at, updated_at) VALUES (68, 'SCS Software', 'scs-software', NOW(), NOW());
INSERT INTO publishers (id, name, slug, created_at, updated_at) VALUES (69, 'SEGA', 'sega', NOW(), NOW());
INSERT INTO publishers (id, name, slug, created_at, updated_at) VALUES (70, 'Secret Mode', 'secret-mode', NOW(), NOW());
INSERT INTO publishers (id, name, slug, created_at, updated_at) VALUES (71, 'Skybound Games', 'skybound-games', NOW(), NOW());
INSERT INTO publishers (id, name, slug, created_at, updated_at) VALUES (72, 'Statespace', 'statespace', NOW(), NOW());
INSERT INTO publishers (id, name, slug, created_at, updated_at) VALUES (73, 'Supergiant Games', 'supergiant-games', NOW(), NOW());
INSERT INTO publishers (id, name, slug, created_at, updated_at) VALUES (74, 'TML Team', 'tml-team', NOW(), NOW());
INSERT INTO publishers (id, name, slug, created_at, updated_at) VALUES (75, 'TaleWorlds Entertainment', 'taleworlds-entertainment', NOW(), NOW());
INSERT INTO publishers (id, name, slug, created_at, updated_at) VALUES (76, 'Team Cherry', 'team-cherry', NOW(), NOW());
INSERT INTO publishers (id, name, slug, created_at, updated_at) VALUES (77, 'The Fun Pimps Entertainment LLC', 'the-fun-pimps-entertainment-llc', NOW(), NOW());
INSERT INTO publishers (id, name, slug, created_at, updated_at) VALUES (78, 'The Indie Stone', 'the-indie-stone', NOW(), NOW());
INSERT INTO publishers (id, name, slug, created_at, updated_at) VALUES (79, 'TiMi Studio Group', 'timi-studio-group', NOW(), NOW());
INSERT INTO publishers (id, name, slug, created_at, updated_at) VALUES (80, 'Ubisoft', 'ubisoft', NOW(), NOW());
INSERT INTO publishers (id, name, slug, created_at, updated_at) VALUES (81, 'VRChat Inc.', 'vrchat-inc', NOW(), NOW());
INSERT INTO publishers (id, name, slug, created_at, updated_at) VALUES (82, 'Valve', 'valve', NOW(), NOW());
INSERT INTO publishers (id, name, slug, created_at, updated_at) VALUES (83, 'Wallpaper Engine Team', 'wallpaper-engine-team', NOW(), NOW());
INSERT INTO publishers (id, name, slug, created_at, updated_at) VALUES (84, 'Warner Bros. Games', 'warner-bros-games', NOW(), NOW());
INSERT INTO publishers (id, name, slug, created_at, updated_at) VALUES (85, 'Xbox Game Studios', 'xbox-game-studios', NOW(), NOW());
INSERT INTO publishers (id, name, slug, created_at, updated_at) VALUES (86, 'Ytopia', 'ytopia', NOW(), NOW());
INSERT INTO publishers (id, name, slug, created_at, updated_at) VALUES (87, 'bilibili', 'bilibili', NOW(), NOW());
INSERT INTO publishers (id, name, slug, created_at, updated_at) VALUES (88, 'semiwork', 'semiwork', NOW(), NOW());
INSERT INTO publishers (id, name, slug, created_at, updated_at) VALUES (89, 'vedinad', 'vedinad', NOW(), NOW());
INSERT INTO publishers (id, name, slug, created_at, updated_at) VALUES (90, '方块游戏 (Asia)', 'n-a', NOW(), NOW());

-- ============================================
-- GAMES (107)
-- ============================================

-- Game #1: Counter-Strike 2
INSERT INTO games (id, steam_id, name, type, slug, short_description, required_age, is_free, have_dlc, icon, supported_languages, release_date, coming_soon, recommendations, achievements_count, positive_reviews, negative_reviews, total_reviews, positive_ratio, content_descriptors, is_active, created_at, updated_at) VALUES (1, 730, 'Counter-Strike 2', 'game', 'counter-strike-2', 'For over two decades, Counter-Strike has offered an elite competitive experience, one shaped by millions of players from across the globe. And now the next chapter in the CS story is about to begin. This is Counter-Strike 2.', 0, true, true, 'https://shared.akamai.steamstatic.com/store_item_assets/steam/apps/730/header.jpg?t=1749053861', '[\"Czech\",\"Danish\",\"Dutch\",\"English *\",\"Finnish\",\"French\",\"German\",\"Hungarian\",\"Italian\",\"Japanese\",\"Korean\",\"Norwegian\",\"Polish\",\"Portuguese - Portugal\",\"Portuguese - Brazil\",\"Romanian\",\"Russian\",\"Simplified Chinese\",\"Spanish - Spain\",\"Swedish\",\"Thai\",\"Traditional Chinese\",\"Turkish\",\"Bulgarian\",\"Ukrainian\",\"Greek\",\"Spanish - Latin America\",\"Vietnamese\",\"Indonesian * languages with full audio support\"]', '2012-08-21', false, 4740343, 1, 57, 243, 300, 0.19, '{\"ids\":[2,5],\"notes\":\"Includes intense violence and blood.\"}', true, NOW(), NOW());
INSERT INTO game_platforms (game_id, windows, mac, linux, created_at, updated_at) VALUES (1, true, false, true, NOW(), NOW());
INSERT INTO game_requirements (game_id, pc_requirements, mac_requirements, linux_requirements, created_at, updated_at) VALUES (1, 'Minimum: OS: Windows® 10 Processor: 4 hardware CPU threads - Intel® Core™ i5 750 or higher Memory: 8 GB RAM Graphics: Video card must be 1 GB or more and should be a DirectX 11-compatible with support for Shader Model 5.0 DirectX: Version 11 Storage: 85 GB available space', 'Minimum: OS: MacOS X 10.11 (El Capitan) or later Processor: Intel Core Duo Processor (2GHz or better) Memory: 2 GB RAM Graphics: ATI Radeon HD 2400 or better / NVIDIA 8600M or better Storage: 15 GB available space', 'Minimum: OS: Ubuntu 20.04 Processor: 4 hardware CPU threads - Intel® Core™ i5 750 or higher Memory: 8 GB RAM Graphics: AMD GCN+ or NVIDIA Kepler+ with up-to-date Vulkan drivers. Support for VK_EXT_graphics_pipeline_library highly recommended. Storage: 85 GB available space Sound Card: Highly recommended', NOW(), NOW());
INSERT INTO game_community_ratings (game_id, toxicity_rate, cheater_rate, bug_rate, microtransaction_rate, bad_optimization_rate, not_recommended_rate, created_at, updated_at) VALUES (1, 0.329, 0.503, 0.151, 0.156, 0.121, 0.196, NOW(), NOW());
INSERT INTO game_media (game_id, media_id, name, thumbnail, webm, mp4, dash_av1, dash_h264, hls_h264, highlight, created_at, updated_at) VALUES (1, 256972298, 'Launch Trailer', 'https://shared.akamai.steamstatic.com/store_item_assets/steam/apps/256972298/movie.293x165.jpg?t=1696005467', '{\"480\":\"https:\\/\\/video.akamai.steamstatic.com\\/store_trailers\\/256972298\\/movie480_vp9.webm?t=1696005467\",\"max\":\"https:\\/\\/video.akamai.steamstatic.com\\/store_trailers\\/256972298\\/movie_max_vp9.webm?t=1696005467\"}', '{\"480\":\"https:\\/\\/video.akamai.steamstatic.com\\/store_trailers\\/256972298\\/movie480.mp4?t=1696005467\",\"max\":\"https:\\/\\/video.akamai.steamstatic.com\\/store_trailers\\/256972298\\/movie_max.mp4?t=1696005467\"}', 'https://video.akamai.steamstatic.com/store_trailers/730/612468/aa5a28c78f12232e6b6839034550c28b162fad3e/1748810724/dash_av1.mpd?t=1696005467', 'https://video.akamai.steamstatic.com/store_trailers/730/612468/aa5a28c78f12232e6b6839034550c28b162fad3e/1748810724/dash_h264.mpd?t=1696005467', 'https://video.akamai.steamstatic.com/store_trailers/730/612468/aa5a28c78f12232e6b6839034550c28b162fad3e/1748810724/hls_264_master.m3u8?t=1696005467', true, NOW(), NOW());
INSERT INTO game_media (game_id, media_id, name, thumbnail, webm, mp4, dash_av1, dash_h264, hls_h264, highlight, created_at, updated_at) VALUES (1, 256970298, 'Moving Beyond Tick Rate', 'https://shared.akamai.steamstatic.com/store_item_assets/steam/apps/256970298/movie.293x165.jpg?t=1696005475', '{\"480\":\"https:\\/\\/video.akamai.steamstatic.com\\/store_trailers\\/256970298\\/movie480_vp9.webm?t=1696005475\",\"max\":\"https:\\/\\/video.akamai.steamstatic.com\\/store_trailers\\/256970298\\/movie_max_vp9.webm?t=1696005475\"}', '{\"480\":\"https:\\/\\/video.akamai.steamstatic.com\\/store_trailers\\/256970298\\/movie480.mp4?t=1696005475\",\"max\":\"https:\\/\\/video.akamai.steamstatic.com\\/store_trailers\\/256970298\\/movie_max.mp4?t=1696005475\"}', 'https://video.akamai.steamstatic.com/store_trailers/730/608984/a3ae9d5b8de21282056059ca5e851a063a253a55/1748810722/dash_av1.mpd?t=1696005475', 'https://video.akamai.steamstatic.com/store_trailers/730/608984/a3ae9d5b8de21282056059ca5e851a063a253a55/1748810722/dash_h264.mpd?t=1696005475', 'https://video.akamai.steamstatic.com/store_trailers/730/608984/a3ae9d5b8de21282056059ca5e851a063a253a55/1748810722/hls_264_master.m3u8?t=1696005475', true, NOW(), NOW());
INSERT INTO game_media (game_id, media_id, name, thumbnail, webm, mp4, dash_av1, dash_h264, hls_h264, highlight, created_at, updated_at) VALUES (1, 256969703, 'Leveling Up', 'https://shared.akamai.steamstatic.com/store_item_assets/steam/apps/256969703/movie.293x165.jpg?t=1696005483', '{\"480\":\"https:\\/\\/video.akamai.steamstatic.com\\/store_trailers\\/256969703\\/movie480_vp9.webm?t=1696005483\",\"max\":\"https:\\/\\/video.akamai.steamstatic.com\\/store_trailers\\/256969703\\/movie_max_vp9.webm?t=1696005483\"}', '{\"480\":\"https:\\/\\/video.akamai.steamstatic.com\\/store_trailers\\/256969703\\/movie480.mp4?t=1696005483\",\"max\":\"https:\\/\\/video.akamai.steamstatic.com\\/store_trailers\\/256969703\\/movie_max.mp4?t=1696005483\"}', 'https://video.akamai.steamstatic.com/store_trailers/730/607867/ed6e0afecb45c615095cf8d84cec9d31659a3cc7/1748810722/dash_av1.mpd?t=1696005483', 'https://video.akamai.steamstatic.com/store_trailers/730/607867/ed6e0afecb45c615095cf8d84cec9d31659a3cc7/1748810722/dash_h264.mpd?t=1696005483', 'https://video.akamai.steamstatic.com/store_trailers/730/607867/ed6e0afecb45c615095cf8d84cec9d31659a3cc7/1748810722/hls_264_master.m3u8?t=1696005483', true, NOW(), NOW());
INSERT INTO game_media (game_id, media_id, name, thumbnail, webm, mp4, dash_av1, dash_h264, hls_h264, highlight, created_at, updated_at) VALUES (1, 256969690, 'Responsive Smokes', 'https://shared.akamai.steamstatic.com/store_item_assets/steam/apps/256969690/movie.293x165.jpg?t=1696005491', '{\"480\":\"https:\\/\\/video.akamai.steamstatic.com\\/store_trailers\\/256969690\\/movie480_vp9.webm?t=1696005491\",\"max\":\"https:\\/\\/video.akamai.steamstatic.com\\/store_trailers\\/256969690\\/movie_max_vp9.webm?t=1696005491\"}', '{\"480\":\"https:\\/\\/video.akamai.steamstatic.com\\/store_trailers\\/256969690\\/movie480.mp4?t=1696005491\",\"max\":\"https:\\/\\/video.akamai.steamstatic.com\\/store_trailers\\/256969690\\/movie_max.mp4?t=1696005491\"}', 'https://video.akamai.steamstatic.com/store_trailers/730/607847/d73c6346bc3bf5dbc6d66a8f721bab640fa3d37c/1748810721/dash_av1.mpd?t=1696005491', 'https://video.akamai.steamstatic.com/store_trailers/730/607847/d73c6346bc3bf5dbc6d66a8f721bab640fa3d37c/1748810721/dash_h264.mpd?t=1696005491', 'https://video.akamai.steamstatic.com/store_trailers/730/607847/d73c6346bc3bf5dbc6d66a8f721bab640fa3d37c/1748810721/hls_264_master.m3u8?t=1696005491', true, NOW(), NOW());
INSERT INTO game_category (game_id, category_id, created_at, updated_at) VALUES (1, 24, NOW(), NOW());
INSERT INTO game_category (game_id, category_id, created_at, updated_at) VALUES (1, 10, NOW(), NOW());
INSERT INTO game_category (game_id, category_id, created_at, updated_at) VALUES (1, 45, NOW(), NOW());
INSERT INTO game_category (game_id, category_id, created_at, updated_at) VALUES (1, 47, NOW(), NOW());
INSERT INTO game_category (game_id, category_id, created_at, updated_at) VALUES (1, 16, NOW(), NOW());
INSERT INTO game_category (game_id, category_id, created_at, updated_at) VALUES (1, 2, NOW(), NOW());
INSERT INTO game_category (game_id, category_id, created_at, updated_at) VALUES (1, 3, NOW(), NOW());
INSERT INTO game_category (game_id, category_id, created_at, updated_at) VALUES (1, 8, NOW(), NOW());
INSERT INTO game_category (game_id, category_id, created_at, updated_at) VALUES (1, 11, NOW(), NOW());
INSERT INTO game_category (game_id, category_id, created_at, updated_at) VALUES (1, 29, NOW(), NOW());
INSERT INTO game_category (game_id, category_id, created_at, updated_at) VALUES (1, 49, NOW(), NOW());
INSERT INTO game_category (game_id, category_id, created_at, updated_at) VALUES (1, 51, NOW(), NOW());
INSERT INTO game_category (game_id, category_id, created_at, updated_at) VALUES (1, 54, NOW(), NOW());
INSERT INTO game_category (game_id, category_id, created_at, updated_at) VALUES (1, 40, NOW(), NOW());
INSERT INTO game_category (game_id, category_id, created_at, updated_at) VALUES (1, 32, NOW(), NOW());
INSERT INTO game_category (game_id, category_id, created_at, updated_at) VALUES (1, 34, NOW(), NOW());
INSERT INTO game_category (game_id, category_id, created_at, updated_at) VALUES (1, 33, NOW(), NOW());
INSERT INTO game_category (game_id, category_id, created_at, updated_at) VALUES (1, 44, NOW(), NOW());
INSERT INTO game_genre (game_id, genre_id, created_at, updated_at) VALUES (1, 1, NOW(), NOW());
INSERT INTO game_genre (game_id, genre_id, created_at, updated_at) VALUES (1, 9, NOW(), NOW());
INSERT INTO game_developer (game_id, developer_id, created_at, updated_at) VALUES (1, 107, NOW(), NOW());
INSERT INTO game_publisher (game_id, publisher_id, created_at, updated_at) VALUES (1, 82, NOW(), NOW());

-- Game #2: Dota 2
INSERT INTO games (id, steam_id, name, type, slug, short_description, required_age, is_free, have_dlc, icon, supported_languages, release_date, coming_soon, recommendations, achievements_count, positive_reviews, negative_reviews, total_reviews, positive_ratio, content_descriptors, is_active, created_at, updated_at) VALUES (2, 570, 'Dota 2', 'game', 'dota-2', 'Every day, millions of players worldwide enter battle as one of over a hundred Dota heroes. And no matter if it\'s their 10th hour of play or 1,000th, there\'s always something new to discover. With regular updates that ensure a constant evolution of gameplay, features, and heroes, Dota 2 has taken on a life of its own.', 0, true, true, 'https://shared.akamai.steamstatic.com/store_item_assets/steam/apps/570/header.jpg?t=1757000652', '[\"Bulgarian\",\"Czech\",\"Danish\",\"Dutch\",\"English *\",\"Finnish\",\"French\",\"German\",\"Greek\",\"Hungarian\",\"Italian\",\"Japanese\",\"Korean *\",\"Norwegian\",\"Polish\",\"Portuguese - Portugal\",\"Portuguese - Brazil\",\"Romanian\",\"Russian\",\"Simplified Chinese *\",\"Spanish - Spain\",\"Swedish\",\"Thai\",\"Traditional Chinese\",\"Turkish\",\"Ukrainian\",\"Spanish - Latin America\",\"Vietnamese * languages with full audio support\"]', '2013-07-09', false, 14361, 0, 172, 128, 300, 0.573, '{\"ids\":[5],\"notes\":\"Dota 2 includes fantasy violence, use of alcohol, and mild partial nudity.\"}', true, NOW(), NOW());
INSERT INTO game_platforms (game_id, windows, mac, linux, created_at, updated_at) VALUES (2, true, true, true, NOW(), NOW());
INSERT INTO game_requirements (game_id, pc_requirements, mac_requirements, linux_requirements, created_at, updated_at) VALUES (2, 'Minimum: OS *: Windows 7 or newer Processor: Dual core from Intel or AMD at 2.8 GHz Memory: 4 GB RAM Graphics: NVIDIA GeForce 8600/9600GT, ATI/AMD Radeon HD2600/3600 DirectX: Version 11 Network: Broadband Internet connection Storage: 60 GB available space Sound Card: DirectX Compatible', 'Minimum: OS: macOS 10.15 or newer Processor: Dual core from Intel Memory: 4 GB RAM Graphics: Metal-capable GPU (AMD GCN-based GPU or newer, NVIDIA Kepler-based GPU or newer, Intel HD 4000 or newer) Network: Broadband Internet connection Storage: 60 GB available space', 'Minimum: OS: Ubuntu 12.04 or newer Processor: Dual core from Intel or AMD at 2.8 GHz Memory: 4 GB RAM Graphics: AMD GCN+, NVIDIA Kepler+, or Intel HD 5000-series or newer Network: Broadband Internet connection Storage: 60 GB available space Sound Card: OpenAL Compatible Sound Card', NOW(), NOW());
INSERT INTO game_community_ratings (game_id, toxicity_rate, cheater_rate, bug_rate, microtransaction_rate, bad_optimization_rate, not_recommended_rate, created_at, updated_at) VALUES (2, 0.268, 0.227, 0.05, 0.055, 0.059, 0.141, NOW(), NOW());
INSERT INTO game_media (game_id, media_id, name, thumbnail, webm, mp4, dash_av1, dash_h264, hls_h264, highlight, created_at, updated_at) VALUES (2, 256692021, 'Dota 2 - Join the Battle', 'https://shared.akamai.steamstatic.com/store_item_assets/steam/apps/256692021/movie.293x165.jpg?t=1757000620', '{\"480\":\"https:\\/\\/video.akamai.steamstatic.com\\/store_trailers\\/256692021\\/movie480.webm?t=1757000620\",\"max\":\"https:\\/\\/video.akamai.steamstatic.com\\/store_trailers\\/256692021\\/movie_max.webm?t=1757000620\"}', '{\"480\":\"https:\\/\\/video.akamai.steamstatic.com\\/store_trailers\\/256692021\\/movie480.mp4?t=1757000620\",\"max\":\"https:\\/\\/video.akamai.steamstatic.com\\/store_trailers\\/256692021\\/movie_max.mp4?t=1757000620\"}', 'https://video.akamai.steamstatic.com/store_trailers/570/116737/313addee2092d0bd6f538d164610061ea8bbe79c/1749859757/dash_av1.mpd?t=1757000620', 'https://video.akamai.steamstatic.com/store_trailers/570/116737/313addee2092d0bd6f538d164610061ea8bbe79c/1749859757/dash_h264.mpd?t=1757000620', 'https://video.akamai.steamstatic.com/store_trailers/570/116737/313addee2092d0bd6f538d164610061ea8bbe79c/1749859757/hls_264_master.m3u8?t=1757000620', true, NOW(), NOW());
INSERT INTO game_media (game_id, media_id, name, thumbnail, webm, mp4, dash_av1, dash_h264, hls_h264, highlight, created_at, updated_at) VALUES (2, 256819789, 'Dota 2 - Sizzle Reel', 'https://shared.akamai.steamstatic.com/store_item_assets/steam/apps/256819789/movie.293x165.jpg?t=1757000623', '{\"480\":\"https:\\/\\/video.akamai.steamstatic.com\\/store_trailers\\/256819789\\/movie480_vp9.webm?t=1757000623\",\"max\":\"https:\\/\\/video.akamai.steamstatic.com\\/store_trailers\\/256819789\\/movie_max_vp9.webm?t=1757000623\"}', '{\"480\":\"https:\\/\\/video.akamai.steamstatic.com\\/store_trailers\\/256819789\\/movie480.mp4?t=1757000623\",\"max\":\"https:\\/\\/video.akamai.steamstatic.com\\/store_trailers\\/256819789\\/movie_max.mp4?t=1757000623\"}', 'https://video.akamai.steamstatic.com/store_trailers/570/343440/a4bddad5bacce0e8395f7458ef4d8d9bad3efca9/1749859790/dash_av1.mpd?t=1757000623', 'https://video.akamai.steamstatic.com/store_trailers/570/343440/a4bddad5bacce0e8395f7458ef4d8d9bad3efca9/1749859790/dash_h264.mpd?t=1757000623', 'https://video.akamai.steamstatic.com/store_trailers/570/343440/a4bddad5bacce0e8395f7458ef4d8d9bad3efca9/1749859790/hls_264_master.m3u8?t=1757000623', true, NOW(), NOW());
INSERT INTO game_media (game_id, media_id, name, thumbnail, webm, mp4, dash_av1, dash_h264, hls_h264, highlight, created_at, updated_at) VALUES (2, 2028243, 'Dota 2 - The Greeviling', 'https://shared.akamai.steamstatic.com/store_item_assets/steam/apps/2028243/movie.293x165.jpg?t=1757000628', '{\"480\":\"https:\\/\\/video.akamai.steamstatic.com\\/store_trailers\\/2028243\\/movie480.webm?t=1757000628\",\"max\":\"https:\\/\\/video.akamai.steamstatic.com\\/store_trailers\\/2028243\\/movie_max.webm?t=1757000628\"}', '{\"480\":\"https:\\/\\/video.akamai.steamstatic.com\\/store_trailers\\/2028243\\/movie480.mp4?t=1757000628\",\"max\":\"https:\\/\\/video.akamai.steamstatic.com\\/store_trailers\\/2028243\\/movie_max.mp4?t=1757000628\"}', 'https://video.akamai.steamstatic.com/store_trailers/570/10127/a886b09aeea73e11d5c7305afa4e68698976808c/1749859753/dash_av1.mpd?t=1757000628', 'https://video.akamai.steamstatic.com/store_trailers/570/10127/a886b09aeea73e11d5c7305afa4e68698976808c/1749859753/dash_h264.mpd?t=1757000628', 'https://video.akamai.steamstatic.com/store_trailers/570/10127/a886b09aeea73e11d5c7305afa4e68698976808c/1749859753/hls_264_master.m3u8?t=1757000628', false, NOW(), NOW());
INSERT INTO game_media (game_id, media_id, name, thumbnail, webm, mp4, dash_av1, dash_h264, hls_h264, highlight, created_at, updated_at) VALUES (2, 81026, 'Dota 2 Gamescom Trailer', 'https://shared.akamai.steamstatic.com/store_item_assets/steam/apps/81026/movie.293x165.jpg?t=1757000632', '{\"480\":\"https:\\/\\/video.akamai.steamstatic.com\\/store_trailers\\/81026\\/movie480.webm?t=1757000632\",\"max\":\"https:\\/\\/video.akamai.steamstatic.com\\/store_trailers\\/81026\\/movie_max.webm?t=1757000632\"}', '{\"480\":\"https:\\/\\/video.akamai.steamstatic.com\\/store_trailers\\/81026\\/movie480.mp4?t=1757000632\",\"max\":\"https:\\/\\/video.akamai.steamstatic.com\\/store_trailers\\/81026\\/movie_max.mp4?t=1757000632\"}', 'https://video.akamai.steamstatic.com/store_trailers/570/5608/1f6692ca2b124c7ebdbea6933d1503172d53efd1/1749859891/dash_av1.mpd?t=1757000632', 'https://video.akamai.steamstatic.com/store_trailers/570/5608/1f6692ca2b124c7ebdbea6933d1503172d53efd1/1749859891/dash_h264.mpd?t=1757000632', 'https://video.akamai.steamstatic.com/store_trailers/570/5608/1f6692ca2b124c7ebdbea6933d1503172d53efd1/1749859891/hls_264_master.m3u8?t=1757000632', false, NOW(), NOW());
INSERT INTO game_media (game_id, media_id, name, thumbnail, webm, mp4, dash_av1, dash_h264, hls_h264, highlight, created_at, updated_at) VALUES (2, 2040250, 'Dota 2 Reborn - Custom Games Are Here', 'https://shared.akamai.steamstatic.com/store_item_assets/steam/apps/2040250/movie.293x165.jpg?t=1757000634', '{\"480\":\"https:\\/\\/video.akamai.steamstatic.com\\/store_trailers\\/2040250\\/movie480.webm?t=1757000634\",\"max\":\"https:\\/\\/video.akamai.steamstatic.com\\/store_trailers\\/2040250\\/movie_max.webm?t=1757000634\"}', '{\"480\":\"https:\\/\\/video.akamai.steamstatic.com\\/store_trailers\\/2040250\\/movie480.mp4?t=1757000634\",\"max\":\"https:\\/\\/video.akamai.steamstatic.com\\/store_trailers\\/2040250\\/movie_max.mp4?t=1757000634\"}', 'https://video.akamai.steamstatic.com/store_trailers/570/38097/c214c04b3ebc010db5db67457efc38b5a994d901/1749859753/dash_av1.mpd?t=1757000634', 'https://video.akamai.steamstatic.com/store_trailers/570/38097/c214c04b3ebc010db5db67457efc38b5a994d901/1749859753/dash_h264.mpd?t=1757000634', 'https://video.akamai.steamstatic.com/store_trailers/570/38097/c214c04b3ebc010db5db67457efc38b5a994d901/1749859753/hls_264_master.m3u8?t=1757000634', false, NOW(), NOW());
INSERT INTO game_category (game_id, category_id, created_at, updated_at) VALUES (2, 24, NOW(), NOW());
INSERT INTO game_category (game_id, category_id, created_at, updated_at) VALUES (2, 7, NOW(), NOW());
INSERT INTO game_category (game_id, category_id, created_at, updated_at) VALUES (2, 45, NOW(), NOW());
INSERT INTO game_category (game_id, category_id, created_at, updated_at) VALUES (2, 47, NOW(), NOW());
INSERT INTO game_category (game_id, category_id, created_at, updated_at) VALUES (2, 48, NOW(), NOW());
INSERT INTO game_category (game_id, category_id, created_at, updated_at) VALUES (2, 16, NOW(), NOW());
INSERT INTO game_category (game_id, category_id, created_at, updated_at) VALUES (2, 3, NOW(), NOW());
INSERT INTO game_category (game_id, category_id, created_at, updated_at) VALUES (2, 8, NOW(), NOW());
INSERT INTO game_category (game_id, category_id, created_at, updated_at) VALUES (2, 11, NOW(), NOW());
INSERT INTO game_category (game_id, category_id, created_at, updated_at) VALUES (2, 54, NOW(), NOW());
INSERT INTO game_category (game_id, category_id, created_at, updated_at) VALUES (2, 44, NOW(), NOW());
INSERT INTO game_genre (game_id, genre_id, created_at, updated_at) VALUES (2, 1, NOW(), NOW());
INSERT INTO game_genre (game_id, genre_id, created_at, updated_at) VALUES (2, 18, NOW(), NOW());
INSERT INTO game_genre (game_id, genre_id, created_at, updated_at) VALUES (2, 9, NOW(), NOW());
INSERT INTO game_developer (game_id, developer_id, created_at, updated_at) VALUES (2, 107, NOW(), NOW());
INSERT INTO game_publisher (game_id, publisher_id, created_at, updated_at) VALUES (2, 82, NOW(), NOW());

-- Game #3: Team Fortress 2
INSERT INTO games (id, steam_id, name, type, slug, short_description, required_age, is_free, have_dlc, icon, supported_languages, release_date, coming_soon, recommendations, achievements_count, positive_reviews, negative_reviews, total_reviews, positive_ratio, content_descriptors, is_active, created_at, updated_at) VALUES (3, 440, 'Team Fortress 2', 'game', 'team-fortress-2', 'Nine distinct classes provide a broad range of tactical abilities and personalities. Constantly updated with new game modes, maps, equipment and, most importantly, hats!', 0, true, true, 'https://shared.akamai.steamstatic.com/store_item_assets/steam/apps/440/header.jpg?t=1757348372', '[\"English *\",\"Danish\",\"Dutch\",\"Finnish\",\"French\",\"German\",\"Italian\",\"Japanese\",\"Norwegian\",\"Polish\",\"Portuguese - Portugal\",\"Russian\",\"Simplified Chinese\",\"Spanish - Spain\",\"Swedish\",\"Traditional Chinese\",\"Korean\",\"Czech\",\"Hungarian\",\"Portuguese - Brazil\",\"Turkish\",\"Greek\",\"Bulgarian\",\"Romanian\",\"Thai\",\"Ukrainian\",\"Spanish - Latin America * languages with full audio support\"]', '2007-10-10', false, 44357, 520, 207, 93, 300, 0.69, '{\"ids\":[],\"notes\":null}', true, NOW(), NOW());
INSERT INTO game_platforms (game_id, windows, mac, linux, created_at, updated_at) VALUES (3, true, false, true, NOW(), NOW());
INSERT INTO game_requirements (game_id, pc_requirements, mac_requirements, linux_requirements, created_at, updated_at) VALUES (3, 'Minimum: OS *: Windows® 7 (32/64-bit)/Vista/XP Processor: 1.7 GHz Processor or better Memory: 512 MB RAM DirectX: Version 8.1 Network: Broadband Internet connection Storage: 15 GB available space', 'Minimum: OS: OS X version Leopard 10.5.8 and above Processor: 1.7 GHz Processor or better Memory: 1 GB RAM Graphics: NVIDIA GeForce 8 or higher, ATI X1600 or higher, Intel HD 3000 or higher Network: Broadband Internet connection Storage: 15 GB available space', 'Minimum: OS: Ubuntu 12.04 Processor: Dual core from Intel or AMD at 2.8 GHz Memory: 1 GB RAM Graphics: nVidia GeForce 8600/9600GT, ATI/AMD Radeon HD2600/3600 (Graphic Drivers: nVidia 310, AMD 12.11), OpenGL 2.1 Network: Broadband Internet connection Storage: 15 GB available space Sound Card: OpenAL Compatible Sound Card', NOW(), NOW());
INSERT INTO game_community_ratings (game_id, toxicity_rate, cheater_rate, bug_rate, microtransaction_rate, bad_optimization_rate, not_recommended_rate, created_at, updated_at) VALUES (3, 0.105, 0.088, 0.035, 0.024, 0.035, 0.068, NOW(), NOW());
INSERT INTO game_media (game_id, media_id, name, thumbnail, webm, mp4, dash_av1, dash_h264, hls_h264, highlight, created_at, updated_at) VALUES (3, 256698790, 'Jungle Inferno', 'https://shared.akamai.steamstatic.com/store_item_assets/steam/apps/256698790/movie.293x165.jpg?t=1682961253', '{\"480\":\"https:\\/\\/video.akamai.steamstatic.com\\/store_trailers\\/256698790\\/movie480.webm?t=1682961253\",\"max\":\"https:\\/\\/video.akamai.steamstatic.com\\/store_trailers\\/256698790\\/movie_max.webm?t=1682961253\"}', '{\"480\":\"https:\\/\\/video.akamai.steamstatic.com\\/store_trailers\\/256698790\\/movie480.mp4?t=1682961253\",\"max\":\"https:\\/\\/video.akamai.steamstatic.com\\/store_trailers\\/256698790\\/movie_max.mp4?t=1682961253\"}', 'https://video.akamai.steamstatic.com/store_trailers/440/129304/a9d97ffaf28cac468369400c12abe442a7b688b2/1749861261/dash_av1.mpd?t=1682961253', 'https://video.akamai.steamstatic.com/store_trailers/440/129304/a9d97ffaf28cac468369400c12abe442a7b688b2/1749861261/dash_h264.mpd?t=1682961253', 'https://video.akamai.steamstatic.com/store_trailers/440/129304/a9d97ffaf28cac468369400c12abe442a7b688b2/1749861261/hls_264_master.m3u8?t=1682961253', true, NOW(), NOW());
INSERT INTO game_media (game_id, media_id, name, thumbnail, webm, mp4, dash_av1, dash_h264, hls_h264, highlight, created_at, updated_at) VALUES (3, 931, 'Team Fortress 2 Trailer 2', 'https://shared.akamai.steamstatic.com/store_item_assets/steam/apps/931/movie.jpg?t=1682961246', '{\"480\":\"https:\\/\\/video.akamai.steamstatic.com\\/store_trailers\\/931\\/movie480.webm?t=1682961246\",\"max\":\"https:\\/\\/video.akamai.steamstatic.com\\/store_trailers\\/931\\/movie_max.webm?t=1682961246\"}', '{\"480\":\"https:\\/\\/video.akamai.steamstatic.com\\/store_trailers\\/931\\/movie480.mp4?t=1682961246\",\"max\":\"https:\\/\\/video.akamai.steamstatic.com\\/store_trailers\\/931\\/movie_max.mp4?t=1682961246\"}', 'https://video.akamai.steamstatic.com/store_trailers/440/393/c904e24c94bdea912a900a3210da17e2d7d64fe9/1749861208/dash_av1.mpd?t=1682961246', 'https://video.akamai.steamstatic.com/store_trailers/440/393/c904e24c94bdea912a900a3210da17e2d7d64fe9/1749861208/dash_h264.mpd?t=1682961246', 'https://video.akamai.steamstatic.com/store_trailers/440/393/c904e24c94bdea912a900a3210da17e2d7d64fe9/1749861208/hls_264_master.m3u8?t=1682961246', false, NOW(), NOW());
INSERT INTO game_media (game_id, media_id, name, thumbnail, webm, mp4, dash_av1, dash_h264, hls_h264, highlight, created_at, updated_at) VALUES (3, 2030252, 'Mann vs. Machine - The Sound of Medicine', 'https://shared.akamai.steamstatic.com/store_item_assets/steam/apps/2030252/movie.293x165.jpg?t=1682961260', '{\"480\":\"https:\\/\\/video.akamai.steamstatic.com\\/store_trailers\\/2030252\\/movie480.webm?t=1682961260\",\"max\":\"https:\\/\\/video.akamai.steamstatic.com\\/store_trailers\\/2030252\\/movie_max.webm?t=1682961260\"}', '{\"480\":\"https:\\/\\/video.akamai.steamstatic.com\\/store_trailers\\/2030252\\/movie480.mp4?t=1682961260\",\"max\":\"https:\\/\\/video.akamai.steamstatic.com\\/store_trailers\\/2030252\\/movie_max.mp4?t=1682961260\"}', 'https://video.akamai.steamstatic.com/store_trailers/440/15532/067441b3fb41b75e0293c99aef6ae9bbb3a9fa79/1749861261/dash_av1.mpd?t=1682961260', 'https://video.akamai.steamstatic.com/store_trailers/440/15532/067441b3fb41b75e0293c99aef6ae9bbb3a9fa79/1749861261/dash_h264.mpd?t=1682961260', 'https://video.akamai.steamstatic.com/store_trailers/440/15532/067441b3fb41b75e0293c99aef6ae9bbb3a9fa79/1749861261/hls_264_master.m3u8?t=1682961260', false, NOW(), NOW());
INSERT INTO game_media (game_id, media_id, name, thumbnail, webm, mp4, dash_av1, dash_h264, hls_h264, highlight, created_at, updated_at) VALUES (3, 81943, 'Mann vs Machine_Trailer', 'https://shared.akamai.steamstatic.com/store_item_assets/steam/apps/81943/movie.293x165.jpg?t=1682961267', '{\"480\":\"https:\\/\\/video.akamai.steamstatic.com\\/store_trailers\\/81943\\/movie480.webm?t=1682961267\",\"max\":\"https:\\/\\/video.akamai.steamstatic.com\\/store_trailers\\/81943\\/movie_max.webm?t=1682961267\"}', '{\"480\":\"https:\\/\\/video.akamai.steamstatic.com\\/store_trailers\\/81943\\/movie480.mp4?t=1682961267\",\"max\":\"https:\\/\\/video.akamai.steamstatic.com\\/store_trailers\\/81943\\/movie_max.mp4?t=1682961267\"}', 'https://video.akamai.steamstatic.com/store_trailers/440/8728/9f6212e66778d59b79fdb8ba0da36592b15c0524/1749861261/dash_av1.mpd?t=1682961267', 'https://video.akamai.steamstatic.com/store_trailers/440/8728/9f6212e66778d59b79fdb8ba0da36592b15c0524/1749861261/dash_h264.mpd?t=1682961267', 'https://video.akamai.steamstatic.com/store_trailers/440/8728/9f6212e66778d59b79fdb8ba0da36592b15c0524/1749861261/hls_264_master.m3u8?t=1682961267', false, NOW(), NOW());
INSERT INTO game_media (game_id, media_id, name, thumbnail, webm, mp4, dash_av1, dash_h264, hls_h264, highlight, created_at, updated_at) VALUES (3, 81800, 'Meet the Pyro - TF2', 'https://shared.akamai.steamstatic.com/store_item_assets/steam/apps/81800/movie.293x165.jpg?t=1682961275', '{\"480\":\"https:\\/\\/video.akamai.steamstatic.com\\/store_trailers\\/81800\\/movie480.webm?t=1682961275\",\"max\":\"https:\\/\\/video.akamai.steamstatic.com\\/store_trailers\\/81800\\/movie_max.webm?t=1682961275\"}', '{\"480\":\"https:\\/\\/video.akamai.steamstatic.com\\/store_trailers\\/81800\\/movie480.mp4?t=1682961275\",\"max\":\"https:\\/\\/video.akamai.steamstatic.com\\/store_trailers\\/81800\\/movie_max.mp4?t=1682961275\"}', 'https://video.akamai.steamstatic.com/store_trailers/440/8042/e45b0680102774b5cbb2267485902f82cf22cb81/1749861261/dash_av1.mpd?t=1682961275', 'https://video.akamai.steamstatic.com/store_trailers/440/8042/e45b0680102774b5cbb2267485902f82cf22cb81/1749861261/dash_h264.mpd?t=1682961275', 'https://video.akamai.steamstatic.com/store_trailers/440/8042/e45b0680102774b5cbb2267485902f82cf22cb81/1749861261/hls_264_master.m3u8?t=1682961275', false, NOW(), NOW());
INSERT INTO game_media (game_id, media_id, name, thumbnail, webm, mp4, dash_av1, dash_h264, hls_h264, highlight, created_at, updated_at) VALUES (3, 80923, 'Team Fortress 2: Meet The Medic', 'https://shared.akamai.steamstatic.com/store_item_assets/steam/apps/80923/movie.293x165.jpg?t=1682961282', '{\"480\":\"https:\\/\\/video.akamai.steamstatic.com\\/store_trailers\\/80923\\/movie480.webm?t=1682961282\",\"max\":\"https:\\/\\/video.akamai.steamstatic.com\\/store_trailers\\/80923\\/movie_max.webm?t=1682961282\"}', '{\"480\":\"https:\\/\\/video.akamai.steamstatic.com\\/store_trailers\\/80923\\/movie480.mp4?t=1682961282\",\"max\":\"https:\\/\\/video.akamai.steamstatic.com\\/store_trailers\\/80923\\/movie_max.mp4?t=1682961282\"}', 'https://video.akamai.steamstatic.com/store_trailers/440/5315/34a447d612add6cf1efb2bc08bec63ae3ec0c65b/1749861261/dash_av1.mpd?t=1682961282', 'https://video.akamai.steamstatic.com/store_trailers/440/5315/34a447d612add6cf1efb2bc08bec63ae3ec0c65b/1749861261/dash_h264.mpd?t=1682961282', 'https://video.akamai.steamstatic.com/store_trailers/440/5315/34a447d612add6cf1efb2bc08bec63ae3ec0c65b/1749861261/hls_264_master.m3u8?t=1682961282', false, NOW(), NOW());
INSERT INTO game_media (game_id, media_id, name, thumbnail, webm, mp4, dash_av1, dash_h264, hls_h264, highlight, created_at, updated_at) VALUES (3, 80924, 'Team Fortress 2 Free to Play', 'https://shared.akamai.steamstatic.com/store_item_assets/steam/apps/80924/movie.293x165.jpg?t=1682961289', '{\"480\":\"https:\\/\\/video.akamai.steamstatic.com\\/store_trailers\\/80924\\/movie480.webm?t=1682961289\",\"max\":\"https:\\/\\/video.akamai.steamstatic.com\\/store_trailers\\/80924\\/movie_max.webm?t=1682961289\"}', '{\"480\":\"https:\\/\\/video.akamai.steamstatic.com\\/store_trailers\\/80924\\/movie480.mp4?t=1682961289\",\"max\":\"https:\\/\\/video.akamai.steamstatic.com\\/store_trailers\\/80924\\/movie_max.mp4?t=1682961289\"}', 'https://video.akamai.steamstatic.com/store_trailers/440/5317/b6350222ba223e970f35b60b99d241ad1eb88a4a/1749861261/dash_av1.mpd?t=1682961289', 'https://video.akamai.steamstatic.com/store_trailers/440/5317/b6350222ba223e970f35b60b99d241ad1eb88a4a/1749861261/dash_h264.mpd?t=1682961289', 'https://video.akamai.steamstatic.com/store_trailers/440/5317/b6350222ba223e970f35b60b99d241ad1eb88a4a/1749861261/hls_264_master.m3u8?t=1682961289', false, NOW(), NOW());
INSERT INTO game_media (game_id, media_id, name, thumbnail, webm, mp4, dash_av1, dash_h264, hls_h264, highlight, created_at, updated_at) VALUES (3, 5734, 'TF2 Mac Trailer', 'https://shared.akamai.steamstatic.com/store_item_assets/steam/apps/5734/movie.293x165.jpg?t=1682961296', '{\"480\":\"https:\\/\\/video.akamai.steamstatic.com\\/store_trailers\\/5734\\/movie480.webm?t=1682961296\",\"max\":\"https:\\/\\/video.akamai.steamstatic.com\\/store_trailers\\/5734\\/movie_max.webm?t=1682961296\"}', '{\"480\":\"https:\\/\\/video.akamai.steamstatic.com\\/store_trailers\\/5734\\/movie480.mp4?t=1682961296\",\"max\":\"https:\\/\\/video.akamai.steamstatic.com\\/store_trailers\\/5734\\/movie_max.mp4?t=1682961296\"}', 'https://video.akamai.steamstatic.com/store_trailers/440/3657/38c00dc446deb086e0bf0e37dced7b322b2be179/1749861257/dash_av1.mpd?t=1682961296', 'https://video.akamai.steamstatic.com/store_trailers/440/3657/38c00dc446deb086e0bf0e37dced7b322b2be179/1749861257/dash_h264.mpd?t=1682961296', 'https://video.akamai.steamstatic.com/store_trailers/440/3657/38c00dc446deb086e0bf0e37dced7b322b2be179/1749861257/hls_264_master.m3u8?t=1682961296', false, NOW(), NOW());
INSERT INTO game_media (game_id, media_id, name, thumbnail, webm, mp4, dash_av1, dash_h264, hls_h264, highlight, created_at, updated_at) VALUES (3, 923, 'Team Fortress 2 Trailer', 'https://shared.akamai.steamstatic.com/store_item_assets/steam/apps/923/movie.jpg?t=1682961303', '{\"480\":\"https:\\/\\/video.akamai.steamstatic.com\\/store_trailers\\/923\\/movie480.webm?t=1682961303\",\"max\":\"https:\\/\\/video.akamai.steamstatic.com\\/store_trailers\\/923\\/movie_max.webm?t=1682961303\"}', '{\"480\":\"https:\\/\\/video.akamai.steamstatic.com\\/store_trailers\\/923\\/movie480.mp4?t=1682961303\",\"max\":\"https:\\/\\/video.akamai.steamstatic.com\\/store_trailers\\/923\\/movie_max.mp4?t=1682961303\"}', 'https://video.akamai.steamstatic.com/store_trailers/440/337/73d48cf3822ec20542eae592e36e42a80e287156/1749861207/dash_av1.mpd?t=1682961303', 'https://video.akamai.steamstatic.com/store_trailers/440/337/73d48cf3822ec20542eae592e36e42a80e287156/1749861207/dash_h264.mpd?t=1682961303', 'https://video.akamai.steamstatic.com/store_trailers/440/337/73d48cf3822ec20542eae592e36e42a80e287156/1749861207/hls_264_master.m3u8?t=1682961303', false, NOW(), NOW());
INSERT INTO game_media (game_id, media_id, name, thumbnail, webm, mp4, dash_av1, dash_h264, hls_h264, highlight, created_at, updated_at) VALUES (3, 960, 'Team Fortress 2: Meet the Heavy', 'https://shared.akamai.steamstatic.com/store_item_assets/steam/apps/960/movie.jpg?t=1682961310', '{\"480\":\"https:\\/\\/video.akamai.steamstatic.com\\/store_trailers\\/960\\/movie480.webm?t=1682961310\",\"max\":\"https:\\/\\/video.akamai.steamstatic.com\\/store_trailers\\/960\\/movie_max.webm?t=1682961310\"}', '{\"480\":\"https:\\/\\/video.akamai.steamstatic.com\\/store_trailers\\/960\\/movie480.mp4?t=1682961310\",\"max\":\"https:\\/\\/video.akamai.steamstatic.com\\/store_trailers\\/960\\/movie_max.mp4?t=1682961310\"}', 'https://video.akamai.steamstatic.com/store_trailers/440/618/4582926c6061a224556bf6a984d270e15137ed3a/1749861208/dash_av1.mpd?t=1682961310', 'https://video.akamai.steamstatic.com/store_trailers/440/618/4582926c6061a224556bf6a984d270e15137ed3a/1749861208/dash_h264.mpd?t=1682961310', 'https://video.akamai.steamstatic.com/store_trailers/440/618/4582926c6061a224556bf6a984d270e15137ed3a/1749861208/hls_264_master.m3u8?t=1682961310', false, NOW(), NOW());
INSERT INTO game_media (game_id, media_id, name, thumbnail, webm, mp4, dash_av1, dash_h264, hls_h264, highlight, created_at, updated_at) VALUES (3, 985, 'Team Fortress 2: Meet the Soldier (English)', 'https://shared.akamai.steamstatic.com/store_item_assets/steam/apps/985/movie.jpg?t=1682961318', '{\"480\":\"https:\\/\\/video.akamai.steamstatic.com\\/store_trailers\\/985\\/movie480.webm?t=1682961318\",\"max\":\"https:\\/\\/video.akamai.steamstatic.com\\/store_trailers\\/985\\/movie_max.webm?t=1682961318\"}', '{\"480\":\"https:\\/\\/video.akamai.steamstatic.com\\/store_trailers\\/985\\/movie480.mp4?t=1682961318\",\"max\":\"https:\\/\\/video.akamai.steamstatic.com\\/store_trailers\\/985\\/movie_max.mp4?t=1682961318\"}', 'https://video.akamai.steamstatic.com/store_trailers/440/772/d18f06225ffe63bc2a32866f96c9a540c0d3c0a3/1749861209/dash_av1.mpd?t=1682961318', 'https://video.akamai.steamstatic.com/store_trailers/440/772/d18f06225ffe63bc2a32866f96c9a540c0d3c0a3/1749861209/dash_h264.mpd?t=1682961318', 'https://video.akamai.steamstatic.com/store_trailers/440/772/d18f06225ffe63bc2a32866f96c9a540c0d3c0a3/1749861209/hls_264_master.m3u8?t=1682961318', false, NOW(), NOW());
INSERT INTO game_media (game_id, media_id, name, thumbnail, webm, mp4, dash_av1, dash_h264, hls_h264, highlight, created_at, updated_at) VALUES (3, 987, 'Team Fortress 2: Meet the Engineer', 'https://shared.akamai.steamstatic.com/store_item_assets/steam/apps/987/movie.jpg?t=1682961325', '{\"480\":\"https:\\/\\/video.akamai.steamstatic.com\\/store_trailers\\/987\\/movie480.webm?t=1682961325\",\"max\":\"https:\\/\\/video.akamai.steamstatic.com\\/store_trailers\\/987\\/movie_max.webm?t=1682961325\"}', '{\"480\":\"https:\\/\\/video.akamai.steamstatic.com\\/store_trailers\\/987\\/movie480.mp4?t=1682961325\",\"max\":\"https:\\/\\/video.akamai.steamstatic.com\\/store_trailers\\/987\\/movie_max.mp4?t=1682961325\"}', 'https://video.akamai.steamstatic.com/store_trailers/440/797/9dc70246e050342cbacaffb9662c7a1d3176b829/1749861212/dash_av1.mpd?t=1682961325', 'https://video.akamai.steamstatic.com/store_trailers/440/797/9dc70246e050342cbacaffb9662c7a1d3176b829/1749861212/dash_h264.mpd?t=1682961325', 'https://video.akamai.steamstatic.com/store_trailers/440/797/9dc70246e050342cbacaffb9662c7a1d3176b829/1749861212/hls_264_master.m3u8?t=1682961325', false, NOW(), NOW());
INSERT INTO game_media (game_id, media_id, name, thumbnail, webm, mp4, dash_av1, dash_h264, hls_h264, highlight, created_at, updated_at) VALUES (3, 997, 'Team Fortress 2: Meet the Demoman', 'https://shared.akamai.steamstatic.com/store_item_assets/steam/apps/997/movie.jpg?t=1682961340', '{\"480\":\"https:\\/\\/video.akamai.steamstatic.com\\/store_trailers\\/997\\/movie480.webm?t=1682961340\",\"max\":\"https:\\/\\/video.akamai.steamstatic.com\\/store_trailers\\/997\\/movie_max.webm?t=1682961340\"}', '{\"480\":\"https:\\/\\/video.akamai.steamstatic.com\\/store_trailers\\/997\\/movie480.mp4?t=1682961340\",\"max\":\"https:\\/\\/video.akamai.steamstatic.com\\/store_trailers\\/997\\/movie_max.mp4?t=1682961340\"}', 'https://video.akamai.steamstatic.com/store_trailers/440/840/bc4fcc2db331bbd1072f7602ebf1458c7efd642d/1749861212/dash_av1.mpd?t=1682961340', 'https://video.akamai.steamstatic.com/store_trailers/440/840/bc4fcc2db331bbd1072f7602ebf1458c7efd642d/1749861212/dash_h264.mpd?t=1682961340', 'https://video.akamai.steamstatic.com/store_trailers/440/840/bc4fcc2db331bbd1072f7602ebf1458c7efd642d/1749861212/hls_264_master.m3u8?t=1682961340', false, NOW(), NOW());
INSERT INTO game_media (game_id, media_id, name, thumbnail, webm, mp4, dash_av1, dash_h264, hls_h264, highlight, created_at, updated_at) VALUES (3, 5032, 'Team Fortress 2: Meet the Scout (English)', 'https://shared.akamai.steamstatic.com/store_item_assets/steam/apps/5032/movie.jpg?t=1682961362', '{\"480\":\"https:\\/\\/video.akamai.steamstatic.com\\/store_trailers\\/5032\\/movie480.webm?t=1682961362\",\"max\":\"https:\\/\\/video.akamai.steamstatic.com\\/store_trailers\\/5032\\/movie_max.webm?t=1682961362\"}', '{\"480\":\"https:\\/\\/video.akamai.steamstatic.com\\/store_trailers\\/5032\\/movie480.mp4?t=1682961362\",\"max\":\"https:\\/\\/video.akamai.steamstatic.com\\/store_trailers\\/5032\\/movie_max.mp4?t=1682961362\"}', 'https://video.akamai.steamstatic.com/store_trailers/440/1039/daf37ed6e825e0778d4aced69887364a2cbaf899/1749861212/dash_av1.mpd?t=1682961362', 'https://video.akamai.steamstatic.com/store_trailers/440/1039/daf37ed6e825e0778d4aced69887364a2cbaf899/1749861212/dash_h264.mpd?t=1682961362', 'https://video.akamai.steamstatic.com/store_trailers/440/1039/daf37ed6e825e0778d4aced69887364a2cbaf899/1749861212/hls_264_master.m3u8?t=1682961362', false, NOW(), NOW());
INSERT INTO game_media (game_id, media_id, name, thumbnail, webm, mp4, dash_av1, dash_h264, hls_h264, highlight, created_at, updated_at) VALUES (3, 5051, 'Team Fortress 2: Meet the Sniper', 'https://shared.akamai.steamstatic.com/store_item_assets/steam/apps/5051/movie.293x165.jpg?t=1682961398', '{\"480\":\"https:\\/\\/video.akamai.steamstatic.com\\/store_trailers\\/5051\\/movie480.webm?t=1682961398\",\"max\":\"https:\\/\\/video.akamai.steamstatic.com\\/store_trailers\\/5051\\/movie_max.webm?t=1682961398\"}', '{\"480\":\"https:\\/\\/video.akamai.steamstatic.com\\/store_trailers\\/5051\\/movie480.mp4?t=1682961398\",\"max\":\"https:\\/\\/video.akamai.steamstatic.com\\/store_trailers\\/5051\\/movie_max.mp4?t=1682961398\"}', 'https://video.akamai.steamstatic.com/store_trailers/440/1147/f85ffc0d4fb811b628e67f3e13f62f2b4010200a/1749861247/dash_av1.mpd?t=1682961398', 'https://video.akamai.steamstatic.com/store_trailers/440/1147/f85ffc0d4fb811b628e67f3e13f62f2b4010200a/1749861247/dash_h264.mpd?t=1682961398', 'https://video.akamai.steamstatic.com/store_trailers/440/1147/f85ffc0d4fb811b628e67f3e13f62f2b4010200a/1749861247/hls_264_master.m3u8?t=1682961398', false, NOW(), NOW());
INSERT INTO game_media (game_id, media_id, name, thumbnail, webm, mp4, dash_av1, dash_h264, hls_h264, highlight, created_at, updated_at) VALUES (3, 5073, 'Team Fortress 2: Meet the Sandvich', 'https://shared.akamai.steamstatic.com/store_item_assets/steam/apps/5073/movie.jpg?t=1682961450', '{\"480\":\"https:\\/\\/video.akamai.steamstatic.com\\/store_trailers\\/5073\\/movie480.webm?t=1682961450\",\"max\":\"https:\\/\\/video.akamai.steamstatic.com\\/store_trailers\\/5073\\/movie_max.webm?t=1682961450\"}', '{\"480\":\"https:\\/\\/video.akamai.steamstatic.com\\/store_trailers\\/5073\\/movie480.mp4?t=1682961450\",\"max\":\"https:\\/\\/video.akamai.steamstatic.com\\/store_trailers\\/5073\\/movie_max.mp4?t=1682961450\"}', 'https://video.akamai.steamstatic.com/store_trailers/440/1263/dee0914b228d28ac72b94cbbe9055c1d20328297/1749861247/dash_av1.mpd?t=1682961450', 'https://video.akamai.steamstatic.com/store_trailers/440/1263/dee0914b228d28ac72b94cbbe9055c1d20328297/1749861247/dash_h264.mpd?t=1682961450', 'https://video.akamai.steamstatic.com/store_trailers/440/1263/dee0914b228d28ac72b94cbbe9055c1d20328297/1749861247/hls_264_master.m3u8?t=1682961450', false, NOW(), NOW());
INSERT INTO game_media (game_id, media_id, name, thumbnail, webm, mp4, dash_av1, dash_h264, hls_h264, highlight, created_at, updated_at) VALUES (3, 5260, 'Team Fortress 2: Meet the Spy', 'https://shared.akamai.steamstatic.com/store_item_assets/steam/apps/5260/movie.293x165.jpg?t=1682961477', '{\"480\":\"https:\\/\\/video.akamai.steamstatic.com\\/store_trailers\\/5260\\/movie480.webm?t=1682961477\",\"max\":\"https:\\/\\/video.akamai.steamstatic.com\\/store_trailers\\/5260\\/movie_max.webm?t=1682961477\"}', '{\"480\":\"https:\\/\\/video.akamai.steamstatic.com\\/store_trailers\\/5260\\/movie480.mp4?t=1682961477\",\"max\":\"https:\\/\\/video.akamai.steamstatic.com\\/store_trailers\\/5260\\/movie_max.mp4?t=1682961477\"}', 'https://video.akamai.steamstatic.com/store_trailers/440/1970/cff2e5d153164aeba36757d0d801f9e2ac97dcfc/1749861404/dash_av1.mpd?t=1682961477', 'https://video.akamai.steamstatic.com/store_trailers/440/1970/cff2e5d153164aeba36757d0d801f9e2ac97dcfc/1749861404/dash_h264.mpd?t=1682961477', 'https://video.akamai.steamstatic.com/store_trailers/440/1970/cff2e5d153164aeba36757d0d801f9e2ac97dcfc/1749861404/hls_264_master.m3u8?t=1682961477', false, NOW(), NOW());
INSERT INTO game_category (game_id, category_id, created_at, updated_at) VALUES (3, 24, NOW(), NOW());
INSERT INTO game_category (game_id, category_id, created_at, updated_at) VALUES (3, 10, NOW(), NOW());
INSERT INTO game_category (game_id, category_id, created_at, updated_at) VALUES (3, 41, NOW(), NOW());
INSERT INTO game_category (game_id, category_id, created_at, updated_at) VALUES (3, 45, NOW(), NOW());
INSERT INTO game_category (game_id, category_id, created_at, updated_at) VALUES (3, 4, NOW(), NOW());
INSERT INTO game_category (game_id, category_id, created_at, updated_at) VALUES (3, 47, NOW(), NOW());
INSERT INTO game_category (game_id, category_id, created_at, updated_at) VALUES (3, 16, NOW(), NOW());
INSERT INTO game_category (game_id, category_id, created_at, updated_at) VALUES (3, 3, NOW(), NOW());
INSERT INTO game_category (game_id, category_id, created_at, updated_at) VALUES (3, 8, NOW(), NOW());
INSERT INTO game_category (game_id, category_id, created_at, updated_at) VALUES (3, 11, NOW(), NOW());
INSERT INTO game_category (game_id, category_id, created_at, updated_at) VALUES (3, 49, NOW(), NOW());
INSERT INTO game_category (game_id, category_id, created_at, updated_at) VALUES (3, 51, NOW(), NOW());
INSERT INTO game_category (game_id, category_id, created_at, updated_at) VALUES (3, 28, NOW(), NOW());
INSERT INTO game_category (game_id, category_id, created_at, updated_at) VALUES (3, 54, NOW(), NOW());
INSERT INTO game_category (game_id, category_id, created_at, updated_at) VALUES (3, 40, NOW(), NOW());
INSERT INTO game_category (game_id, category_id, created_at, updated_at) VALUES (3, 18, NOW(), NOW());
INSERT INTO game_category (game_id, category_id, created_at, updated_at) VALUES (3, 9, NOW(), NOW());
INSERT INTO game_category (game_id, category_id, created_at, updated_at) VALUES (3, 32, NOW(), NOW());
INSERT INTO game_category (game_id, category_id, created_at, updated_at) VALUES (3, 34, NOW(), NOW());
INSERT INTO game_genre (game_id, genre_id, created_at, updated_at) VALUES (3, 1, NOW(), NOW());
INSERT INTO game_genre (game_id, genre_id, created_at, updated_at) VALUES (3, 9, NOW(), NOW());
INSERT INTO game_developer (game_id, developer_id, created_at, updated_at) VALUES (3, 107, NOW(), NOW());
INSERT INTO game_publisher (game_id, publisher_id, created_at, updated_at) VALUES (3, 82, NOW(), NOW());

-- Game #4: Grand Theft Auto V Legacy
INSERT INTO games (id, steam_id, name, type, slug, short_description, required_age, is_free, have_dlc, icon, supported_languages, release_date, coming_soon, recommendations, achievements_count, positive_reviews, negative_reviews, total_reviews, positive_ratio, content_descriptors, is_active, created_at, updated_at) VALUES (4, 271590, 'Grand Theft Auto V Legacy', 'game', 'grand-theft-auto-v-legacy', 'Grand Theft Auto V for PC offers players the option to explore the award-winning world of Los Santos and Blaine County in resolutions of up to 4k and beyond, as well as the chance to experience the game running at 60 frames per second.', 17, false, false, 'https://shared.akamai.steamstatic.com/store_item_assets/steam/apps/271590/header.jpg?t=1753979045', '[\"English *\",\"French\",\"Italian\",\"German\",\"Spanish - Spain\",\"Korean\",\"Polish\",\"Portuguese - Brazil\",\"Russian\",\"Traditional Chinese\",\"Japanese\",\"Simplified Chinese\",\"Spanish - Latin America * languages with full audio support\"]', '2015-04-13', false, 1843411, 77, 228, 72, 300, 0.76, '{\"ids\":[5],\"notes\":null}', true, NOW(), NOW());
INSERT INTO game_platforms (game_id, windows, mac, linux, created_at, updated_at) VALUES (4, true, false, false, NOW(), NOW());
INSERT INTO game_requirements (game_id, pc_requirements, mac_requirements, linux_requirements, created_at, updated_at) VALUES (4, 'Minimum: Requires a 64-bit processor and operating system OS: Windows 10 64 Bit Processor: Intel Core 2 Quad CPU Q6600 @ 2.40GHz (4 CPUs) / AMD Phenom 9850 Quad-Core Processor (4 CPUs) @ 2.5GHz Memory: 4 GB RAM Graphics: NVIDIA 9800 GT 1GB / AMD HD 4870 1GB (DX 10, 10.1, 11) Storage: 120 GB available space Sound Card: 100% DirectX 10 compatible Additional Notes: Over time downloadable content and programming changes will change the system requirements for this game. Please refer to your hardware manufacturer and for current compatibility information. Some system components such as mobile chipsets, integrated, and AGP graphics cards may be incompatible. Unlisted specifications may not be supported by publisher. Other requirements: Installation and online play requires log-in to Rockstar Games Social Club (13+) network; internet connection required for activation, online play, and periodic entitlement verification; software installations required including Rockstar Games Social Club platform, DirectX , Chromium, and Microsoft Visual C++ 2008 sp1 Redistributable Package, and authentication software that recognizes certain hardware attributes for entitlement, digital rights management, system, and other support purposes. SINGLE USE SERIAL CODE REGISTRATION VIA INTERNET REQUIRED; REGISTRATION IS LIMITED TO ONE ROCKSTAR GAMES SOCIAL CLUB ACCOUNT (13+) PER SERIAL CODE; ONLY ONE PC LOG-IN ALLOWED PER SOCIAL CLUB ACCOUNT AT ANY TIME; SERIAL CODE(S) ARE NON-TRANSFERABLE ONCE USED; SOCIAL CLUB ACCOUNTS ARE NON-TRANSFERABLE. Partner Requirements: Please check the terms of service of this site before purchasing this software.', 'Minimum:', 'Minimum:', NOW(), NOW());
INSERT INTO game_community_ratings (game_id, toxicity_rate, cheater_rate, bug_rate, microtransaction_rate, bad_optimization_rate, not_recommended_rate, created_at, updated_at) VALUES (4, 0.045, 0.061, 0.021, 0.006, 0.009, 0.018, NOW(), NOW());
INSERT INTO game_media (game_id, media_id, name, thumbnail, webm, mp4, dash_av1, dash_h264, hls_h264, highlight, created_at, updated_at) VALUES (4, 257109739, 'GTA Online: Oscar Guzman Flies Again EN ESRB', 'https://shared.akamai.steamstatic.com/store_item_assets/steam/apps/257109739/50c6c9fd9b9e3bcac594b3b46d019076faf2dc78/movie_600x337.jpg?t=1741098095', '{\"480\":\"https:\\/\\/video.akamai.steamstatic.com\\/store_trailers\\/257109739\\/movie480_vp9.webm?t=1741098095\",\"max\":\"https:\\/\\/video.akamai.steamstatic.com\\/store_trailers\\/257109739\\/movie_max_vp9.webm?t=1741098095\"}', '{\"480\":\"https:\\/\\/video.akamai.steamstatic.com\\/store_trailers\\/257109739\\/movie480.mp4?t=1741098095\",\"max\":\"https:\\/\\/video.akamai.steamstatic.com\\/store_trailers\\/257109739\\/movie_max.mp4?t=1741098095\"}', 'https://video.akamai.steamstatic.com/store_trailers/271590/844218/973b531959db4e15682893543d6a27a70e7e1eb3/1751269402/dash_av1.mpd?t=1741098095', 'https://video.akamai.steamstatic.com/store_trailers/271590/844218/973b531959db4e15682893543d6a27a70e7e1eb3/1751269402/dash_h264.mpd?t=1741098095', 'https://video.akamai.steamstatic.com/store_trailers/271590/844218/973b531959db4e15682893543d6a27a70e7e1eb3/1751269402/hls_264_master.m3u8?t=1741098095', true, NOW(), NOW());
INSERT INTO game_media (game_id, media_id, name, thumbnail, webm, mp4, dash_av1, dash_h264, hls_h264, highlight, created_at, updated_at) VALUES (4, 257083890, 'GTA Online: Agents of Sabotage - ESRB EN', 'https://shared.akamai.steamstatic.com/store_item_assets/steam/apps/257083890/af4a4abfc36b956bd2fa2fd2ee5bade9be41c99a/movie_600x337.jpg?t=1734717979', '{\"480\":\"https:\\/\\/video.akamai.steamstatic.com\\/store_trailers\\/257083890\\/movie480_vp9.webm?t=1734717979\",\"max\":\"https:\\/\\/video.akamai.steamstatic.com\\/store_trailers\\/257083890\\/movie_max_vp9.webm?t=1734717979\"}', '{\"480\":\"https:\\/\\/video.akamai.steamstatic.com\\/store_trailers\\/257083890\\/movie480.mp4?t=1734717979\",\"max\":\"https:\\/\\/video.akamai.steamstatic.com\\/store_trailers\\/257083890\\/movie_max.mp4?t=1734717979\"}', 'https://video.akamai.steamstatic.com/store_trailers/271590/802958/9ea9451587fe7884999afbe7c1972de252e4005d/1751269376/dash_av1.mpd?t=1734717979', 'https://video.akamai.steamstatic.com/store_trailers/271590/802958/9ea9451587fe7884999afbe7c1972de252e4005d/1751269376/dash_h264.mpd?t=1734717979', 'https://video.akamai.steamstatic.com/store_trailers/271590/802958/9ea9451587fe7884999afbe7c1972de252e4005d/1751269376/hls_264_master.m3u8?t=1734717979', true, NOW(), NOW());
INSERT INTO game_media (game_id, media_id, name, thumbnail, webm, mp4, dash_av1, dash_h264, hls_h264, highlight, created_at, updated_at) VALUES (4, 257036514, 'GTA Online: Bottom Dollar Bounties (US)', 'https://shared.akamai.steamstatic.com/store_item_assets/steam/apps/257036514/movie.293x165.jpg?t=1720472955', '{\"480\":\"https:\\/\\/video.akamai.steamstatic.com\\/store_trailers\\/257036514\\/movie480_vp9.webm?t=1720472955\",\"max\":\"https:\\/\\/video.akamai.steamstatic.com\\/store_trailers\\/257036514\\/movie_max_vp9.webm?t=1720472955\"}', '{\"480\":\"https:\\/\\/video.akamai.steamstatic.com\\/store_trailers\\/257036514\\/movie480.mp4?t=1720472955\",\"max\":\"https:\\/\\/video.akamai.steamstatic.com\\/store_trailers\\/257036514\\/movie_max.mp4?t=1720472955\"}', 'https://video.akamai.steamstatic.com/store_trailers/271590/723587/f7b6862685ea33185b1caf90157a1746ef5809fa/1751269347/dash_av1.mpd?t=1720472955', 'https://video.akamai.steamstatic.com/store_trailers/271590/723587/f7b6862685ea33185b1caf90157a1746ef5809fa/1751269347/dash_h264.mpd?t=1720472955', 'https://video.akamai.steamstatic.com/store_trailers/271590/723587/f7b6862685ea33185b1caf90157a1746ef5809fa/1751269347/hls_264_master.m3u8?t=1720472955', true, NOW(), NOW());
INSERT INTO game_media (game_id, media_id, name, thumbnail, webm, mp4, dash_av1, dash_h264, hls_h264, highlight, created_at, updated_at) VALUES (4, 257010278, 'GTA Online: Cluckin\' Bell Farm Raid Missions (US)', 'https://shared.akamai.steamstatic.com/store_item_assets/steam/apps/257010278/movie.293x165.jpg?t=1711059355', '{\"480\":\"https:\\/\\/video.akamai.steamstatic.com\\/store_trailers\\/257010278\\/movie480_vp9.webm?t=1711059355\",\"max\":\"https:\\/\\/video.akamai.steamstatic.com\\/store_trailers\\/257010278\\/movie_max_vp9.webm?t=1711059355\"}', '{\"480\":\"https:\\/\\/video.akamai.steamstatic.com\\/store_trailers\\/257010278\\/movie480.mp4?t=1711059355\",\"max\":\"https:\\/\\/video.akamai.steamstatic.com\\/store_trailers\\/257010278\\/movie_max.mp4?t=1711059355\"}', 'https://video.akamai.steamstatic.com/store_trailers/271590/678045/432d3b72480a444decb3ddb6eb01467abfd1c30b/1751269342/dash_av1.mpd?t=1711059355', 'https://video.akamai.steamstatic.com/store_trailers/271590/678045/432d3b72480a444decb3ddb6eb01467abfd1c30b/1751269342/dash_h264.mpd?t=1711059355', 'https://video.akamai.steamstatic.com/store_trailers/271590/678045/432d3b72480a444decb3ddb6eb01467abfd1c30b/1751269342/hls_264_master.m3u8?t=1711059355', true, NOW(), NOW());
INSERT INTO game_media (game_id, media_id, name, thumbnail, webm, mp4, dash_av1, dash_h264, hls_h264, highlight, created_at, updated_at) VALUES (4, 256921445, 'GTA Online: Los Santos Drug War (US)', 'https://shared.akamai.steamstatic.com/store_item_assets/steam/apps/256921445/movie.293x165.jpg?t=1671116319', '{\"480\":\"https:\\/\\/video.akamai.steamstatic.com\\/store_trailers\\/256921445\\/movie480_vp9.webm?t=1671116319\",\"max\":\"https:\\/\\/video.akamai.steamstatic.com\\/store_trailers\\/256921445\\/movie_max_vp9.webm?t=1671116319\"}', '{\"480\":\"https:\\/\\/video.akamai.steamstatic.com\\/store_trailers\\/256921445\\/movie480.mp4?t=1671116319\",\"max\":\"https:\\/\\/video.akamai.steamstatic.com\\/store_trailers\\/256921445\\/movie_max.mp4?t=1671116319\"}', 'https://video.akamai.steamstatic.com/store_trailers/271590/522641/a84048f07c7d2e11546efee2f70386d6cab18048/1751269323/dash_av1.mpd?t=1671116319', 'https://video.akamai.steamstatic.com/store_trailers/271590/522641/a84048f07c7d2e11546efee2f70386d6cab18048/1751269323/dash_h264.mpd?t=1671116319', 'https://video.akamai.steamstatic.com/store_trailers/271590/522641/a84048f07c7d2e11546efee2f70386d6cab18048/1751269323/hls_264_master.m3u8?t=1671116319', true, NOW(), NOW());
INSERT INTO game_media (game_id, media_id, name, thumbnail, webm, mp4, dash_av1, dash_h264, hls_h264, highlight, created_at, updated_at) VALUES (4, 256907993, 'GTA Online: Criminal Enterprises (US)', 'https://shared.akamai.steamstatic.com/store_item_assets/steam/apps/256907993/movie.293x165.jpg?t=1664305047', '{\"480\":\"https:\\/\\/video.akamai.steamstatic.com\\/store_trailers\\/256907993\\/movie480_vp9.webm?t=1664305047\",\"max\":\"https:\\/\\/video.akamai.steamstatic.com\\/store_trailers\\/256907993\\/movie_max_vp9.webm?t=1664305047\"}', '{\"480\":\"https:\\/\\/video.akamai.steamstatic.com\\/store_trailers\\/256907993\\/movie480.mp4?t=1664305047\",\"max\":\"https:\\/\\/video.akamai.steamstatic.com\\/store_trailers\\/256907993\\/movie_max.mp4?t=1664305047\"}', 'https://video.akamai.steamstatic.com/store_trailers/271590/499963/9dbbb44f7703c6c8e2bb8e6825f40d3e6e4d46bf/1751269236/dash_av1.mpd?t=1664305047', 'https://video.akamai.steamstatic.com/store_trailers/271590/499963/9dbbb44f7703c6c8e2bb8e6825f40d3e6e4d46bf/1751269236/dash_h264.mpd?t=1664305047', 'https://video.akamai.steamstatic.com/store_trailers/271590/499963/9dbbb44f7703c6c8e2bb8e6825f40d3e6e4d46bf/1751269236/hls_264_master.m3u8?t=1664305047', true, NOW(), NOW());
INSERT INTO game_media (game_id, media_id, name, thumbnail, webm, mp4, dash_av1, dash_h264, hls_h264, highlight, created_at, updated_at) VALUES (4, 256913300, 'GTA Online: The Contract (US)', 'https://shared.akamai.steamstatic.com/store_item_assets/steam/apps/256913300/movie.293x165.jpg?t=1666907116', '{\"480\":\"https:\\/\\/video.akamai.steamstatic.com\\/store_trailers\\/256913300\\/movie480_vp9.webm?t=1666907116\",\"max\":\"https:\\/\\/video.akamai.steamstatic.com\\/store_trailers\\/256913300\\/movie_max_vp9.webm?t=1666907116\"}', '{\"480\":\"https:\\/\\/video.akamai.steamstatic.com\\/store_trailers\\/256913300\\/movie480.mp4?t=1666907116\",\"max\":\"https:\\/\\/video.akamai.steamstatic.com\\/store_trailers\\/256913300\\/movie_max.mp4?t=1666907116\"}', 'https://video.akamai.steamstatic.com/store_trailers/271590/508908/c29374bdad1ac338825b748e5a5c743f50948f57/1751269242/dash_av1.mpd?t=1666907116', 'https://video.akamai.steamstatic.com/store_trailers/271590/508908/c29374bdad1ac338825b748e5a5c743f50948f57/1751269242/dash_h264.mpd?t=1666907116', 'https://video.akamai.steamstatic.com/store_trailers/271590/508908/c29374bdad1ac338825b748e5a5c743f50948f57/1751269242/hls_264_master.m3u8?t=1666907116', true, NOW(), NOW());
INSERT INTO game_media (game_id, media_id, name, thumbnail, webm, mp4, dash_av1, dash_h264, hls_h264, highlight, created_at, updated_at) VALUES (4, 256913301, 'GTA Online: Los Santos Tuners (US)', 'https://shared.akamai.steamstatic.com/store_item_assets/steam/apps/256913301/movie.293x165.jpg?t=1666907123', '{\"480\":\"https:\\/\\/video.akamai.steamstatic.com\\/store_trailers\\/256913301\\/movie480_vp9.webm?t=1666907123\",\"max\":\"https:\\/\\/video.akamai.steamstatic.com\\/store_trailers\\/256913301\\/movie_max_vp9.webm?t=1666907123\"}', '{\"480\":\"https:\\/\\/video.akamai.steamstatic.com\\/store_trailers\\/256913301\\/movie480.mp4?t=1666907123\",\"max\":\"https:\\/\\/video.akamai.steamstatic.com\\/store_trailers\\/256913301\\/movie_max.mp4?t=1666907123\"}', 'https://video.akamai.steamstatic.com/store_trailers/271590/508909/7d08f4f5a4dece4a24dc3c371b06cae46e2ce494/1751269249/dash_av1.mpd?t=1666907123', 'https://video.akamai.steamstatic.com/store_trailers/271590/508909/7d08f4f5a4dece4a24dc3c371b06cae46e2ce494/1751269249/dash_h264.mpd?t=1666907123', 'https://video.akamai.steamstatic.com/store_trailers/271590/508909/7d08f4f5a4dece4a24dc3c371b06cae46e2ce494/1751269249/hls_264_master.m3u8?t=1666907123', true, NOW(), NOW());
INSERT INTO game_media (game_id, media_id, name, thumbnail, webm, mp4, dash_av1, dash_h264, hls_h264, highlight, created_at, updated_at) VALUES (4, 256913303, 'GTA Online: The Cayo Perico Heist (US)', 'https://shared.akamai.steamstatic.com/store_item_assets/steam/apps/256913303/movie.293x165.jpg?t=1666908558', '{\"480\":\"https:\\/\\/video.akamai.steamstatic.com\\/store_trailers\\/256913303\\/movie480_vp9.webm?t=1666908558\",\"max\":\"https:\\/\\/video.akamai.steamstatic.com\\/store_trailers\\/256913303\\/movie_max_vp9.webm?t=1666908558\"}', '{\"480\":\"https:\\/\\/video.akamai.steamstatic.com\\/store_trailers\\/256913303\\/movie480.mp4?t=1666908558\",\"max\":\"https:\\/\\/video.akamai.steamstatic.com\\/store_trailers\\/256913303\\/movie_max.mp4?t=1666908558\"}', 'https://video.akamai.steamstatic.com/store_trailers/271590/508911/46d77f70c3d7323d14e9eb6559301fe13e3565f3/1751269252/dash_av1.mpd?t=1666908558', 'https://video.akamai.steamstatic.com/store_trailers/271590/508911/46d77f70c3d7323d14e9eb6559301fe13e3565f3/1751269252/dash_h264.mpd?t=1666908558', 'https://video.akamai.steamstatic.com/store_trailers/271590/508911/46d77f70c3d7323d14e9eb6559301fe13e3565f3/1751269252/hls_264_master.m3u8?t=1666908558', true, NOW(), NOW());
INSERT INTO game_media (game_id, media_id, name, thumbnail, webm, mp4, dash_av1, dash_h264, hls_h264, highlight, created_at, updated_at) VALUES (4, 256913305, 'GTA Online: Los Santos Summer Special (US)', 'https://shared.akamai.steamstatic.com/store_item_assets/steam/apps/256913305/movie.293x165.jpg?t=1666907134', '{\"480\":\"https:\\/\\/video.akamai.steamstatic.com\\/store_trailers\\/256913305\\/movie480_vp9.webm?t=1666907134\",\"max\":\"https:\\/\\/video.akamai.steamstatic.com\\/store_trailers\\/256913305\\/movie_max_vp9.webm?t=1666907134\"}', '{\"480\":\"https:\\/\\/video.akamai.steamstatic.com\\/store_trailers\\/256913305\\/movie480.mp4?t=1666907134\",\"max\":\"https:\\/\\/video.akamai.steamstatic.com\\/store_trailers\\/256913305\\/movie_max.mp4?t=1666907134\"}', 'https://video.akamai.steamstatic.com/store_trailers/271590/508914/3d40e77c9d94d2c8c5c998594e6192ed1639a943/1751269253/dash_av1.mpd?t=1666907134', 'https://video.akamai.steamstatic.com/store_trailers/271590/508914/3d40e77c9d94d2c8c5c998594e6192ed1639a943/1751269253/dash_h264.mpd?t=1666907134', 'https://video.akamai.steamstatic.com/store_trailers/271590/508914/3d40e77c9d94d2c8c5c998594e6192ed1639a943/1751269253/hls_264_master.m3u8?t=1666907134', true, NOW(), NOW());
INSERT INTO game_media (game_id, media_id, name, thumbnail, webm, mp4, dash_av1, dash_h264, hls_h264, highlight, created_at, updated_at) VALUES (4, 256913307, 'GTA Online: The Diamond Casino Heist (US)', 'https://shared.akamai.steamstatic.com/store_item_assets/steam/apps/256913307/movie.293x165.jpg?t=1666907140', '{\"480\":\"https:\\/\\/video.akamai.steamstatic.com\\/store_trailers\\/256913307\\/movie480_vp9.webm?t=1666907140\",\"max\":\"https:\\/\\/video.akamai.steamstatic.com\\/store_trailers\\/256913307\\/movie_max_vp9.webm?t=1666907140\"}', '{\"480\":\"https:\\/\\/video.akamai.steamstatic.com\\/store_trailers\\/256913307\\/movie480.mp4?t=1666907140\",\"max\":\"https:\\/\\/video.akamai.steamstatic.com\\/store_trailers\\/256913307\\/movie_max.mp4?t=1666907140\"}', 'https://video.akamai.steamstatic.com/store_trailers/271590/508916/6188f10f9d243d66b6f9e9066b0552a73f0082c1/1751269253/dash_av1.mpd?t=1666907140', 'https://video.akamai.steamstatic.com/store_trailers/271590/508916/6188f10f9d243d66b6f9e9066b0552a73f0082c1/1751269253/dash_h264.mpd?t=1666907140', 'https://video.akamai.steamstatic.com/store_trailers/271590/508916/6188f10f9d243d66b6f9e9066b0552a73f0082c1/1751269253/hls_264_master.m3u8?t=1666907140', true, NOW(), NOW());
INSERT INTO game_media (game_id, media_id, name, thumbnail, webm, mp4, dash_av1, dash_h264, hls_h264, highlight, created_at, updated_at) VALUES (4, 256738416, 'GTA Online: Casino (US)', 'https://shared.akamai.steamstatic.com/store_item_assets/steam/apps/256738416/movie.293x165.jpg?t=1563930911', '{\"480\":\"https:\\/\\/video.akamai.steamstatic.com\\/store_trailers\\/256738416\\/movie480.webm?t=1563930911\",\"max\":\"https:\\/\\/video.akamai.steamstatic.com\\/store_trailers\\/256738416\\/movie_max.webm?t=1563930911\"}', '{\"480\":\"https:\\/\\/video.akamai.steamstatic.com\\/store_trailers\\/256738416\\/movie480.mp4?t=1563930911\",\"max\":\"https:\\/\\/video.akamai.steamstatic.com\\/store_trailers\\/256738416\\/movie_max.mp4?t=1563930911\"}', 'https://video.akamai.steamstatic.com/store_trailers/271590/200993/62bca0893e40132d96ad8d1ac5fd7dfae42418f6/1751269209/dash_av1.mpd?t=1563930911', 'https://video.akamai.steamstatic.com/store_trailers/271590/200993/62bca0893e40132d96ad8d1ac5fd7dfae42418f6/1751269209/dash_h264.mpd?t=1563930911', 'https://video.akamai.steamstatic.com/store_trailers/271590/200993/62bca0893e40132d96ad8d1ac5fd7dfae42418f6/1751269209/hls_264_master.m3u8?t=1563930911', true, NOW(), NOW());
INSERT INTO game_media (game_id, media_id, name, thumbnail, webm, mp4, dash_av1, dash_h264, hls_h264, highlight, created_at, updated_at) VALUES (4, 256738408, 'GTA Online: Arena War (US)', 'https://shared.akamai.steamstatic.com/store_item_assets/steam/apps/256738408/movie.293x165.jpg?t=1544815066', '{\"480\":\"https:\\/\\/video.akamai.steamstatic.com\\/store_trailers\\/256738408\\/movie480.webm?t=1544815066\",\"max\":\"https:\\/\\/video.akamai.steamstatic.com\\/store_trailers\\/256738408\\/movie_max.webm?t=1544815066\"}', '{\"480\":\"https:\\/\\/video.akamai.steamstatic.com\\/store_trailers\\/256738408\\/movie480.mp4?t=1544815066\",\"max\":\"https:\\/\\/video.akamai.steamstatic.com\\/store_trailers\\/256738408\\/movie_max.mp4?t=1544815066\"}', 'https://video.akamai.steamstatic.com/store_trailers/271590/200985/eac8b0e9b54c477558ba38fa40450c9e3de37a7f/1751269200/dash_av1.mpd?t=1544815066', 'https://video.akamai.steamstatic.com/store_trailers/271590/200985/eac8b0e9b54c477558ba38fa40450c9e3de37a7f/1751269200/dash_h264.mpd?t=1544815066', 'https://video.akamai.steamstatic.com/store_trailers/271590/200985/eac8b0e9b54c477558ba38fa40450c9e3de37a7f/1751269200/hls_264_master.m3u8?t=1544815066', true, NOW(), NOW());
INSERT INTO game_media (game_id, media_id, name, thumbnail, webm, mp4, dash_av1, dash_h264, hls_h264, highlight, created_at, updated_at) VALUES (4, 256723104, 'GTA Online: After Hours (US)', 'https://shared.akamai.steamstatic.com/store_item_assets/steam/apps/256723104/movie.293x165.jpg?t=1532465171', '{\"480\":\"https:\\/\\/video.akamai.steamstatic.com\\/store_trailers\\/256723104\\/movie480.webm?t=1532465171\",\"max\":\"https:\\/\\/video.akamai.steamstatic.com\\/store_trailers\\/256723104\\/movie_max.webm?t=1532465171\"}', '{\"480\":\"https:\\/\\/video.akamai.steamstatic.com\\/store_trailers\\/256723104\\/movie480.mp4?t=1532465171\",\"max\":\"https:\\/\\/video.akamai.steamstatic.com\\/store_trailers\\/256723104\\/movie_max.mp4?t=1532465171\"}', 'https://video.akamai.steamstatic.com/store_trailers/271590/174060/a991bc7a7989951fa040f348332ffef2655c0c46/1751269170/dash_av1.mpd?t=1532465171', 'https://video.akamai.steamstatic.com/store_trailers/271590/174060/a991bc7a7989951fa040f348332ffef2655c0c46/1751269170/dash_h264.mpd?t=1532465171', 'https://video.akamai.steamstatic.com/store_trailers/271590/174060/a991bc7a7989951fa040f348332ffef2655c0c46/1751269170/hls_264_master.m3u8?t=1532465171', true, NOW(), NOW());
INSERT INTO game_media (game_id, media_id, name, thumbnail, webm, mp4, dash_av1, dash_h264, hls_h264, highlight, created_at, updated_at) VALUES (4, 256703146, 'GTA Online: The Doomsday Heist (US)', 'https://shared.akamai.steamstatic.com/store_item_assets/steam/apps/256703146/movie.293x165.jpg?t=1513112777', '{\"480\":\"https:\\/\\/video.akamai.steamstatic.com\\/store_trailers\\/256703146\\/movie480.webm?t=1513112777\",\"max\":\"https:\\/\\/video.akamai.steamstatic.com\\/store_trailers\\/256703146\\/movie_max.webm?t=1513112777\"}', '{\"480\":\"https:\\/\\/video.akamai.steamstatic.com\\/store_trailers\\/256703146\\/movie480.mp4?t=1513112777\",\"max\":\"https:\\/\\/video.akamai.steamstatic.com\\/store_trailers\\/256703146\\/movie_max.mp4?t=1513112777\"}', 'https://video.akamai.steamstatic.com/store_trailers/271590/137012/c3bd24298f469cd1f2a8d624537a45a2a415747d/1751269148/dash_av1.mpd?t=1513112777', 'https://video.akamai.steamstatic.com/store_trailers/271590/137012/c3bd24298f469cd1f2a8d624537a45a2a415747d/1751269148/dash_h264.mpd?t=1513112777', 'https://video.akamai.steamstatic.com/store_trailers/271590/137012/c3bd24298f469cd1f2a8d624537a45a2a415747d/1751269148/hls_264_master.m3u8?t=1513112777', true, NOW(), NOW());
INSERT INTO game_media (game_id, media_id, name, thumbnail, webm, mp4, dash_av1, dash_h264, hls_h264, highlight, created_at, updated_at) VALUES (4, 256698567, 'GTA Online: Transform Races (US)', 'https://shared.akamai.steamstatic.com/store_item_assets/steam/apps/256698567/movie.293x165.jpg?t=1508425881', '{\"480\":\"https:\\/\\/video.akamai.steamstatic.com\\/store_trailers\\/256698567\\/movie480.webm?t=1508425881\",\"max\":\"https:\\/\\/video.akamai.steamstatic.com\\/store_trailers\\/256698567\\/movie_max.webm?t=1508425881\"}', '{\"480\":\"https:\\/\\/video.akamai.steamstatic.com\\/store_trailers\\/256698567\\/movie480.mp4?t=1508425881\",\"max\":\"https:\\/\\/video.akamai.steamstatic.com\\/store_trailers\\/256698567\\/movie_max.mp4?t=1508425881\"}', 'https://video.akamai.steamstatic.com/store_trailers/271590/128910/39a6865f398f5c15f4e9c0a50bfe06d9d1bdf440/1751269146/dash_av1.mpd?t=1508425881', 'https://video.akamai.steamstatic.com/store_trailers/271590/128910/39a6865f398f5c15f4e9c0a50bfe06d9d1bdf440/1751269146/dash_h264.mpd?t=1508425881', 'https://video.akamai.steamstatic.com/store_trailers/271590/128910/39a6865f398f5c15f4e9c0a50bfe06d9d1bdf440/1751269146/hls_264_master.m3u8?t=1508425881', true, NOW(), NOW());
INSERT INTO game_media (game_id, media_id, name, thumbnail, webm, mp4, dash_av1, dash_h264, hls_h264, highlight, created_at, updated_at) VALUES (4, 256693664, 'GTA Online: Smuggler\'s Run Trailer', 'https://shared.akamai.steamstatic.com/store_item_assets/steam/apps/256693664/movie.293x165.jpg?t=1504052182', '{\"480\":\"https:\\/\\/video.akamai.steamstatic.com\\/store_trailers\\/256693664\\/movie480.webm?t=1504052182\",\"max\":\"https:\\/\\/video.akamai.steamstatic.com\\/store_trailers\\/256693664\\/movie_max.webm?t=1504052182\"}', '{\"480\":\"https:\\/\\/video.akamai.steamstatic.com\\/store_trailers\\/256693664\\/movie480.mp4?t=1504052182\",\"max\":\"https:\\/\\/video.akamai.steamstatic.com\\/store_trailers\\/256693664\\/movie_max.mp4?t=1504052182\"}', 'https://video.akamai.steamstatic.com/store_trailers/271590/119836/acbefb3a4c59b68429d011fd3f35cbe8ba82b43c/1751269109/dash_av1.mpd?t=1504052182', 'https://video.akamai.steamstatic.com/store_trailers/271590/119836/acbefb3a4c59b68429d011fd3f35cbe8ba82b43c/1751269109/dash_h264.mpd?t=1504052182', 'https://video.akamai.steamstatic.com/store_trailers/271590/119836/acbefb3a4c59b68429d011fd3f35cbe8ba82b43c/1751269109/hls_264_master.m3u8?t=1504052182', true, NOW(), NOW());
INSERT INTO game_media (game_id, media_id, name, thumbnail, webm, mp4, dash_av1, dash_h264, hls_h264, highlight, created_at, updated_at) VALUES (4, 256687226, 'GTA Online: Gunrunning Trailer', 'https://shared.akamai.steamstatic.com/store_item_assets/steam/apps/256687226/movie.293x165.jpg?t=1497404431', '{\"480\":\"https:\\/\\/video.akamai.steamstatic.com\\/store_trailers\\/256687226\\/movie480.webm?t=1497404431\",\"max\":\"https:\\/\\/video.akamai.steamstatic.com\\/store_trailers\\/256687226\\/movie_max.webm?t=1497404431\"}', '{\"480\":\"https:\\/\\/video.akamai.steamstatic.com\\/store_trailers\\/256687226\\/movie480.mp4?t=1497404431\",\"max\":\"https:\\/\\/video.akamai.steamstatic.com\\/store_trailers\\/256687226\\/movie_max.mp4?t=1497404431\"}', 'https://video.akamai.steamstatic.com/store_trailers/271590/107604/816c259737910955fcb8196b9b27d8079aaacd78/1751269070/dash_av1.mpd?t=1497404431', 'https://video.akamai.steamstatic.com/store_trailers/271590/107604/816c259737910955fcb8196b9b27d8079aaacd78/1751269070/dash_h264.mpd?t=1497404431', 'https://video.akamai.steamstatic.com/store_trailers/271590/107604/816c259737910955fcb8196b9b27d8079aaacd78/1751269070/hls_264_master.m3u8?t=1497404431', true, NOW(), NOW());
INSERT INTO game_media (game_id, media_id, name, thumbnail, webm, mp4, dash_av1, dash_h264, hls_h264, highlight, created_at, updated_at) VALUES (4, 256683834, 'GTA Online: Tiny Racers Trailer', 'https://shared.akamai.steamstatic.com/store_item_assets/steam/apps/256683834/movie.293x165.jpg?t=1493230234', '{\"480\":\"https:\\/\\/video.akamai.steamstatic.com\\/store_trailers\\/256683834\\/movie480.webm?t=1493230234\",\"max\":\"https:\\/\\/video.akamai.steamstatic.com\\/store_trailers\\/256683834\\/movie_max.webm?t=1493230234\"}', '{\"480\":\"https:\\/\\/video.akamai.steamstatic.com\\/store_trailers\\/256683834\\/movie480.mp4?t=1493230234\",\"max\":\"https:\\/\\/video.akamai.steamstatic.com\\/store_trailers\\/256683834\\/movie_max.mp4?t=1493230234\"}', 'https://video.akamai.steamstatic.com/store_trailers/271590/99742/fd4a3bb9626773dd0777b49f46d661ab8719f17f/1751269034/dash_av1.mpd?t=1493230234', 'https://video.akamai.steamstatic.com/store_trailers/271590/99742/fd4a3bb9626773dd0777b49f46d661ab8719f17f/1751269034/dash_h264.mpd?t=1493230234', 'https://video.akamai.steamstatic.com/store_trailers/271590/99742/fd4a3bb9626773dd0777b49f46d661ab8719f17f/1751269034/hls_264_master.m3u8?t=1493230234', true, NOW(), NOW());
INSERT INTO game_media (game_id, media_id, name, thumbnail, webm, mp4, dash_av1, dash_h264, hls_h264, highlight, created_at, updated_at) VALUES (4, 256681405, 'GTA Online Cunning Stunts: Special Vehicle Circuit Trailer', 'https://shared.akamai.steamstatic.com/store_item_assets/steam/apps/256681405/movie.293x165.jpg?t=1489614953', '{\"480\":\"https:\\/\\/video.akamai.steamstatic.com\\/store_trailers\\/256681405\\/movie480.webm?t=1489614953\",\"max\":\"https:\\/\\/video.akamai.steamstatic.com\\/store_trailers\\/256681405\\/movie_max.webm?t=1489614953\"}', '{\"480\":\"https:\\/\\/video.akamai.steamstatic.com\\/store_trailers\\/256681405\\/movie480.mp4?t=1489614953\",\"max\":\"https:\\/\\/video.akamai.steamstatic.com\\/store_trailers\\/256681405\\/movie_max.mp4?t=1489614953\"}', 'https://video.akamai.steamstatic.com/store_trailers/271590/94568/881b370862d0c471d4c46a1fea0ae1ab45078c3d/1751269001/dash_av1.mpd?t=1489614953', 'https://video.akamai.steamstatic.com/store_trailers/271590/94568/881b370862d0c471d4c46a1fea0ae1ab45078c3d/1751269001/dash_h264.mpd?t=1489614953', 'https://video.akamai.steamstatic.com/store_trailers/271590/94568/881b370862d0c471d4c46a1fea0ae1ab45078c3d/1751269001/hls_264_master.m3u8?t=1489614953', true, NOW(), NOW());
INSERT INTO game_media (game_id, media_id, name, thumbnail, webm, mp4, dash_av1, dash_h264, hls_h264, highlight, created_at, updated_at) VALUES (4, 256676540, 'GTA Online: Import/Export', 'https://shared.akamai.steamstatic.com/store_item_assets/steam/apps/256676540/movie.293x165.jpg?t=1481922273', '{\"480\":\"https:\\/\\/video.akamai.steamstatic.com\\/store_trailers\\/256676540\\/movie480.webm?t=1481922273\",\"max\":\"https:\\/\\/video.akamai.steamstatic.com\\/store_trailers\\/256676540\\/movie_max.webm?t=1481922273\"}', '{\"480\":\"https:\\/\\/video.akamai.steamstatic.com\\/store_trailers\\/256676540\\/movie480.mp4?t=1481922273\",\"max\":\"https:\\/\\/video.akamai.steamstatic.com\\/store_trailers\\/256676540\\/movie_max.mp4?t=1481922273\"}', 'https://video.akamai.steamstatic.com/store_trailers/271590/83975/0cda63a9876f0c5f0f2a2b8510caaf31c95ff81a/1751268993/dash_av1.mpd?t=1481922273', 'https://video.akamai.steamstatic.com/store_trailers/271590/83975/0cda63a9876f0c5f0f2a2b8510caaf31c95ff81a/1751268993/dash_h264.mpd?t=1481922273', 'https://video.akamai.steamstatic.com/store_trailers/271590/83975/0cda63a9876f0c5f0f2a2b8510caaf31c95ff81a/1751268993/hls_264_master.m3u8?t=1481922273', true, NOW(), NOW());
INSERT INTO game_media (game_id, media_id, name, thumbnail, webm, mp4, dash_av1, dash_h264, hls_h264, highlight, created_at, updated_at) VALUES (4, 256674198, 'GTA Online: Deadline', 'https://shared.akamai.steamstatic.com/store_item_assets/steam/apps/256674198/movie.293x165.jpg?t=1478703418', '{\"480\":\"https:\\/\\/video.akamai.steamstatic.com\\/store_trailers\\/256674198\\/movie480.webm?t=1478703418\",\"max\":\"https:\\/\\/video.akamai.steamstatic.com\\/store_trailers\\/256674198\\/movie_max.webm?t=1478703418\"}', '{\"480\":\"https:\\/\\/video.akamai.steamstatic.com\\/store_trailers\\/256674198\\/movie480.mp4?t=1478703418\",\"max\":\"https:\\/\\/video.akamai.steamstatic.com\\/store_trailers\\/256674198\\/movie_max.mp4?t=1478703418\"}', 'https://video.akamai.steamstatic.com/store_trailers/271590/79564/08561829d2175183b1da6ea38faf2d9ec70851fe/1751268957/dash_av1.mpd?t=1478703418', 'https://video.akamai.steamstatic.com/store_trailers/271590/79564/08561829d2175183b1da6ea38faf2d9ec70851fe/1751268957/dash_h264.mpd?t=1478703418', 'https://video.akamai.steamstatic.com/store_trailers/271590/79564/08561829d2175183b1da6ea38faf2d9ec70851fe/1751268957/hls_264_master.m3u8?t=1478703418', true, NOW(), NOW());
INSERT INTO game_media (game_id, media_id, name, thumbnail, webm, mp4, dash_av1, dash_h264, hls_h264, highlight, created_at, updated_at) VALUES (4, 256671979, 'GTA Online: Bikers Trailer', 'https://shared.akamai.steamstatic.com/store_item_assets/steam/apps/256671979/movie.293x165.jpg?t=1475607645', '{\"480\":\"https:\\/\\/video.akamai.steamstatic.com\\/store_trailers\\/256671979\\/movie480.webm?t=1475607645\",\"max\":\"https:\\/\\/video.akamai.steamstatic.com\\/store_trailers\\/256671979\\/movie_max.webm?t=1475607645\"}', '{\"480\":\"https:\\/\\/video.akamai.steamstatic.com\\/store_trailers\\/256671979\\/movie480.mp4?t=1475607645\",\"max\":\"https:\\/\\/video.akamai.steamstatic.com\\/store_trailers\\/256671979\\/movie_max.mp4?t=1475607645\"}', 'https://video.akamai.steamstatic.com/store_trailers/271590/75219/df39c205297115ba524ae0449b880e9df488156b/1751268925/dash_av1.mpd?t=1475607645', 'https://video.akamai.steamstatic.com/store_trailers/271590/75219/df39c205297115ba524ae0449b880e9df488156b/1751268925/dash_h264.mpd?t=1475607645', 'https://video.akamai.steamstatic.com/store_trailers/271590/75219/df39c205297115ba524ae0449b880e9df488156b/1751268925/hls_264_master.m3u8?t=1475607645', true, NOW(), NOW());
INSERT INTO game_media (game_id, media_id, name, thumbnail, webm, mp4, dash_av1, dash_h264, hls_h264, highlight, created_at, updated_at) VALUES (4, 256666633, 'GTA Online: Cunning Stunts Trailer', 'https://shared.akamai.steamstatic.com/store_item_assets/steam/apps/256666633/movie.293x165.jpg?t=1468353490', '{\"480\":\"https:\\/\\/video.akamai.steamstatic.com\\/store_trailers\\/256666633\\/movie480.webm?t=1468353490\",\"max\":\"https:\\/\\/video.akamai.steamstatic.com\\/store_trailers\\/256666633\\/movie_max.webm?t=1468353490\"}', '{\"480\":\"https:\\/\\/video.akamai.steamstatic.com\\/store_trailers\\/256666633\\/movie480.mp4?t=1468353490\",\"max\":\"https:\\/\\/video.akamai.steamstatic.com\\/store_trailers\\/256666633\\/movie_max.mp4?t=1468353490\"}', 'https://video.akamai.steamstatic.com/store_trailers/271590/64363/03419ad2382549ce5db8e8545657d102f00f43a2/1751268881/dash_av1.mpd?t=1468353490', 'https://video.akamai.steamstatic.com/store_trailers/271590/64363/03419ad2382549ce5db8e8545657d102f00f43a2/1751268881/dash_h264.mpd?t=1468353490', 'https://video.akamai.steamstatic.com/store_trailers/271590/64363/03419ad2382549ce5db8e8545657d102f00f43a2/1751268881/hls_264_master.m3u8?t=1468353490', true, NOW(), NOW());
INSERT INTO game_media (game_id, media_id, name, thumbnail, webm, mp4, dash_av1, dash_h264, hls_h264, highlight, created_at, updated_at) VALUES (4, 256665066, 'Further Adventures in Finance and Felony', 'https://shared.akamai.steamstatic.com/store_item_assets/steam/apps/256665066/movie.293x165.jpg?t=1465333160', '{\"480\":\"https:\\/\\/video.akamai.steamstatic.com\\/store_trailers\\/256665066\\/movie480.webm?t=1465333160\",\"max\":\"https:\\/\\/video.akamai.steamstatic.com\\/store_trailers\\/256665066\\/movie_max.webm?t=1465333160\"}', '{\"480\":\"https:\\/\\/video.akamai.steamstatic.com\\/store_trailers\\/256665066\\/movie480.mp4?t=1465333160\",\"max\":\"https:\\/\\/video.akamai.steamstatic.com\\/store_trailers\\/256665066\\/movie_max.mp4?t=1465333160\"}', 'https://video.akamai.steamstatic.com/store_trailers/271590/61356/0df9670faf4fa7b0ca96278da5aac07e8f1dc0b7/1751268849/dash_av1.mpd?t=1465333160', 'https://video.akamai.steamstatic.com/store_trailers/271590/61356/0df9670faf4fa7b0ca96278da5aac07e8f1dc0b7/1751268849/dash_h264.mpd?t=1465333160', 'https://video.akamai.steamstatic.com/store_trailers/271590/61356/0df9670faf4fa7b0ca96278da5aac07e8f1dc0b7/1751268849/hls_264_master.m3u8?t=1465333160', true, NOW(), NOW());
INSERT INTO game_media (game_id, media_id, name, thumbnail, webm, mp4, dash_av1, dash_h264, hls_h264, highlight, created_at, updated_at) VALUES (4, 256659103, 'Executives and Other Criminals', 'https://shared.akamai.steamstatic.com/store_item_assets/steam/apps/256659103/movie.293x165.jpg?t=1450306525', '{\"480\":\"https:\\/\\/video.akamai.steamstatic.com\\/store_trailers\\/256659103\\/movie480.webm?t=1450306525\",\"max\":\"https:\\/\\/video.akamai.steamstatic.com\\/store_trailers\\/256659103\\/movie_max.webm?t=1450306525\"}', '{\"480\":\"https:\\/\\/video.akamai.steamstatic.com\\/store_trailers\\/256659103\\/movie480.mp4?t=1450306525\",\"max\":\"https:\\/\\/video.akamai.steamstatic.com\\/store_trailers\\/256659103\\/movie_max.mp4?t=1450306525\"}', 'https://video.akamai.steamstatic.com/store_trailers/271590/48687/255c669d94311543de26a8034d5496563224f85a/1751268830/dash_av1.mpd?t=1450306525', 'https://video.akamai.steamstatic.com/store_trailers/271590/48687/255c669d94311543de26a8034d5496563224f85a/1751268830/dash_h264.mpd?t=1450306525', 'https://video.akamai.steamstatic.com/store_trailers/271590/48687/255c669d94311543de26a8034d5496563224f85a/1751268830/hls_264_master.m3u8?t=1450306525', true, NOW(), NOW());
INSERT INTO game_media (game_id, media_id, name, thumbnail, webm, mp4, dash_av1, dash_h264, hls_h264, highlight, created_at, updated_at) VALUES (4, 256657771, 'Lowriders Trailer', 'https://shared.akamai.steamstatic.com/store_item_assets/steam/apps/256657771/movie.293x165.jpg?t=1447378695', '{\"480\":\"https:\\/\\/video.akamai.steamstatic.com\\/store_trailers\\/256657771\\/movie480.webm?t=1447378695\",\"max\":\"https:\\/\\/video.akamai.steamstatic.com\\/store_trailers\\/256657771\\/movie_max.webm?t=1447378695\"}', '{\"480\":\"https:\\/\\/video.akamai.steamstatic.com\\/store_trailers\\/256657771\\/movie480.mp4?t=1447378695\",\"max\":\"https:\\/\\/video.akamai.steamstatic.com\\/store_trailers\\/256657771\\/movie_max.mp4?t=1447378695\"}', 'https://video.akamai.steamstatic.com/store_trailers/271590/45716/1bea886535d06fe9de64801593f6dd31a947ce0c/1751268813/dash_av1.mpd?t=1447378695', 'https://video.akamai.steamstatic.com/store_trailers/271590/45716/1bea886535d06fe9de64801593f6dd31a947ce0c/1751268813/dash_h264.mpd?t=1447378695', 'https://video.akamai.steamstatic.com/store_trailers/271590/45716/1bea886535d06fe9de64801593f6dd31a947ce0c/1751268813/hls_264_master.m3u8?t=1447378695', true, NOW(), NOW());
INSERT INTO game_media (game_id, media_id, name, thumbnail, webm, mp4, dash_av1, dash_h264, hls_h264, highlight, created_at, updated_at) VALUES (4, 256656350, 'GTA Online Freemode Events Update Trailer', 'https://shared.akamai.steamstatic.com/store_item_assets/steam/apps/256656350/movie.293x165.jpg?t=1447378034', '{\"480\":\"https:\\/\\/video.akamai.steamstatic.com\\/store_trailers\\/256656350\\/movie480.webm?t=1447378034\",\"max\":\"https:\\/\\/video.akamai.steamstatic.com\\/store_trailers\\/256656350\\/movie_max.webm?t=1447378034\"}', '{\"480\":\"https:\\/\\/video.akamai.steamstatic.com\\/store_trailers\\/256656350\\/movie480.mp4?t=1447378034\",\"max\":\"https:\\/\\/video.akamai.steamstatic.com\\/store_trailers\\/256656350\\/movie_max.mp4?t=1447378034\"}', 'https://video.akamai.steamstatic.com/store_trailers/271590/42862/41f6bd1913d98f89a9856d069505ec7f9194748d/1751268787/dash_av1.mpd?t=1447378034', 'https://video.akamai.steamstatic.com/store_trailers/271590/42862/41f6bd1913d98f89a9856d069505ec7f9194748d/1751268787/dash_h264.mpd?t=1447378034', 'https://video.akamai.steamstatic.com/store_trailers/271590/42862/41f6bd1913d98f89a9856d069505ec7f9194748d/1751268787/hls_264_master.m3u8?t=1447378034', true, NOW(), NOW());
INSERT INTO game_media (game_id, media_id, name, thumbnail, webm, mp4, dash_av1, dash_h264, hls_h264, highlight, created_at, updated_at) VALUES (4, 2038544, 'Rockstar Editor', 'https://shared.akamai.steamstatic.com/store_item_assets/steam/apps/2038544/movie.293x165.jpg?t=1447372838', '{\"480\":\"https:\\/\\/video.akamai.steamstatic.com\\/store_trailers\\/2038544\\/movie480.webm?t=1447372838\",\"max\":\"https:\\/\\/video.akamai.steamstatic.com\\/store_trailers\\/2038544\\/movie_max.webm?t=1447372838\"}', '{\"480\":\"https:\\/\\/video.akamai.steamstatic.com\\/store_trailers\\/2038544\\/movie480.mp4?t=1447372838\",\"max\":\"https:\\/\\/video.akamai.steamstatic.com\\/store_trailers\\/2038544\\/movie_max.mp4?t=1447372838\"}', 'https://video.akamai.steamstatic.com/store_trailers/271590/34277/1ddb1103941250fa3c2ad9830702a093a88d6522/1751268771/dash_av1.mpd?t=1447372838', 'https://video.akamai.steamstatic.com/store_trailers/271590/34277/1ddb1103941250fa3c2ad9830702a093a88d6522/1751268771/dash_h264.mpd?t=1447372838', 'https://video.akamai.steamstatic.com/store_trailers/271590/34277/1ddb1103941250fa3c2ad9830702a093a88d6522/1751268771/hls_264_master.m3u8?t=1447372838', true, NOW(), NOW());
INSERT INTO game_media (game_id, media_id, name, thumbnail, webm, mp4, dash_av1, dash_h264, hls_h264, highlight, created_at, updated_at) VALUES (4, 2035420, 'Grand Theft Auto V: First Person Experience', 'https://shared.akamai.steamstatic.com/store_item_assets/steam/apps/2035420/movie.293x165.jpg?t=1447364873', '{\"480\":\"https:\\/\\/video.akamai.steamstatic.com\\/store_trailers\\/2035420\\/movie480.webm?t=1447364873\",\"max\":\"https:\\/\\/video.akamai.steamstatic.com\\/store_trailers\\/2035420\\/movie_max.webm?t=1447364873\"}', '{\"480\":\"https:\\/\\/video.akamai.steamstatic.com\\/store_trailers\\/2035420\\/movie480.mp4?t=1447364873\",\"max\":\"https:\\/\\/video.akamai.steamstatic.com\\/store_trailers\\/2035420\\/movie_max.mp4?t=1447364873\"}', 'https://video.akamai.steamstatic.com/store_trailers/271590/27282/3a5cc58839aa553ce484c9c6290021e343a50fd3/1751268742/dash_av1.mpd?t=1447364873', 'https://video.akamai.steamstatic.com/store_trailers/271590/27282/3a5cc58839aa553ce484c9c6290021e343a50fd3/1751268742/dash_h264.mpd?t=1447364873', 'https://video.akamai.steamstatic.com/store_trailers/271590/27282/3a5cc58839aa553ce484c9c6290021e343a50fd3/1751268742/hls_264_master.m3u8?t=1447364873', true, NOW(), NOW());
INSERT INTO game_media (game_id, media_id, name, thumbnail, webm, mp4, dash_av1, dash_h264, hls_h264, highlight, created_at, updated_at) VALUES (4, 2034504, 'A Picket Fence and a Dog Named Skip', 'https://shared.akamai.steamstatic.com/store_item_assets/steam/apps/2034504/movie.293x165.jpg?t=1447363689', '{\"480\":\"https:\\/\\/video.akamai.steamstatic.com\\/store_trailers\\/2034504\\/movie480.webm?t=1447363689\",\"max\":\"https:\\/\\/video.akamai.steamstatic.com\\/store_trailers\\/2034504\\/movie_max.webm?t=1447363689\"}', '{\"480\":\"https:\\/\\/video.akamai.steamstatic.com\\/store_trailers\\/2034504\\/movie480.mp4?t=1447363689\",\"max\":\"https:\\/\\/video.akamai.steamstatic.com\\/store_trailers\\/2034504\\/movie_max.mp4?t=1447363689\"}', 'https://video.akamai.steamstatic.com/store_trailers/271590/25208/5d09f069be91f54fab15044a839663c0169b4e87/1751268727/dash_av1.mpd?t=1447363689', 'https://video.akamai.steamstatic.com/store_trailers/271590/25208/5d09f069be91f54fab15044a839663c0169b4e87/1751268727/dash_h264.mpd?t=1447363689', 'https://video.akamai.steamstatic.com/store_trailers/271590/25208/5d09f069be91f54fab15044a839663c0169b4e87/1751268727/hls_264_master.m3u8?t=1447363689', true, NOW(), NOW());
INSERT INTO game_media (game_id, media_id, name, thumbnail, webm, mp4, dash_av1, dash_h264, hls_h264, highlight, created_at, updated_at) VALUES (4, 2032899, 'Announce Teaser', 'https://shared.akamai.steamstatic.com/store_item_assets/steam/apps/2032899/movie.293x165.jpg?t=1447362323', '{\"480\":\"https:\\/\\/video.akamai.steamstatic.com\\/store_trailers\\/2032899\\/movie480.webm?t=1447362323\",\"max\":\"https:\\/\\/video.akamai.steamstatic.com\\/store_trailers\\/2032899\\/movie_max.webm?t=1447362323\"}', '{\"480\":\"https:\\/\\/video.akamai.steamstatic.com\\/store_trailers\\/2032899\\/movie480.mp4?t=1447362323\",\"max\":\"https:\\/\\/video.akamai.steamstatic.com\\/store_trailers\\/2032899\\/movie_max.mp4?t=1447362323\"}', 'https://video.akamai.steamstatic.com/store_trailers/271590/21920/6ef5f774317586114abbeb46b00b4f1ecb3385dd/1751268727/dash_av1.mpd?t=1447362323', 'https://video.akamai.steamstatic.com/store_trailers/271590/21920/6ef5f774317586114abbeb46b00b4f1ecb3385dd/1751268727/dash_h264.mpd?t=1447362323', 'https://video.akamai.steamstatic.com/store_trailers/271590/21920/6ef5f774317586114abbeb46b00b4f1ecb3385dd/1751268727/hls_264_master.m3u8?t=1447362323', true, NOW(), NOW());
INSERT INTO game_category (game_id, category_id, created_at, updated_at) VALUES (4, 39, NOW(), NOW());
INSERT INTO game_category (game_id, category_id, created_at, updated_at) VALUES (4, 24, NOW(), NOW());
INSERT INTO game_category (game_id, category_id, created_at, updated_at) VALUES (4, 30, NOW(), NOW());
INSERT INTO game_category (game_id, category_id, created_at, updated_at) VALUES (4, 27, NOW(), NOW());
INSERT INTO game_category (game_id, category_id, created_at, updated_at) VALUES (4, 7, NOW(), NOW());
INSERT INTO game_category (game_id, category_id, created_at, updated_at) VALUES (4, 26, NOW(), NOW());
INSERT INTO game_category (game_id, category_id, created_at, updated_at) VALUES (4, 41, NOW(), NOW());
INSERT INTO game_category (game_id, category_id, created_at, updated_at) VALUES (4, 13, NOW(), NOW());
INSERT INTO game_category (game_id, category_id, created_at, updated_at) VALUES (4, 32, NOW(), NOW());
INSERT INTO game_category (game_id, category_id, created_at, updated_at) VALUES (4, 34, NOW(), NOW());
INSERT INTO game_category (game_id, category_id, created_at, updated_at) VALUES (4, 33, NOW(), NOW());
INSERT INTO game_genre (game_id, genre_id, created_at, updated_at) VALUES (4, 1, NOW(), NOW());
INSERT INTO game_genre (game_id, genre_id, created_at, updated_at) VALUES (4, 2, NOW(), NOW());
INSERT INTO game_developer (game_id, developer_id, created_at, updated_at) VALUES (4, 87, NOW(), NOW());
INSERT INTO game_publisher (game_id, publisher_id, created_at, updated_at) VALUES (4, 67, NOW(), NOW());

-- Game #5: PUBG: BATTLEGROUNDS
INSERT INTO games (id, steam_id, name, type, slug, short_description, required_age, is_free, have_dlc, icon, supported_languages, release_date, coming_soon, recommendations, achievements_count, positive_reviews, negative_reviews, total_reviews, positive_ratio, content_descriptors, is_active, created_at, updated_at) VALUES (5, 578080, 'PUBG: BATTLEGROUNDS', 'game', 'pubg-battlegrounds', 'PUBG: BATTLEGROUNDS, the high-stakes winner-take-all shooter that started the Battle Royale craze, is free-to-play! Drop into diverse maps, loot unique weapons and supplies, and survive in an ever-shrinking zone where every turn could be your last.', 0, true, false, 'https://shared.akamai.steamstatic.com/store_item_assets/steam/apps/578080/841ea38bc58cabb70aef65365cf50bc2d79329d9/header.jpg?t=1758255634', '[\"English\",\"Korean\",\"Simplified Chinese\",\"French\",\"German\",\"Spanish - Spain\",\"Arabic\",\"Japanese\",\"Polish\",\"Portuguese - Portugal\",\"Russian\",\"Turkish\",\"Thai\",\"Italian\",\"Portuguese - Brazil\",\"Traditional Chinese\",\"Ukrainian\"]', '2017-12-21', false, 1750142, 37, 134, 166, 300, 0.447, '{\"ids\":[2,5],\"notes\":null}', true, NOW(), NOW());
INSERT INTO game_platforms (game_id, windows, mac, linux, created_at, updated_at) VALUES (5, true, false, false, NOW(), NOW());
INSERT INTO game_requirements (game_id, pc_requirements, mac_requirements, linux_requirements, created_at, updated_at) VALUES (5, 'Minimum: Requires a 64-bit processor and operating system OS: 64-bit Windows 10 Processor: Intel Core i5-4430 / AMD FX-6300 Memory: 8 GB RAM Graphics: NVIDIA GeForce GTX 960 2GB / AMD Radeon R7 370 2GB DirectX: Version 11 Network: Broadband Internet connection Storage: 40 GB available space', 'Minimum:', 'Minimum:', NOW(), NOW());
INSERT INTO game_community_ratings (game_id, toxicity_rate, cheater_rate, bug_rate, microtransaction_rate, bad_optimization_rate, not_recommended_rate, created_at, updated_at) VALUES (5, 0.115, 0.193, 0.057, 0.02, 0.086, 0.112, NOW(), NOW());
INSERT INTO game_media (game_id, media_id, name, thumbnail, webm, mp4, dash_av1, dash_h264, hls_h264, highlight, created_at, updated_at) VALUES (5, 257200890, '8th Anniversary', 'https://shared.akamai.steamstatic.com/store_item_assets/steam/apps/257200890/f493b8aa3aa83be6a47886206507d5774f5186f7/movie_600x337.jpg?t=1758185154', '{\"480\":\"https:\\/\\/video.akamai.steamstatic.com\\/store_trailers\\/257200890\\/movie480_vp9.webm?t=1758185154\",\"max\":\"https:\\/\\/video.akamai.steamstatic.com\\/store_trailers\\/257200890\\/movie_max_vp9.webm?t=1758185154\"}', '{\"480\":\"https:\\/\\/video.akamai.steamstatic.com\\/store_trailers\\/257200890\\/movie480.mp4?t=1758185154\",\"max\":\"https:\\/\\/video.akamai.steamstatic.com\\/store_trailers\\/257200890\\/movie_max.mp4?t=1758185154\"}', 'https://video.akamai.steamstatic.com/store_trailers/578080/1437336701/9d244bd664c656dc435a2639995ad43d025b2755/1758181574/dash_av1.mpd?t=1758185154', 'https://video.akamai.steamstatic.com/store_trailers/578080/1437336701/9d244bd664c656dc435a2639995ad43d025b2755/1758181574/dash_h264.mpd?t=1758185154', 'https://video.akamai.steamstatic.com/store_trailers/578080/1437336701/9d244bd664c656dc435a2639995ad43d025b2755/1758181574/hls_264_master.m3u8?t=1758185154', true, NOW(), NOW());
INSERT INTO game_media (game_id, media_id, name, thumbnail, webm, mp4, dash_av1, dash_h264, hls_h264, highlight, created_at, updated_at) VALUES (5, 257200885, 'Lucky Day', 'https://shared.akamai.steamstatic.com/store_item_assets/steam/apps/257200885/1b731062c74fff500d8a024199c004946bf8c92f/movie_600x337.jpg?t=1758185158', '{\"480\":\"https:\\/\\/video.akamai.steamstatic.com\\/store_trailers\\/257200885\\/movie480_vp9.webm?t=1758185158\",\"max\":\"https:\\/\\/video.akamai.steamstatic.com\\/store_trailers\\/257200885\\/movie_max_vp9.webm?t=1758185158\"}', '{\"480\":\"https:\\/\\/video.akamai.steamstatic.com\\/store_trailers\\/257200885\\/movie480.mp4?t=1758185158\",\"max\":\"https:\\/\\/video.akamai.steamstatic.com\\/store_trailers\\/257200885\\/movie_max.mp4?t=1758185158\"}', 'https://video.akamai.steamstatic.com/store_trailers/578080/1039535402/2126e29510cdf8d56ce5892b31b17acda36b600f/1758181520/dash_av1.mpd?t=1758185158', 'https://video.akamai.steamstatic.com/store_trailers/578080/1039535402/2126e29510cdf8d56ce5892b31b17acda36b600f/1758181520/dash_h264.mpd?t=1758185158', 'https://video.akamai.steamstatic.com/store_trailers/578080/1039535402/2126e29510cdf8d56ce5892b31b17acda36b600f/1758181520/hls_264_master.m3u8?t=1758185158', true, NOW(), NOW());
INSERT INTO game_media (game_id, media_id, name, thumbnail, webm, mp4, dash_av1, dash_h264, hls_h264, highlight, created_at, updated_at) VALUES (5, 257200883, 'F2P Launch_Gameplay Trailer', 'https://shared.akamai.steamstatic.com/store_item_assets/steam/apps/257200883/f9e2395c649a8fd58596f279d40bb91fb6c2e062/movie_600x337.jpg?t=1758185160', '{\"480\":\"https:\\/\\/video.akamai.steamstatic.com\\/store_trailers\\/257200883\\/movie480_vp9.webm?t=1758185160\",\"max\":\"https:\\/\\/video.akamai.steamstatic.com\\/store_trailers\\/257200883\\/movie_max_vp9.webm?t=1758185160\"}', '{\"480\":\"https:\\/\\/video.akamai.steamstatic.com\\/store_trailers\\/257200883\\/movie480.mp4?t=1758185160\",\"max\":\"https:\\/\\/video.akamai.steamstatic.com\\/store_trailers\\/257200883\\/movie_max.mp4?t=1758185160\"}', 'https://video.akamai.steamstatic.com/store_trailers/578080/1309225277/08ba54c8ba10768fa42079088e766a37ae14b242/1758181273/dash_av1.mpd?t=1758185160', 'https://video.akamai.steamstatic.com/store_trailers/578080/1309225277/08ba54c8ba10768fa42079088e766a37ae14b242/1758181273/dash_h264.mpd?t=1758185160', 'https://video.akamai.steamstatic.com/store_trailers/578080/1309225277/08ba54c8ba10768fa42079088e766a37ae14b242/1758181273/hls_264_master.m3u8?t=1758185160', true, NOW(), NOW());
INSERT INTO game_media (game_id, media_id, name, thumbnail, webm, mp4, dash_av1, dash_h264, hls_h264, highlight, created_at, updated_at) VALUES (5, 257200879, 'F2P Launch_Live Action Trailer', 'https://shared.akamai.steamstatic.com/store_item_assets/steam/apps/257200879/a7545114c601065a9605c8c130521f7134e620b4/movie_600x337.jpg?t=1758185163', '{\"480\":\"https:\\/\\/video.akamai.steamstatic.com\\/store_trailers\\/257200879\\/movie480_vp9.webm?t=1758185163\",\"max\":\"https:\\/\\/video.akamai.steamstatic.com\\/store_trailers\\/257200879\\/movie_max_vp9.webm?t=1758185163\"}', '{\"480\":\"https:\\/\\/video.akamai.steamstatic.com\\/store_trailers\\/257200879\\/movie480.mp4?t=1758185163\",\"max\":\"https:\\/\\/video.akamai.steamstatic.com\\/store_trailers\\/257200879\\/movie_max.mp4?t=1758185163\"}', 'https://video.akamai.steamstatic.com/store_trailers/578080/614150349/196048461e79e2e3a8683186bef8b8171ccdc1a3/1758181171/dash_av1.mpd?t=1758185163', 'https://video.akamai.steamstatic.com/store_trailers/578080/614150349/196048461e79e2e3a8683186bef8b8171ccdc1a3/1758181171/dash_h264.mpd?t=1758185163', 'https://video.akamai.steamstatic.com/store_trailers/578080/614150349/196048461e79e2e3a8683186bef8b8171ccdc1a3/1758181171/hls_264_master.m3u8?t=1758185163', true, NOW(), NOW());
INSERT INTO game_category (game_id, category_id, created_at, updated_at) VALUES (5, 24, NOW(), NOW());
INSERT INTO game_category (game_id, category_id, created_at, updated_at) VALUES (5, 30, NOW(), NOW());
INSERT INTO game_category (game_id, category_id, created_at, updated_at) VALUES (5, 27, NOW(), NOW());
INSERT INTO game_category (game_id, category_id, created_at, updated_at) VALUES (5, 40, NOW(), NOW());
INSERT INTO game_category (game_id, category_id, created_at, updated_at) VALUES (5, 32, NOW(), NOW());
INSERT INTO game_category (game_id, category_id, created_at, updated_at) VALUES (5, 34, NOW(), NOW());
INSERT INTO game_genre (game_id, genre_id, created_at, updated_at) VALUES (5, 1, NOW(), NOW());
INSERT INTO game_genre (game_id, genre_id, created_at, updated_at) VALUES (5, 2, NOW(), NOW());
INSERT INTO game_genre (game_id, genre_id, created_at, updated_at) VALUES (5, 12, NOW(), NOW());
INSERT INTO game_genre (game_id, genre_id, created_at, updated_at) VALUES (5, 9, NOW(), NOW());
INSERT INTO game_developer (game_id, developer_id, created_at, updated_at) VALUES (5, 72, NOW(), NOW());
INSERT INTO game_publisher (game_id, publisher_id, created_at, updated_at) VALUES (5, 41, NOW(), NOW());

-- Game #6: Apex Legends™
INSERT INTO games (id, steam_id, name, type, slug, short_description, required_age, is_free, have_dlc, icon, supported_languages, release_date, coming_soon, recommendations, achievements_count, positive_reviews, negative_reviews, total_reviews, positive_ratio, content_descriptors, is_active, created_at, updated_at) VALUES (6, 1172470, 'Apex Legends™', 'game', 'apex-legends', 'Apex Legends is the award-winning, free-to-play Hero Shooter from Respawn Entertainment. Master an ever-growing roster of legendary characters with powerful abilities, and experience strategic squad play and innovative gameplay in the next evolution of Hero Shooter and Battle Royale.', 0, true, false, 'https://shared.akamai.steamstatic.com/store_item_assets/steam/apps/1172470/eafea59b59bc43fdfe4c7baeeadf45f26a4872b7/header.jpg?t=1754578148', '[\"English *\",\"French *\",\"Italian *\",\"German *\",\"Spanish - Spain *\",\"Japanese *\",\"Korean *\",\"Polish *\",\"Portuguese - Brazil\",\"Russian *\",\"Simplified Chinese *\",\"Traditional Chinese\",\"Spanish - Latin America\",\"Arabic * languages with full audio support\"]', '2020-11-04', false, 1570, 12, 90, 210, 300, 0.3, '{\"ids\":[],\"notes\":null}', true, NOW(), NOW());
INSERT INTO game_platforms (game_id, windows, mac, linux, created_at, updated_at) VALUES (6, true, false, false, NOW(), NOW());
INSERT INTO game_requirements (game_id, pc_requirements, mac_requirements, linux_requirements, created_at, updated_at) VALUES (6, 'Minimum: Requires a 64-bit processor and operating system OS: 64-bit Windows 10 Processor: AMD FX 4350 or Equivalent, Intel Core i3 6300 or Equivalent Memory: 6 GB RAM Graphics: AMD Radeon™ HD 7790, NVIDIA GeForce® GTX 950 DirectX: Version 12 Network: Broadband Internet connection Storage: 75 GB available space Additional Notes: ~3.8GB for 1 localized language', 'Minimum:', 'Minimum:', NOW(), NOW());
INSERT INTO game_community_ratings (game_id, toxicity_rate, cheater_rate, bug_rate, microtransaction_rate, bad_optimization_rate, not_recommended_rate, created_at, updated_at) VALUES (6, 0.167, 0.15, 0.089, 0.043, 0.107, 0.147, NOW(), NOW());
INSERT INTO game_media (game_id, media_id, name, thumbnail, webm, mp4, dash_av1, dash_h264, hls_h264, highlight, created_at, updated_at) VALUES (6, 257179035, 'Apex Legends: Showdown Anthem Trailer WW', 'https://shared.akamai.steamstatic.com/store_item_assets/steam/apps/257179035/1a66e00be78ac7a8cfd311990b4c2f5cfa1c141d/movie_600x337.jpg?t=1754578140', '{\"480\":\"https:\\/\\/video.akamai.steamstatic.com\\/store_trailers\\/257179035\\/movie480_vp9.webm?t=1754578140\",\"max\":\"https:\\/\\/video.akamai.steamstatic.com\\/store_trailers\\/257179035\\/movie_max_vp9.webm?t=1754578140\"}', '{\"480\":\"https:\\/\\/video.akamai.steamstatic.com\\/store_trailers\\/257179035\\/movie480.mp4?t=1754578140\",\"max\":\"https:\\/\\/video.akamai.steamstatic.com\\/store_trailers\\/257179035\\/movie_max.mp4?t=1754578140\"}', 'https://video.akamai.steamstatic.com/store_trailers/1172470/1660132212/4f0e9006bb852b8eb70f5251601408e8d22e1658/1754477403/dash_av1.mpd?t=1754578140', 'https://video.akamai.steamstatic.com/store_trailers/1172470/1660132212/4f0e9006bb852b8eb70f5251601408e8d22e1658/1754477403/dash_h264.mpd?t=1754578140', 'https://video.akamai.steamstatic.com/store_trailers/1172470/1660132212/4f0e9006bb852b8eb70f5251601408e8d22e1658/1754477403/hls_264_master.m3u8?t=1754578140', true, NOW(), NOW());
INSERT INTO game_media (game_id, media_id, name, thumbnail, webm, mp4, dash_av1, dash_h264, hls_h264, highlight, created_at, updated_at) VALUES (6, 257179200, 'Apex Legends: Showdown Gameplay Trailer WW', 'https://shared.akamai.steamstatic.com/store_item_assets/steam/apps/257179200/ed96f498ed97ef1def5a9b5eeb5b539b8bdf3e76/movie_600x337.jpg?t=1754578142', '{\"480\":\"https:\\/\\/video.akamai.steamstatic.com\\/store_trailers\\/257179200\\/movie480_vp9.webm?t=1754578142\",\"max\":\"https:\\/\\/video.akamai.steamstatic.com\\/store_trailers\\/257179200\\/movie_max_vp9.webm?t=1754578142\"}', '{\"480\":\"https:\\/\\/video.akamai.steamstatic.com\\/store_trailers\\/257179200\\/movie480.mp4?t=1754578142\",\"max\":\"https:\\/\\/video.akamai.steamstatic.com\\/store_trailers\\/257179200\\/movie_max.mp4?t=1754578142\"}', 'https://video.akamai.steamstatic.com/store_trailers/1172470/1833469748/ddd6c7f22d1186fcaa6bdd2443ac5d1f52e43b1c/1754496174/dash_av1.mpd?t=1754578142', 'https://video.akamai.steamstatic.com/store_trailers/1172470/1833469748/ddd6c7f22d1186fcaa6bdd2443ac5d1f52e43b1c/1754496174/dash_h264.mpd?t=1754578142', 'https://video.akamai.steamstatic.com/store_trailers/1172470/1833469748/ddd6c7f22d1186fcaa6bdd2443ac5d1f52e43b1c/1754496174/hls_264_master.m3u8?t=1754578142', true, NOW(), NOW());
INSERT INTO game_category (game_id, category_id, created_at, updated_at) VALUES (6, 24, NOW(), NOW());
INSERT INTO game_category (game_id, category_id, created_at, updated_at) VALUES (6, 30, NOW(), NOW());
INSERT INTO game_category (game_id, category_id, created_at, updated_at) VALUES (6, 27, NOW(), NOW());
INSERT INTO game_category (game_id, category_id, created_at, updated_at) VALUES (6, 7, NOW(), NOW());
INSERT INTO game_category (game_id, category_id, created_at, updated_at) VALUES (6, 26, NOW(), NOW());
INSERT INTO game_category (game_id, category_id, created_at, updated_at) VALUES (6, 41, NOW(), NOW());
INSERT INTO game_category (game_id, category_id, created_at, updated_at) VALUES (6, 13, NOW(), NOW());
INSERT INTO game_category (game_id, category_id, created_at, updated_at) VALUES (6, 45, NOW(), NOW());
INSERT INTO game_category (game_id, category_id, created_at, updated_at) VALUES (6, 16, NOW(), NOW());
INSERT INTO game_category (game_id, category_id, created_at, updated_at) VALUES (6, 5, NOW(), NOW());
INSERT INTO game_category (game_id, category_id, created_at, updated_at) VALUES (6, 29, NOW(), NOW());
INSERT INTO game_genre (game_id, genre_id, created_at, updated_at) VALUES (6, 1, NOW(), NOW());
INSERT INTO game_genre (game_id, genre_id, created_at, updated_at) VALUES (6, 2, NOW(), NOW());
INSERT INTO game_genre (game_id, genre_id, created_at, updated_at) VALUES (6, 9, NOW(), NOW());
INSERT INTO game_developer (game_id, developer_id, created_at, updated_at) VALUES (6, 83, NOW(), NOW());
INSERT INTO game_publisher (game_id, publisher_id, created_at, updated_at) VALUES (6, 26, NOW(), NOW());

-- Game #7: Wallpaper Engine
INSERT INTO games (id, steam_id, name, type, slug, short_description, required_age, is_free, have_dlc, icon, supported_languages, release_date, coming_soon, recommendations, achievements_count, positive_reviews, negative_reviews, total_reviews, positive_ratio, content_descriptors, is_active, created_at, updated_at) VALUES (7, 431960, 'Wallpaper Engine', 'game', 'wallpaper-engine', 'Use stunning live wallpapers on your desktop. Animate your own images to create new wallpapers or import videos/websites and share them on the Steam Workshop!', 0, false, true, 'https://shared.akamai.steamstatic.com/store_item_assets/steam/apps/431960/header.jpg?t=1739211362', '[\"English\",\"German\",\"Simplified Chinese\",\"Polish\",\"Portuguese - Brazil\",\"French\",\"Italian\",\"Spanish - Spain\",\"Finnish\",\"Japanese\",\"Korean\",\"Swedish\",\"Thai\",\"Traditional Chinese\",\"Turkish\",\"Portuguese - Portugal\",\"Russian\",\"Danish\",\"Czech\",\"Arabic\",\"Ukrainian\",\"Indonesian\",\"Persian\"]', '2018-11-16', false, 865225, 17, 251, 49, 300, 0.837, '{\"ids\":[],\"notes\":null}', true, NOW(), NOW());
INSERT INTO game_platforms (game_id, windows, mac, linux, created_at, updated_at) VALUES (7, true, false, false, NOW(), NOW());
INSERT INTO game_requirements (game_id, pc_requirements, mac_requirements, linux_requirements, created_at, updated_at) VALUES (7, 'Minimum: OS: Windows 10, Windows 11 Processor: 1.66 GHz Intel i5 or equivalent Memory: 1024 MB RAM Graphics: HD Graphics 4000 or above DirectX: Version 11 Storage: 512 MB available space Additional Notes: Windows N versions require the \'Media Feature Pack\' from Microsoft.', '', '', NOW(), NOW());
INSERT INTO game_community_ratings (game_id, toxicity_rate, cheater_rate, bug_rate, microtransaction_rate, bad_optimization_rate, not_recommended_rate, created_at, updated_at) VALUES (7, 0, 0, 0.015, 0.003, 0.022, 0.012, NOW(), NOW());
INSERT INTO game_media (game_id, media_id, name, thumbnail, webm, mp4, dash_av1, dash_h264, hls_h264, highlight, created_at, updated_at) VALUES (7, 256735610, 'Wallpaper Engine Release', 'https://shared.akamai.steamstatic.com/store_item_assets/steam/apps/256735610/movie.293x165.jpg?t=1637933023', '{\"480\":\"https:\\/\\/video.akamai.steamstatic.com\\/store_trailers\\/256735610\\/movie480_vp9.webm?t=1637933023\",\"max\":\"https:\\/\\/video.akamai.steamstatic.com\\/store_trailers\\/256735610\\/movie_max_vp9.webm?t=1637933023\"}', '{\"480\":\"https:\\/\\/video.akamai.steamstatic.com\\/store_trailers\\/256735610\\/movie480.mp4?t=1637933023\",\"max\":\"https:\\/\\/video.akamai.steamstatic.com\\/store_trailers\\/256735610\\/movie_max.mp4?t=1637933023\"}', 'https://video.akamai.steamstatic.com/store_trailers/431960/196034/4f589f0c2fd3411f08cd487919145ff67d9245df/1750530225/dash_av1.mpd?t=1637933023', 'https://video.akamai.steamstatic.com/store_trailers/431960/196034/4f589f0c2fd3411f08cd487919145ff67d9245df/1750530225/dash_h264.mpd?t=1637933023', 'https://video.akamai.steamstatic.com/store_trailers/431960/196034/4f589f0c2fd3411f08cd487919145ff67d9245df/1750530225/hls_264_master.m3u8?t=1637933023', true, NOW(), NOW());
INSERT INTO game_category (game_id, category_id, created_at, updated_at) VALUES (7, 41, NOW(), NOW());
INSERT INTO game_category (game_id, category_id, created_at, updated_at) VALUES (7, 45, NOW(), NOW());
INSERT INTO game_category (game_id, category_id, created_at, updated_at) VALUES (7, 47, NOW(), NOW());
INSERT INTO game_category (game_id, category_id, created_at, updated_at) VALUES (7, 47, NOW(), NOW());
INSERT INTO game_category (game_id, category_id, created_at, updated_at) VALUES (7, 18, NOW(), NOW());
INSERT INTO game_genre (game_id, genre_id, created_at, updated_at) VALUES (7, 5, NOW(), NOW());
INSERT INTO game_genre (game_id, genre_id, created_at, updated_at) VALUES (7, 11, NOW(), NOW());
INSERT INTO game_genre (game_id, genre_id, created_at, updated_at) VALUES (7, 3, NOW(), NOW());
INSERT INTO game_genre (game_id, genre_id, created_at, updated_at) VALUES (7, 6, NOW(), NOW());
INSERT INTO game_genre (game_id, genre_id, created_at, updated_at) VALUES (7, 13, NOW(), NOW());
INSERT INTO game_genre (game_id, genre_id, created_at, updated_at) VALUES (7, 19, NOW(), NOW());
INSERT INTO game_developer (game_id, developer_id, created_at, updated_at) VALUES (7, 108, NOW(), NOW());
INSERT INTO game_publisher (game_id, publisher_id, created_at, updated_at) VALUES (7, 83, NOW(), NOW());

-- Game #8: Battlefield™ 6
INSERT INTO games (id, steam_id, name, type, slug, short_description, required_age, is_free, have_dlc, icon, supported_languages, release_date, coming_soon, recommendations, achievements_count, positive_reviews, negative_reviews, total_reviews, positive_ratio, content_descriptors, is_active, created_at, updated_at) VALUES (8, 2807960, 'Battlefield™ 6', 'game', 'battlefield-6', 'The ultimate all-out warfare experience. In a war of tanks, fighter jets, and massive combat arsenals, your squad is the deadliest weapon.', 0, false, true, 'https://shared.akamai.steamstatic.com/store_item_assets/steam/apps/2807960/c12d12ce3c7d217398d3fcad77427bfc9d57c570/header.jpg?t=1761145207', '[\"English *\",\"French *\",\"Italian *\",\"German *\",\"Spanish - Spain *\",\"Arabic\",\"Japanese *\",\"Korean *\",\"Polish *\",\"Portuguese - Brazil *\",\"Simplified Chinese *\",\"Spanish - Latin America *\",\"Traditional Chinese * languages with full audio support\"]', '2025-10-10', false, 131950, 54, 141, 159, 300, 0.47, '{\"ids\":[],\"notes\":null}', true, NOW(), NOW());
INSERT INTO game_platforms (game_id, windows, mac, linux, created_at, updated_at) VALUES (8, true, false, false, NOW(), NOW());
INSERT INTO game_requirements (game_id, pc_requirements, mac_requirements, linux_requirements, created_at, updated_at) VALUES (8, 'Minimum: Requires a 64-bit processor and operating system OS: Windows 10 Processor: Intel Core i5-8400, AMD Ryzen 5 2600 Memory: 16 GB RAM Graphics: Nvidia RTX 2060, AMD Radeon RX 5600 XT 6GB, Intel Arc A380 DirectX: Version 12 Network: Broadband Internet connection Storage: 55 GB available space Sound Card: No Recommendation VR Support: Not Supported Additional Notes: TPM 2.0 Enabled UEFI SECURE BOOT Enabled HVCI Capable VBS Capable', 'Minimum:', 'Minimum:', NOW(), NOW());
INSERT INTO game_community_ratings (game_id, toxicity_rate, cheater_rate, bug_rate, microtransaction_rate, bad_optimization_rate, not_recommended_rate, created_at, updated_at) VALUES (8, 0.045, 0.086, 0.031, 0.019, 0.062, 0.183, NOW(), NOW());
INSERT INTO game_media (game_id, media_id, name, thumbnail, webm, mp4, dash_av1, dash_h264, hls_h264, highlight, created_at, updated_at) VALUES (8, 257220674, 'Battlefield 6: Season 1 Gameplay Trailer    ', 'https://shared.akamai.steamstatic.com/store_item_assets/steam/apps/257220674/d24b0cd0a6b6d85eea4c91046c2689f0b790b093/movie_600x337.jpg?t=1761145203', '{\"480\":\"https:\\/\\/video.akamai.steamstatic.com\\/store_trailers\\/257220674\\/movie480.webm?t=1761145203\",\"max\":\"https:\\/\\/video.akamai.steamstatic.com\\/store_trailers\\/257220674\\/movie_max.webm?t=1761145203\"}', '{\"480\":\"https:\\/\\/video.akamai.steamstatic.com\\/store_trailers\\/257220674\\/movie480.mp4?t=1761145203\",\"max\":\"https:\\/\\/video.akamai.steamstatic.com\\/store_trailers\\/257220674\\/movie_max.mp4?t=1761145203\"}', 'https://video.akamai.steamstatic.com/store_trailers/2807960/750439292/cf44cca1f8a7609a35d00a6f558b1da036c7110a/1761077700/dash_av1.mpd?t=1761145203', 'https://video.akamai.steamstatic.com/store_trailers/2807960/750439292/cf44cca1f8a7609a35d00a6f558b1da036c7110a/1761077700/dash_h264.mpd?t=1761145203', 'https://video.akamai.steamstatic.com/store_trailers/2807960/750439292/cf44cca1f8a7609a35d00a6f558b1da036c7110a/1761077700/hls_264_master.m3u8?t=1761145203', true, NOW(), NOW());
INSERT INTO game_media (game_id, media_id, name, thumbnail, webm, mp4, dash_av1, dash_h264, hls_h264, highlight, created_at, updated_at) VALUES (8, 257214221, 'Battlefield 6: Official Launch Hype Trailer', 'https://shared.akamai.steamstatic.com/store_item_assets/steam/apps/257214221/914ca87b8cb69d77c5279726e42b0b7820930312/movie_600x337.jpg?t=1760108344', '{\"480\":\"https:\\/\\/video.akamai.steamstatic.com\\/store_trailers\\/257214221\\/movie480.webm?t=1760108344\",\"max\":\"https:\\/\\/video.akamai.steamstatic.com\\/store_trailers\\/257214221\\/movie_max.webm?t=1760108344\"}', '{\"480\":\"https:\\/\\/video.akamai.steamstatic.com\\/store_trailers\\/257214221\\/movie480.mp4?t=1760108344\",\"max\":\"https:\\/\\/video.akamai.steamstatic.com\\/store_trailers\\/257214221\\/movie_max.mp4?t=1760108344\"}', 'https://video.akamai.steamstatic.com/store_trailers/2807960/1323554802/cea073981dc956dabb7e3b1e736f7b4239f0d5ec/1759925948/dash_av1.mpd?t=1760108344', 'https://video.akamai.steamstatic.com/store_trailers/2807960/1323554802/cea073981dc956dabb7e3b1e736f7b4239f0d5ec/1759925948/dash_h264.mpd?t=1760108344', 'https://video.akamai.steamstatic.com/store_trailers/2807960/1323554802/cea073981dc956dabb7e3b1e736f7b4239f0d5ec/1759925948/hls_264_master.m3u8?t=1760108344', true, NOW(), NOW());
INSERT INTO game_media (game_id, media_id, name, thumbnail, webm, mp4, dash_av1, dash_h264, hls_h264, highlight, created_at, updated_at) VALUES (8, 257208621, 'Gameplay MP Trailer ', 'https://shared.akamai.steamstatic.com/store_item_assets/steam/apps/257208621/729b4bd65240b85c72edb19b43a95ad95731a2a0/movie_600x337.jpg?t=1760108346', '{\"480\":\"https:\\/\\/video.akamai.steamstatic.com\\/store_trailers\\/257208621\\/movie480.webm?t=1760108346\",\"max\":\"https:\\/\\/video.akamai.steamstatic.com\\/store_trailers\\/257208621\\/movie_max.webm?t=1760108346\"}', '{\"480\":\"https:\\/\\/video.akamai.steamstatic.com\\/store_trailers\\/257208621\\/movie480.mp4?t=1760108346\",\"max\":\"https:\\/\\/video.akamai.steamstatic.com\\/store_trailers\\/257208621\\/movie_max.mp4?t=1760108346\"}', 'https://video.akamai.steamstatic.com/store_trailers/2807960/1449789929/c88a234eddb1cbb4fcec438e364374109987d589/1759156269/dash_av1.mpd?t=1760108346', 'https://video.akamai.steamstatic.com/store_trailers/2807960/1449789929/c88a234eddb1cbb4fcec438e364374109987d589/1759156269/dash_h264.mpd?t=1760108346', 'https://video.akamai.steamstatic.com/store_trailers/2807960/1449789929/c88a234eddb1cbb4fcec438e364374109987d589/1759156269/hls_264_master.m3u8?t=1760108346', true, NOW(), NOW());
INSERT INTO game_media (game_id, media_id, name, thumbnail, webm, mp4, dash_av1, dash_h264, hls_h264, highlight, created_at, updated_at) VALUES (8, 257208649, 'Battlefield 6 Official Reveal Trailer', 'https://shared.akamai.steamstatic.com/store_item_assets/steam/apps/257208649/21a5ec9be7b2fbd631770aa6e6a49ce0865a814b/movie_600x337.jpg?t=1760108349', '{\"480\":\"https:\\/\\/video.akamai.steamstatic.com\\/store_trailers\\/257208649\\/movie480.webm?t=1760108349\",\"max\":\"https:\\/\\/video.akamai.steamstatic.com\\/store_trailers\\/257208649\\/movie_max.webm?t=1760108349\"}', '{\"480\":\"https:\\/\\/video.akamai.steamstatic.com\\/store_trailers\\/257208649\\/movie480.mp4?t=1760108349\",\"max\":\"https:\\/\\/video.akamai.steamstatic.com\\/store_trailers\\/257208649\\/movie_max.mp4?t=1760108349\"}', 'https://video.akamai.steamstatic.com/store_trailers/2807960/1996825272/6e484c4145cba62f20f09a4aef125acf9f0ecf5a/1759159208/dash_av1.mpd?t=1760108349', 'https://video.akamai.steamstatic.com/store_trailers/2807960/1996825272/6e484c4145cba62f20f09a4aef125acf9f0ecf5a/1759159208/dash_h264.mpd?t=1760108349', 'https://video.akamai.steamstatic.com/store_trailers/2807960/1996825272/6e484c4145cba62f20f09a4aef125acf9f0ecf5a/1759159208/hls_264_master.m3u8?t=1760108349', false, NOW(), NOW());
INSERT INTO game_category (game_id, category_id, created_at, updated_at) VALUES (8, 39, NOW(), NOW());
INSERT INTO game_category (game_id, category_id, created_at, updated_at) VALUES (8, 24, NOW(), NOW());
INSERT INTO game_category (game_id, category_id, created_at, updated_at) VALUES (8, 30, NOW(), NOW());
INSERT INTO game_category (game_id, category_id, created_at, updated_at) VALUES (8, 27, NOW(), NOW());
INSERT INTO game_category (game_id, category_id, created_at, updated_at) VALUES (8, 10, NOW(), NOW());
INSERT INTO game_category (game_id, category_id, created_at, updated_at) VALUES (8, 41, NOW(), NOW());
INSERT INTO game_category (game_id, category_id, created_at, updated_at) VALUES (8, 13, NOW(), NOW());
INSERT INTO game_category (game_id, category_id, created_at, updated_at) VALUES (8, 16, NOW(), NOW());
INSERT INTO game_category (game_id, category_id, created_at, updated_at) VALUES (8, 3, NOW(), NOW());
INSERT INTO game_category (game_id, category_id, created_at, updated_at) VALUES (8, 5, NOW(), NOW());
INSERT INTO game_category (game_id, category_id, created_at, updated_at) VALUES (8, 6, NOW(), NOW());
INSERT INTO game_category (game_id, category_id, created_at, updated_at) VALUES (8, 8, NOW(), NOW());
INSERT INTO game_category (game_id, category_id, created_at, updated_at) VALUES (8, 11, NOW(), NOW());
INSERT INTO game_category (game_id, category_id, created_at, updated_at) VALUES (8, 1, NOW(), NOW());
INSERT INTO game_category (game_id, category_id, created_at, updated_at) VALUES (8, 19, NOW(), NOW());
INSERT INTO game_category (game_id, category_id, created_at, updated_at) VALUES (8, 29, NOW(), NOW());
INSERT INTO game_category (game_id, category_id, created_at, updated_at) VALUES (8, 49, NOW(), NOW());
INSERT INTO game_category (game_id, category_id, created_at, updated_at) VALUES (8, 50, NOW(), NOW());
INSERT INTO game_category (game_id, category_id, created_at, updated_at) VALUES (8, 51, NOW(), NOW());
INSERT INTO game_category (game_id, category_id, created_at, updated_at) VALUES (8, 42, NOW(), NOW());
INSERT INTO game_category (game_id, category_id, created_at, updated_at) VALUES (8, 15, NOW(), NOW());
INSERT INTO game_genre (game_id, genre_id, created_at, updated_at) VALUES (8, 1, NOW(), NOW());
INSERT INTO game_developer (game_id, developer_id, created_at, updated_at) VALUES (8, 9, NOW(), NOW());
INSERT INTO game_publisher (game_id, publisher_id, created_at, updated_at) VALUES (8, 26, NOW(), NOW());

-- Game #9: Escape From Duckov
INSERT INTO games (id, steam_id, name, type, slug, short_description, required_age, is_free, have_dlc, icon, supported_languages, release_date, coming_soon, recommendations, achievements_count, positive_reviews, negative_reviews, total_reviews, positive_ratio, content_descriptors, is_active, created_at, updated_at) VALUES (9, 3167020, 'Escape From Duckov', 'game', 'escape-from-duckov', 'Escape from Duckov is a PVE indie survival RPG — in a duck\'s world!. Scavenge for resources, build your hideout, and upgrade your gear in the world of Duckov. Start from nothing and rise to the top. Outwit hostile ducks, survive, or make it out alive.', 0, false, false, 'https://shared.akamai.steamstatic.com/store_item_assets/steam/apps/3167020/header.jpg?t=1761189013', '[\"Simplified Chinese\",\"English\",\"Traditional Chinese\",\"Japanese\",\"German\",\"Russian\",\"Spanish - Latin America\",\"Korean\",\"French\",\"Portuguese - Brazil\"]', '2025-10-16', false, 21761, 55, 237, 63, 300, 0.79, '{\"ids\":[],\"notes\":null}', true, NOW(), NOW());
INSERT INTO game_platforms (game_id, windows, mac, linux, created_at, updated_at) VALUES (9, true, true, false, NOW(), NOW());
INSERT INTO game_requirements (game_id, pc_requirements, mac_requirements, linux_requirements, created_at, updated_at) VALUES (9, 'Minimum: Requires a 64-bit processor and operating system OS: Windows 10 Processor: intel Core i7-9700/AMD Ryzen 5 5600 Memory: 8 GB RAM Graphics: NVIDIA GeForce GTX 1060/AMD Radeon RX 6500 XT DirectX: Version 11 Storage: 16 GB available space VR Support: 无', 'Minimum: OS: 15.6.1 Processor: Apple M3 Memory: 16 GB RAM', 'Minimum:', NOW(), NOW());
INSERT INTO game_community_ratings (game_id, toxicity_rate, cheater_rate, bug_rate, microtransaction_rate, bad_optimization_rate, not_recommended_rate, created_at, updated_at) VALUES (9, 0, 0, 0, 0, 0.005, 0.057, NOW(), NOW());
INSERT INTO game_media (game_id, media_id, name, thumbnail, webm, mp4, dash_av1, dash_h264, hls_h264, highlight, created_at, updated_at) VALUES (9, 257220377, 'EN_PV4', 'https://shared.akamai.steamstatic.com/store_item_assets/steam/apps/257220377/6706eb4d4a20c1699f28e9d069fef0baf34b5b99/movie_600x337.jpg?t=1761034361', '{\"480\":\"https:\\/\\/video.akamai.steamstatic.com\\/store_trailers\\/257220377\\/movie480.webm?t=1761034361\",\"max\":\"https:\\/\\/video.akamai.steamstatic.com\\/store_trailers\\/257220377\\/movie_max.webm?t=1761034361\"}', '{\"480\":\"https:\\/\\/video.akamai.steamstatic.com\\/store_trailers\\/257220377\\/movie480.mp4?t=1761034361\",\"max\":\"https:\\/\\/video.akamai.steamstatic.com\\/store_trailers\\/257220377\\/movie_max.mp4?t=1761034361\"}', 'https://video.akamai.steamstatic.com/store_trailers/3167020/35421272/5f11b29c042e3414fd59310e529931fbbb009161/1761032419/dash_av1.mpd?t=1761034361', 'https://video.akamai.steamstatic.com/store_trailers/3167020/35421272/5f11b29c042e3414fd59310e529931fbbb009161/1761032419/dash_h264.mpd?t=1761034361', 'https://video.akamai.steamstatic.com/store_trailers/3167020/35421272/5f11b29c042e3414fd59310e529931fbbb009161/1761032419/hls_264_master.m3u8?t=1761034361', true, NOW(), NOW());
INSERT INTO game_media (game_id, media_id, name, thumbnail, webm, mp4, dash_av1, dash_h264, hls_h264, highlight, created_at, updated_at) VALUES (9, 257147038, 'en_pv1', 'https://shared.akamai.steamstatic.com/store_item_assets/steam/apps/257147038/c644c2d6b3d434bcf434ad2f4176870f82a13b71/movie_600x337.jpg?t=1748433297', '{\"480\":\"https:\\/\\/video.akamai.steamstatic.com\\/store_trailers\\/257147038\\/movie480_vp9.webm?t=1748433297\",\"max\":\"https:\\/\\/video.akamai.steamstatic.com\\/store_trailers\\/257147038\\/movie_max_vp9.webm?t=1748433297\"}', '{\"480\":\"https:\\/\\/video.akamai.steamstatic.com\\/store_trailers\\/257147038\\/movie480.mp4?t=1748433297\",\"max\":\"https:\\/\\/video.akamai.steamstatic.com\\/store_trailers\\/257147038\\/movie_max.mp4?t=1748433297\"}', 'https://video.akamai.steamstatic.com/store_trailers/3167020/1848407350/c8f6d273b42bea920b836685c1bdd11c90fb2601/1750877040/dash_av1.mpd?t=1748433297', 'https://video.akamai.steamstatic.com/store_trailers/3167020/1848407350/c8f6d273b42bea920b836685c1bdd11c90fb2601/1750877040/dash_h264.mpd?t=1748433297', 'https://video.akamai.steamstatic.com/store_trailers/3167020/1848407350/c8f6d273b42bea920b836685c1bdd11c90fb2601/1750877040/hls_264_master.m3u8?t=1748433297', false, NOW(), NOW());
INSERT INTO game_media (game_id, media_id, name, thumbnail, webm, mp4, dash_av1, dash_h264, hls_h264, highlight, created_at, updated_at) VALUES (9, 257091171, 'en_pv', 'https://shared.akamai.steamstatic.com/store_item_assets/steam/apps/257091171/26d91b8ecb21bcbc0ab11cccbd6f9545d536cfd7/movie_600x337.jpg?t=1737539162', '{\"480\":\"https:\\/\\/video.akamai.steamstatic.com\\/store_trailers\\/257091171\\/movie480_vp9.webm?t=1737539162\",\"max\":\"https:\\/\\/video.akamai.steamstatic.com\\/store_trailers\\/257091171\\/movie_max_vp9.webm?t=1737539162\"}', '{\"480\":\"https:\\/\\/video.akamai.steamstatic.com\\/store_trailers\\/257091171\\/movie480.mp4?t=1737539162\",\"max\":\"https:\\/\\/video.akamai.steamstatic.com\\/store_trailers\\/257091171\\/movie_max.mp4?t=1737539162\"}', 'https://video.akamai.steamstatic.com/store_trailers/3167020/816661/9ec7a46766b3979bf8e3f5acc57c63cba7f5fd26/1750877034/dash_av1.mpd?t=1737539162', 'https://video.akamai.steamstatic.com/store_trailers/3167020/816661/9ec7a46766b3979bf8e3f5acc57c63cba7f5fd26/1750877034/dash_h264.mpd?t=1737539162', 'https://video.akamai.steamstatic.com/store_trailers/3167020/816661/9ec7a46766b3979bf8e3f5acc57c63cba7f5fd26/1750877034/hls_264_master.m3u8?t=1737539162', false, NOW(), NOW());
INSERT INTO game_media (game_id, media_id, name, thumbnail, webm, mp4, dash_av1, dash_h264, hls_h264, highlight, created_at, updated_at) VALUES (9, 257078723, '宣传片', 'https://shared.akamai.steamstatic.com/store_item_assets/steam/apps/257078723/eca41f6c94038b677dc7d4cd8a2ea8e5cdc3fb0a/movie_600x337.jpg?t=1737718950', '{\"480\":\"https:\\/\\/video.akamai.steamstatic.com\\/store_trailers\\/257078723\\/movie480_vp9.webm?t=1737718950\",\"max\":\"https:\\/\\/video.akamai.steamstatic.com\\/store_trailers\\/257078723\\/movie_max_vp9.webm?t=1737718950\"}', '{\"480\":\"https:\\/\\/video.akamai.steamstatic.com\\/store_trailers\\/257078723\\/movie480.mp4?t=1737718950\",\"max\":\"https:\\/\\/video.akamai.steamstatic.com\\/store_trailers\\/257078723\\/movie_max.mp4?t=1737718950\"}', 'https://video.akamai.steamstatic.com/store_trailers/3167020/794763/6ddf9dccd5db15526e045cb33f0804dbc995d85f/1750877033/dash_av1.mpd?t=1737718950', 'https://video.akamai.steamstatic.com/store_trailers/3167020/794763/6ddf9dccd5db15526e045cb33f0804dbc995d85f/1750877033/dash_h264.mpd?t=1737718950', 'https://video.akamai.steamstatic.com/store_trailers/3167020/794763/6ddf9dccd5db15526e045cb33f0804dbc995d85f/1750877033/hls_264_master.m3u8?t=1737718950', false, NOW(), NOW());
INSERT INTO game_category (game_id, category_id, created_at, updated_at) VALUES (9, 39, NOW(), NOW());
INSERT INTO game_category (game_id, category_id, created_at, updated_at) VALUES (9, 41, NOW(), NOW());
INSERT INTO game_category (game_id, category_id, created_at, updated_at) VALUES (9, 45, NOW(), NOW());
INSERT INTO game_category (game_id, category_id, created_at, updated_at) VALUES (9, 47, NOW(), NOW());
INSERT INTO game_category (game_id, category_id, created_at, updated_at) VALUES (9, 11, NOW(), NOW());
INSERT INTO game_category (game_id, category_id, created_at, updated_at) VALUES (9, 1, NOW(), NOW());
INSERT INTO game_category (game_id, category_id, created_at, updated_at) VALUES (9, 49, NOW(), NOW());
INSERT INTO game_category (game_id, category_id, created_at, updated_at) VALUES (9, 42, NOW(), NOW());
INSERT INTO game_category (game_id, category_id, created_at, updated_at) VALUES (9, 12, NOW(), NOW());
INSERT INTO game_genre (game_id, genre_id, created_at, updated_at) VALUES (9, 1, NOW(), NOW());
INSERT INTO game_genre (game_id, genre_id, created_at, updated_at) VALUES (9, 2, NOW(), NOW());
INSERT INTO game_genre (game_id, genre_id, created_at, updated_at) VALUES (9, 11, NOW(), NOW());
INSERT INTO game_genre (game_id, genre_id, created_at, updated_at) VALUES (9, 14, NOW(), NOW());
INSERT INTO game_developer (game_id, developer_id, created_at, updated_at) VALUES (9, 100, NOW(), NOW());
INSERT INTO game_publisher (game_id, publisher_id, created_at, updated_at) VALUES (9, 87, NOW(), NOW());

-- Game #10: Marvel Rivals
INSERT INTO games (id, steam_id, name, type, slug, short_description, required_age, is_free, have_dlc, icon, supported_languages, release_date, coming_soon, recommendations, achievements_count, positive_reviews, negative_reviews, total_reviews, positive_ratio, content_descriptors, is_active, created_at, updated_at) VALUES (10, 2767030, 'Marvel Rivals', 'game', 'marvel-rivals', 'Marvel Rivals is a Super Hero Team-Based PVP Shooter! Assemble an all-star Marvel squad, devise countless strategies by combining powers to form unique Team-Up skills and fight in destructible, ever-changing battlefields across the continually evolving Marvel universe!', 0, true, false, 'https://shared.akamai.steamstatic.com/store_item_assets/steam/apps/2767030/8b1b7780890abda807fefb7c7550838e122a7b14/header.jpg?t=1760151360', '[\"English *\",\"French\",\"Italian\",\"German\",\"Spanish - Spain\",\"Russian\",\"Turkish\",\"Thai\",\"Simplified Chinese *\",\"Traditional Chinese\",\"Spanish - Latin America\",\"Korean\",\"Japanese *\",\"Polish\",\"Portuguese - Brazil\",\"Arabic * languages with full audio support\"]', '2024-12-05', false, 0, 49, 34, 266, 300, 0.113, '{\"ids\":[],\"notes\":null}', true, NOW(), NOW());
INSERT INTO game_platforms (game_id, windows, mac, linux, created_at, updated_at) VALUES (10, true, false, false, NOW(), NOW());
INSERT INTO game_requirements (game_id, pc_requirements, mac_requirements, linux_requirements, created_at, updated_at) VALUES (10, 'Minimum: OS: Windows 10 64-bit (1909 or newer) Processor: Intel Core i5-6600K or AMD Ryzen 5 1600X Memory: 16 GB RAM Graphics: NVIDIA GeForce GTX 1060 / AMD RX 580 / Intel Arc A380 DirectX: Version 12 Network: Broadband Internet connection Storage: 70 GB available space Additional Notes: We recommend you install the game on SSD drive for better experience.', '', '', NOW(), NOW());
INSERT INTO game_community_ratings (game_id, toxicity_rate, cheater_rate, bug_rate, microtransaction_rate, bad_optimization_rate, not_recommended_rate, created_at, updated_at) VALUES (10, 0.242, 0.128, 0.045, 0.016, 0.081, 0.233, NOW(), NOW());
INSERT INTO game_media (game_id, media_id, name, thumbnail, webm, mp4, dash_av1, dash_h264, hls_h264, highlight, created_at, updated_at) VALUES (10, 257215315, 'Marvel Rivals Season 4.5 | Daredevil has officially joined', 'https://shared.akamai.steamstatic.com/store_item_assets/steam/apps/257215315/e2e4a36d02c7dfe0b8ed1393a37042de2832f2d4/movie_600x337.jpg?t=1760087113', '{\"480\":\"https:\\/\\/video.akamai.steamstatic.com\\/store_trailers\\/257215315\\/movie480.webm?t=1760087113\",\"max\":\"https:\\/\\/video.akamai.steamstatic.com\\/store_trailers\\/257215315\\/movie_max.webm?t=1760087113\"}', '{\"480\":\"https:\\/\\/video.akamai.steamstatic.com\\/store_trailers\\/257215315\\/movie480.mp4?t=1760087113\",\"max\":\"https:\\/\\/video.akamai.steamstatic.com\\/store_trailers\\/257215315\\/movie_max.mp4?t=1760087113\"}', 'https://video.akamai.steamstatic.com/store_trailers/2767030/216139444/55fd53bb0e9db8bd7d51e135e84adc64829f795f/1760066047/dash_av1.mpd?t=1760087113', 'https://video.akamai.steamstatic.com/store_trailers/2767030/216139444/55fd53bb0e9db8bd7d51e135e84adc64829f795f/1760066047/dash_h264.mpd?t=1760087113', 'https://video.akamai.steamstatic.com/store_trailers/2767030/216139444/55fd53bb0e9db8bd7d51e135e84adc64829f795f/1760066047/hls_264_master.m3u8?t=1760087113', true, NOW(), NOW());
INSERT INTO game_media (game_id, media_id, name, thumbnail, webm, mp4, dash_av1, dash_h264, hls_h264, highlight, created_at, updated_at) VALUES (10, 257196561, 'Marvel Rivals Season 4: Heart of the Dragon', 'https://shared.akamai.steamstatic.com/store_item_assets/steam/apps/257196561/8671f52f6c96b49f24ad5a4475f678d35b295f10/movie_600x337.jpg?t=1757669638', '{\"480\":\"https:\\/\\/video.akamai.steamstatic.com\\/store_trailers\\/257196561\\/movie480_vp9.webm?t=1757669638\",\"max\":\"https:\\/\\/video.akamai.steamstatic.com\\/store_trailers\\/257196561\\/movie_max_vp9.webm?t=1757669638\"}', '{\"480\":\"https:\\/\\/video.akamai.steamstatic.com\\/store_trailers\\/257196561\\/movie480.mp4?t=1757669638\",\"max\":\"https:\\/\\/video.akamai.steamstatic.com\\/store_trailers\\/257196561\\/movie_max.mp4?t=1757669638\"}', 'https://video.akamai.steamstatic.com/store_trailers/2767030/963234451/c2eb412cc6cab635bf908c5e8372c31b7282e8de/1757649359/dash_av1.mpd?t=1757669638', 'https://video.akamai.steamstatic.com/store_trailers/2767030/963234451/c2eb412cc6cab635bf908c5e8372c31b7282e8de/1757649359/dash_h264.mpd?t=1757669638', 'https://video.akamai.steamstatic.com/store_trailers/2767030/963234451/c2eb412cc6cab635bf908c5e8372c31b7282e8de/1757649359/hls_264_master.m3u8?t=1757669638', false, NOW(), NOW());
INSERT INTO game_media (game_id, media_id, name, thumbnail, webm, mp4, dash_av1, dash_h264, hls_h264, highlight, created_at, updated_at) VALUES (10, 257180236, 'Season 3.5 Is Live Now. Blade Has Joined Marvel Rivals！', 'https://shared.akamai.steamstatic.com/store_item_assets/steam/apps/257180236/de72a2aaa84547b5b28a62e7e2b6096720d2dc4d/movie_600x337.jpg?t=1754651780', '{\"480\":\"https:\\/\\/video.akamai.steamstatic.com\\/store_trailers\\/257180236\\/movie480_vp9.webm?t=1754651780\",\"max\":\"https:\\/\\/video.akamai.steamstatic.com\\/store_trailers\\/257180236\\/movie_max_vp9.webm?t=1754651780\"}', '{\"480\":\"https:\\/\\/video.akamai.steamstatic.com\\/store_trailers\\/257180236\\/movie480.mp4?t=1754651780\",\"max\":\"https:\\/\\/video.akamai.steamstatic.com\\/store_trailers\\/257180236\\/movie_max.mp4?t=1754651780\"}', 'https://video.akamai.steamstatic.com/store_trailers/2767030/1656326093/ec8557f0a75d406b0ef1a6bf80e50ae29adc04d4/1754645211/dash_av1.mpd?t=1754651780', 'https://video.akamai.steamstatic.com/store_trailers/2767030/1656326093/ec8557f0a75d406b0ef1a6bf80e50ae29adc04d4/1754645211/dash_h264.mpd?t=1754651780', 'https://video.akamai.steamstatic.com/store_trailers/2767030/1656326093/ec8557f0a75d406b0ef1a6bf80e50ae29adc04d4/1754645211/hls_264_master.m3u8?t=1754651780', false, NOW(), NOW());
INSERT INTO game_media (game_id, media_id, name, thumbnail, webm, mp4, dash_av1, dash_h264, hls_h264, highlight, created_at, updated_at) VALUES (10, 257148215, 'Marvel Rivals S2.5:Ultron has officially joined Marvel Rivals', 'https://shared.akamai.steamstatic.com/store_item_assets/steam/apps/257148215/59623b872a8e1fe0b1cda8362fd05d2ce73b90b0/movie_600x337.jpg?t=1748596175', '{\"480\":\"https:\\/\\/video.akamai.steamstatic.com\\/store_trailers\\/257148215\\/movie480_vp9.webm?t=1748596175\",\"max\":\"https:\\/\\/video.akamai.steamstatic.com\\/store_trailers\\/257148215\\/movie_max_vp9.webm?t=1748596175\"}', '{\"480\":\"https:\\/\\/video.akamai.steamstatic.com\\/store_trailers\\/257148215\\/movie480.mp4?t=1748596175\",\"max\":\"https:\\/\\/video.akamai.steamstatic.com\\/store_trailers\\/257148215\\/movie_max.mp4?t=1748596175\"}', 'https://video.akamai.steamstatic.com/store_trailers/2767030/1766436966/3f6e6631682dcddb69a095d4184df0e29877795e/1748810997/dash_av1.mpd?t=1748596175', 'https://video.akamai.steamstatic.com/store_trailers/2767030/1766436966/3f6e6631682dcddb69a095d4184df0e29877795e/1748810997/dash_h264.mpd?t=1748596175', 'https://video.akamai.steamstatic.com/store_trailers/2767030/1766436966/3f6e6631682dcddb69a095d4184df0e29877795e/1748810997/hls_264_master.m3u8?t=1748596175', false, NOW(), NOW());
INSERT INTO game_media (game_id, media_id, name, thumbnail, webm, mp4, dash_av1, dash_h264, hls_h264, highlight, created_at, updated_at) VALUES (10, 257100747, 'Season 1.5-Human Torch and The thing join Marvel Rivals', 'https://shared.akamai.steamstatic.com/store_item_assets/steam/apps/257100747/09dc4c941bc224f7862b2f3f372a968435060401/movie_600x337.jpg?t=1740137114', '{\"480\":\"https:\\/\\/video.akamai.steamstatic.com\\/store_trailers\\/257100747\\/movie480_vp9.webm?t=1740137114\",\"max\":\"https:\\/\\/video.akamai.steamstatic.com\\/store_trailers\\/257100747\\/movie_max_vp9.webm?t=1740137114\"}', '{\"480\":\"https:\\/\\/video.akamai.steamstatic.com\\/store_trailers\\/257100747\\/movie480.mp4?t=1740137114\",\"max\":\"https:\\/\\/video.akamai.steamstatic.com\\/store_trailers\\/257100747\\/movie_max.mp4?t=1740137114\"}', 'https://video.akamai.steamstatic.com/store_trailers/2767030/832901/a329e8f43d2193f0ac18e24dfa1c9010e9d48c3e/1748810997/dash_av1.mpd?t=1740137114', 'https://video.akamai.steamstatic.com/store_trailers/2767030/832901/a329e8f43d2193f0ac18e24dfa1c9010e9d48c3e/1748810997/dash_h264.mpd?t=1740137114', 'https://video.akamai.steamstatic.com/store_trailers/2767030/832901/a329e8f43d2193f0ac18e24dfa1c9010e9d48c3e/1748810997/hls_264_master.m3u8?t=1740137114', false, NOW(), NOW());
INSERT INTO game_media (game_id, media_id, name, thumbnail, webm, mp4, dash_av1, dash_h264, hls_h264, highlight, created_at, updated_at) VALUES (10, 257077891, 'Marvel Rivals | Rivals \'Til the End |  Official Launch Trailer', 'https://shared.akamai.steamstatic.com/store_item_assets/steam/apps/257077891/aed38ebb85853c92d4547eb61f84426d46300cab/movie_600x337.jpg?t=1732982458', '{\"480\":\"https:\\/\\/video.akamai.steamstatic.com\\/store_trailers\\/257077891\\/movie480_vp9.webm?t=1732982458\",\"max\":\"https:\\/\\/video.akamai.steamstatic.com\\/store_trailers\\/257077891\\/movie_max_vp9.webm?t=1732982458\"}', '{\"480\":\"https:\\/\\/video.akamai.steamstatic.com\\/store_trailers\\/257077891\\/movie480.mp4?t=1732982458\",\"max\":\"https:\\/\\/video.akamai.steamstatic.com\\/store_trailers\\/257077891\\/movie_max.mp4?t=1732982458\"}', 'https://video.akamai.steamstatic.com/store_trailers/2767030/793246/c7365aa0420adf175a417c84b62351036f7a070b/1748810996/dash_av1.mpd?t=1732982458', 'https://video.akamai.steamstatic.com/store_trailers/2767030/793246/c7365aa0420adf175a417c84b62351036f7a070b/1748810996/dash_h264.mpd?t=1732982458', 'https://video.akamai.steamstatic.com/store_trailers/2767030/793246/c7365aa0420adf175a417c84b62351036f7a070b/1748810996/hls_264_master.m3u8?t=1732982458', false, NOW(), NOW());
INSERT INTO game_media (game_id, media_id, name, thumbnail, webm, mp4, dash_av1, dash_h264, hls_h264, highlight, created_at, updated_at) VALUES (10, 257079154, 'Season 0: Dooms\' Rise Official Trailer', 'https://shared.akamai.steamstatic.com/store_item_assets/steam/apps/257079154/62f1040a690454107b94e34929538941925ef22d/movie_600x337.jpg?t=1733439843', '{\"480\":\"https:\\/\\/video.akamai.steamstatic.com\\/store_trailers\\/257079154\\/movie480_vp9.webm?t=1733439843\",\"max\":\"https:\\/\\/video.akamai.steamstatic.com\\/store_trailers\\/257079154\\/movie_max_vp9.webm?t=1733439843\"}', '{\"480\":\"https:\\/\\/video.akamai.steamstatic.com\\/store_trailers\\/257079154\\/movie480.mp4?t=1733439843\",\"max\":\"https:\\/\\/video.akamai.steamstatic.com\\/store_trailers\\/257079154\\/movie_max.mp4?t=1733439843\"}', 'https://video.akamai.steamstatic.com/store_trailers/2767030/795411/4d98ee26bfc703c0b2ff556621bb58c78457d4d2/1748810996/dash_av1.mpd?t=1733439843', 'https://video.akamai.steamstatic.com/store_trailers/2767030/795411/4d98ee26bfc703c0b2ff556621bb58c78457d4d2/1748810996/dash_h264.mpd?t=1733439843', 'https://video.akamai.steamstatic.com/store_trailers/2767030/795411/4d98ee26bfc703c0b2ff556621bb58c78457d4d2/1748810996/hls_264_master.m3u8?t=1733439843', false, NOW(), NOW());
INSERT INTO game_media (game_id, media_id, name, thumbnail, webm, mp4, dash_av1, dash_h264, hls_h264, highlight, created_at, updated_at) VALUES (10, 257040847, 'No One Rivals Doom | Cinematic Trailer | Marvel Rivals', 'https://shared.akamai.steamstatic.com/store_item_assets/steam/apps/257040847/movie.293x165.jpg?t=1722825582', '{\"480\":\"https:\\/\\/video.akamai.steamstatic.com\\/store_trailers\\/257040847\\/movie480_vp9.webm?t=1722825582\",\"max\":\"https:\\/\\/video.akamai.steamstatic.com\\/store_trailers\\/257040847\\/movie_max_vp9.webm?t=1722825582\"}', '{\"480\":\"https:\\/\\/video.akamai.steamstatic.com\\/store_trailers\\/257040847\\/movie480.mp4?t=1722825582\",\"max\":\"https:\\/\\/video.akamai.steamstatic.com\\/store_trailers\\/257040847\\/movie_max.mp4?t=1722825582\"}', 'https://video.akamai.steamstatic.com/store_trailers/2767030/731301/0a55586e9eed29249f1b6962872807a64a4001f5/1748810996/dash_av1.mpd?t=1722825582', 'https://video.akamai.steamstatic.com/store_trailers/2767030/731301/0a55586e9eed29249f1b6962872807a64a4001f5/1748810996/dash_h264.mpd?t=1722825582', 'https://video.akamai.steamstatic.com/store_trailers/2767030/731301/0a55586e9eed29249f1b6962872807a64a4001f5/1748810996/hls_264_master.m3u8?t=1722825582', false, NOW(), NOW());
INSERT INTO game_category (game_id, category_id, created_at, updated_at) VALUES (10, 24, NOW(), NOW());
INSERT INTO game_category (game_id, category_id, created_at, updated_at) VALUES (10, 30, NOW(), NOW());
INSERT INTO game_category (game_id, category_id, created_at, updated_at) VALUES (10, 27, NOW(), NOW());
INSERT INTO game_category (game_id, category_id, created_at, updated_at) VALUES (10, 7, NOW(), NOW());
INSERT INTO game_category (game_id, category_id, created_at, updated_at) VALUES (10, 26, NOW(), NOW());
INSERT INTO game_category (game_id, category_id, created_at, updated_at) VALUES (10, 10, NOW(), NOW());
INSERT INTO game_category (game_id, category_id, created_at, updated_at) VALUES (10, 41, NOW(), NOW());
INSERT INTO game_category (game_id, category_id, created_at, updated_at) VALUES (10, 13, NOW(), NOW());
INSERT INTO game_category (game_id, category_id, created_at, updated_at) VALUES (10, 16, NOW(), NOW());
INSERT INTO game_genre (game_id, genre_id, created_at, updated_at) VALUES (10, 1, NOW(), NOW());
INSERT INTO game_genre (game_id, genre_id, created_at, updated_at) VALUES (10, 9, NOW(), NOW());
INSERT INTO game_developer (game_id, developer_id, created_at, updated_at) VALUES (10, 66, NOW(), NOW());
INSERT INTO game_publisher (game_id, publisher_id, created_at, updated_at) VALUES (10, 51, NOW(), NOW());

-- Game #11: Delta Force
INSERT INTO games (id, steam_id, name, type, slug, short_description, required_age, is_free, have_dlc, icon, supported_languages, release_date, coming_soon, recommendations, achievements_count, positive_reviews, negative_reviews, total_reviews, positive_ratio, content_descriptors, is_active, created_at, updated_at) VALUES (11, 2507950, 'Delta Force', 'game', 'delta-force', 'Delta Force is back! The iconic series returns as the definitive free-to-play modern team-based tactical shooter and featuring three distinct gameplay modes: large-scale PvP warfare, intense extraction shooter action, and a remake of the legendary Black Hawk Down campaign.', 0, true, true, 'https://shared.akamai.steamstatic.com/store_item_assets/steam/apps/2507950/d98b71456e101ccba0391b72f4d202ffe20cdf80/header_alt_assets_5.jpg?t=1760065687', '[\"English *\",\"Simplified Chinese *\",\"French\",\"German\",\"Russian\",\"Spanish - Latin America\",\"Arabic\",\"Japanese\",\"Korean\",\"Portuguese - Brazil\",\"Traditional Chinese\",\"Turkish * languages with full audio support\"]', '2024-12-04', false, 0, 53, 79, 221, 300, 0.263, '{\"ids\":[],\"notes\":null}', true, NOW(), NOW());
INSERT INTO game_platforms (game_id, windows, mac, linux, created_at, updated_at) VALUES (11, true, false, false, NOW(), NOW());
INSERT INTO game_requirements (game_id, pc_requirements, mac_requirements, linux_requirements, created_at, updated_at) VALUES (11, 'Minimum: Requires a 64-bit processor and operating system OS: Windows 10 64 bit Processor: Intel Core i3-4150 / AMD FX-6300 Memory: 8 GB RAM Graphics: Nvidia Geforce GTX 660 / AMD HD 7870 / Intel Arc A380 DirectX: Version 12 Network: Broadband Internet connection Storage: 88 GB available space', 'Minimum:', 'Minimum:', NOW(), NOW());
INSERT INTO game_community_ratings (game_id, toxicity_rate, cheater_rate, bug_rate, microtransaction_rate, bad_optimization_rate, not_recommended_rate, created_at, updated_at) VALUES (11, 0.141, 0.411, 0.057, 0.019, 0.116, 0.157, NOW(), NOW());
INSERT INTO game_media (game_id, media_id, name, thumbnail, webm, mp4, dash_av1, dash_h264, hls_h264, highlight, created_at, updated_at) VALUES (11, 257200925, 'Season War Ablaze Trailer', 'https://shared.akamai.steamstatic.com/store_item_assets/steam/apps/257200925/3d5a55b3eddcab1a21a49755f2f73d477d77e51f/movie_600x337.jpg?t=1758592876', '{\"480\":\"https:\\/\\/video.akamai.steamstatic.com\\/store_trailers\\/257200925\\/movie480_vp9.webm?t=1758592876\",\"max\":\"https:\\/\\/video.akamai.steamstatic.com\\/store_trailers\\/257200925\\/movie_max_vp9.webm?t=1758592876\"}', '{\"480\":\"https:\\/\\/video.akamai.steamstatic.com\\/store_trailers\\/257200925\\/movie480.mp4?t=1758592876\",\"max\":\"https:\\/\\/video.akamai.steamstatic.com\\/store_trailers\\/257200925\\/movie_max.mp4?t=1758592876\"}', 'https://video.akamai.steamstatic.com/store_trailers/2507950/367528707/8f9bf46b786ed64cf72a1a584e4f743fe37fef3c/1758183578/dash_av1.mpd?t=1758592876', 'https://video.akamai.steamstatic.com/store_trailers/2507950/367528707/8f9bf46b786ed64cf72a1a584e4f743fe37fef3c/1758183578/dash_h264.mpd?t=1758592876', 'https://video.akamai.steamstatic.com/store_trailers/2507950/367528707/8f9bf46b786ed64cf72a1a584e4f743fe37fef3c/1758183578/hls_264_master.m3u8?t=1758592876', true, NOW(), NOW());
INSERT INTO game_media (game_id, media_id, name, thumbnail, webm, mp4, dash_av1, dash_h264, hls_h264, highlight, created_at, updated_at) VALUES (11, 257166412, 'Season Break Trailer', 'https://shared.akamai.steamstatic.com/store_item_assets/steam/apps/257166412/b7cb6cf5f3141a73d6889103015bbc3faadff880/movie_600x337.jpg?t=1752026525', '{\"480\":\"https:\\/\\/video.akamai.steamstatic.com\\/store_trailers\\/257166412\\/movie480_vp9.webm?t=1752026525\",\"max\":\"https:\\/\\/video.akamai.steamstatic.com\\/store_trailers\\/257166412\\/movie_max_vp9.webm?t=1752026525\"}', '{\"480\":\"https:\\/\\/video.akamai.steamstatic.com\\/store_trailers\\/257166412\\/movie480.mp4?t=1752026525\",\"max\":\"https:\\/\\/video.akamai.steamstatic.com\\/store_trailers\\/257166412\\/movie_max.mp4?t=1752026525\"}', 'https://video.akamai.steamstatic.com/store_trailers/2507950/599905685/b015528c44eef6e0d98ad659c926981f9730f878/1751966688/dash_av1.mpd?t=1752026525', 'https://video.akamai.steamstatic.com/store_trailers/2507950/599905685/b015528c44eef6e0d98ad659c926981f9730f878/1751966688/dash_h264.mpd?t=1752026525', 'https://video.akamai.steamstatic.com/store_trailers/2507950/599905685/b015528c44eef6e0d98ad659c926981f9730f878/1751966688/hls_264_master.m3u8?t=1752026525', true, NOW(), NOW());
INSERT INTO game_media (game_id, media_id, name, thumbnail, webm, mp4, dash_av1, dash_h264, hls_h264, highlight, created_at, updated_at) VALUES (11, 257100297, 'Black Hawk Down Trailer', 'https://shared.akamai.steamstatic.com/store_item_assets/steam/apps/257100297/7bd4ee8a87d004f80c95002573228a6e9cb67a20/movie_600x337.jpg?t=1740053893', '{\"480\":\"https:\\/\\/video.akamai.steamstatic.com\\/store_trailers\\/257100297\\/movie480_vp9.webm?t=1740053893\",\"max\":\"https:\\/\\/video.akamai.steamstatic.com\\/store_trailers\\/257100297\\/movie_max_vp9.webm?t=1740053893\"}', '{\"480\":\"https:\\/\\/video.akamai.steamstatic.com\\/store_trailers\\/257100297\\/movie480.mp4?t=1740053893\",\"max\":\"https:\\/\\/video.akamai.steamstatic.com\\/store_trailers\\/257100297\\/movie_max.mp4?t=1740053893\"}', 'https://video.akamai.steamstatic.com/store_trailers/2507950/832186/e465a5d2aae18c1f8f1bb80cc1aa12b8ed5c05cf/1750816018/dash_av1.mpd?t=1740053893', 'https://video.akamai.steamstatic.com/store_trailers/2507950/832186/e465a5d2aae18c1f8f1bb80cc1aa12b8ed5c05cf/1750816018/dash_h264.mpd?t=1740053893', 'https://video.akamai.steamstatic.com/store_trailers/2507950/832186/e465a5d2aae18c1f8f1bb80cc1aa12b8ed5c05cf/1750816018/hls_264_master.m3u8?t=1740053893', true, NOW(), NOW());
INSERT INTO game_media (game_id, media_id, name, thumbnail, webm, mp4, dash_av1, dash_h264, hls_h264, highlight, created_at, updated_at) VALUES (11, 257127714, 'Season Eclipse Vigil Trailer', 'https://shared.akamai.steamstatic.com/store_item_assets/steam/apps/257127714/b454885a0a256fe36b23828a2b4b0d2983240316/movie_600x337.jpg?t=1745200728', '{\"480\":\"https:\\/\\/video.akamai.steamstatic.com\\/store_trailers\\/257127714\\/movie480_vp9.webm?t=1745200728\",\"max\":\"https:\\/\\/video.akamai.steamstatic.com\\/store_trailers\\/257127714\\/movie_max_vp9.webm?t=1745200728\"}', '{\"480\":\"https:\\/\\/video.akamai.steamstatic.com\\/store_trailers\\/257127714\\/movie480.mp4?t=1745200728\",\"max\":\"https:\\/\\/video.akamai.steamstatic.com\\/store_trailers\\/257127714\\/movie_max.mp4?t=1745200728\"}', 'https://video.akamai.steamstatic.com/store_trailers/2507950/872927/7d4e1a54e235de4d5ef47cf48deb9c463b68126d/1750816020/dash_av1.mpd?t=1745200728', 'https://video.akamai.steamstatic.com/store_trailers/2507950/872927/7d4e1a54e235de4d5ef47cf48deb9c463b68126d/1750816020/dash_h264.mpd?t=1745200728', 'https://video.akamai.steamstatic.com/store_trailers/2507950/872927/7d4e1a54e235de4d5ef47cf48deb9c463b68126d/1750816020/hls_264_master.m3u8?t=1745200728', true, NOW(), NOW());
INSERT INTO game_media (game_id, media_id, name, thumbnail, webm, mp4, dash_av1, dash_h264, hls_h264, highlight, created_at, updated_at) VALUES (11, 257090113, 'Season Starfall Trailer', 'https://shared.akamai.steamstatic.com/store_item_assets/steam/apps/257090113/4521a159e25beba6468ea07c4dddca56a110d894/movie_600x337.jpg?t=1737344047', '{\"480\":\"https:\\/\\/video.akamai.steamstatic.com\\/store_trailers\\/257090113\\/movie480_vp9.webm?t=1737344047\",\"max\":\"https:\\/\\/video.akamai.steamstatic.com\\/store_trailers\\/257090113\\/movie_max_vp9.webm?t=1737344047\"}', '{\"480\":\"https:\\/\\/video.akamai.steamstatic.com\\/store_trailers\\/257090113\\/movie480.mp4?t=1737344047\",\"max\":\"https:\\/\\/video.akamai.steamstatic.com\\/store_trailers\\/257090113\\/movie_max.mp4?t=1737344047\"}', 'https://video.akamai.steamstatic.com/store_trailers/2507950/814750/4261c4a7665d77b1d4deb2fafed8f091b6a697a1/1750816015/dash_av1.mpd?t=1737344047', 'https://video.akamai.steamstatic.com/store_trailers/2507950/814750/4261c4a7665d77b1d4deb2fafed8f091b6a697a1/1750816015/dash_h264.mpd?t=1737344047', 'https://video.akamai.steamstatic.com/store_trailers/2507950/814750/4261c4a7665d77b1d4deb2fafed8f091b6a697a1/1750816015/hls_264_master.m3u8?t=1737344047', true, NOW(), NOW());
INSERT INTO game_media (game_id, media_id, name, thumbnail, webm, mp4, dash_av1, dash_h264, hls_h264, highlight, created_at, updated_at) VALUES (11, 257077876, 'Warfare Gameplay Trailer', 'https://shared.akamai.steamstatic.com/store_item_assets/steam/apps/257077876/bb7565941d15250f180ca9c48316f28beccb8e1a/movie_600x337.jpg?t=1733308204', '{\"480\":\"https:\\/\\/video.akamai.steamstatic.com\\/store_trailers\\/257077876\\/movie480_vp9.webm?t=1733308204\",\"max\":\"https:\\/\\/video.akamai.steamstatic.com\\/store_trailers\\/257077876\\/movie_max_vp9.webm?t=1733308204\"}', '{\"480\":\"https:\\/\\/video.akamai.steamstatic.com\\/store_trailers\\/257077876\\/movie480.mp4?t=1733308204\",\"max\":\"https:\\/\\/video.akamai.steamstatic.com\\/store_trailers\\/257077876\\/movie_max.mp4?t=1733308204\"}', 'https://video.akamai.steamstatic.com/store_trailers/2507950/793214/a39a041f3de9ca88d7475357f28db3119bc72ff1/1750816011/dash_av1.mpd?t=1733308204', 'https://video.akamai.steamstatic.com/store_trailers/2507950/793214/a39a041f3de9ca88d7475357f28db3119bc72ff1/1750816011/dash_h264.mpd?t=1733308204', 'https://video.akamai.steamstatic.com/store_trailers/2507950/793214/a39a041f3de9ca88d7475357f28db3119bc72ff1/1750816011/hls_264_master.m3u8?t=1733308204', true, NOW(), NOW());
INSERT INTO game_media (game_id, media_id, name, thumbnail, webm, mp4, dash_av1, dash_h264, hls_h264, highlight, created_at, updated_at) VALUES (11, 257078747, 'Operations Gameplay Trailer', 'https://shared.akamai.steamstatic.com/store_item_assets/steam/apps/257078747/ca9f3cce53568f136eaa2715899f90b9dc3a08eb/movie_600x337.jpg?t=1733308209', '{\"480\":\"https:\\/\\/video.akamai.steamstatic.com\\/store_trailers\\/257078747\\/movie480_vp9.webm?t=1733308209\",\"max\":\"https:\\/\\/video.akamai.steamstatic.com\\/store_trailers\\/257078747\\/movie_max_vp9.webm?t=1733308209\"}', '{\"480\":\"https:\\/\\/video.akamai.steamstatic.com\\/store_trailers\\/257078747\\/movie480.mp4?t=1733308209\",\"max\":\"https:\\/\\/video.akamai.steamstatic.com\\/store_trailers\\/257078747\\/movie_max.mp4?t=1733308209\"}', 'https://video.akamai.steamstatic.com/store_trailers/2507950/794799/d8ae72f761bf706bfff3210478024a0cf1472015/1750816014/dash_av1.mpd?t=1733308209', 'https://video.akamai.steamstatic.com/store_trailers/2507950/794799/d8ae72f761bf706bfff3210478024a0cf1472015/1750816014/dash_h264.mpd?t=1733308209', 'https://video.akamai.steamstatic.com/store_trailers/2507950/794799/d8ae72f761bf706bfff3210478024a0cf1472015/1750816014/hls_264_master.m3u8?t=1733308209', true, NOW(), NOW());
INSERT INTO game_media (game_id, media_id, name, thumbnail, webm, mp4, dash_av1, dash_h264, hls_h264, highlight, created_at, updated_at) VALUES (11, 257047545, 'Game Trailer', 'https://shared.akamai.steamstatic.com/store_item_assets/steam/apps/257047545/movie.293x165.jpg?t=1729651082', '{\"480\":\"https:\\/\\/video.akamai.steamstatic.com\\/store_trailers\\/257047545\\/movie480_vp9.webm?t=1729651082\",\"max\":\"https:\\/\\/video.akamai.steamstatic.com\\/store_trailers\\/257047545\\/movie_max_vp9.webm?t=1729651082\"}', '{\"480\":\"https:\\/\\/video.akamai.steamstatic.com\\/store_trailers\\/257047545\\/movie480.mp4?t=1729651082\",\"max\":\"https:\\/\\/video.akamai.steamstatic.com\\/store_trailers\\/257047545\\/movie_max.mp4?t=1729651082\"}', 'https://video.akamai.steamstatic.com/store_trailers/2507950/742682/829efbd5da9276c80438377193e0ef11470fc82a/1750816008/dash_av1.mpd?t=1729651082', 'https://video.akamai.steamstatic.com/store_trailers/2507950/742682/829efbd5da9276c80438377193e0ef11470fc82a/1750816008/dash_h264.mpd?t=1729651082', 'https://video.akamai.steamstatic.com/store_trailers/2507950/742682/829efbd5da9276c80438377193e0ef11470fc82a/1750816008/hls_264_master.m3u8?t=1729651082', true, NOW(), NOW());
INSERT INTO game_media (game_id, media_id, name, thumbnail, webm, mp4, dash_av1, dash_h264, hls_h264, highlight, created_at, updated_at) VALUES (11, 257031960, 'Black Hawk Down Trailer', 'https://shared.akamai.steamstatic.com/store_item_assets/steam/apps/257031960/movie.293x165.jpg?t=1718768614', '{\"480\":\"https:\\/\\/video.akamai.steamstatic.com\\/store_trailers\\/257031960\\/movie480_vp9.webm?t=1718768614\",\"max\":\"https:\\/\\/video.akamai.steamstatic.com\\/store_trailers\\/257031960\\/movie_max_vp9.webm?t=1718768614\"}', '{\"480\":\"https:\\/\\/video.akamai.steamstatic.com\\/store_trailers\\/257031960\\/movie480.mp4?t=1718768614\",\"max\":\"https:\\/\\/video.akamai.steamstatic.com\\/store_trailers\\/257031960\\/movie_max.mp4?t=1718768614\"}', 'https://video.akamai.steamstatic.com/store_trailers/2507950/715277/a05cfe8537e13dab876a13795ae261e3c5e42d63/1750816003/dash_av1.mpd?t=1718768614', 'https://video.akamai.steamstatic.com/store_trailers/2507950/715277/a05cfe8537e13dab876a13795ae261e3c5e42d63/1750816003/dash_h264.mpd?t=1718768614', 'https://video.akamai.steamstatic.com/store_trailers/2507950/715277/a05cfe8537e13dab876a13795ae261e3c5e42d63/1750816003/hls_264_master.m3u8?t=1718768614', true, NOW(), NOW());
INSERT INTO game_category (game_id, category_id, created_at, updated_at) VALUES (11, 39, NOW(), NOW());
INSERT INTO game_category (game_id, category_id, created_at, updated_at) VALUES (11, 24, NOW(), NOW());
INSERT INTO game_category (game_id, category_id, created_at, updated_at) VALUES (11, 22, NOW(), NOW());
INSERT INTO game_category (game_id, category_id, created_at, updated_at) VALUES (11, 30, NOW(), NOW());
INSERT INTO game_category (game_id, category_id, created_at, updated_at) VALUES (11, 27, NOW(), NOW());
INSERT INTO game_category (game_id, category_id, created_at, updated_at) VALUES (11, 7, NOW(), NOW());
INSERT INTO game_category (game_id, category_id, created_at, updated_at) VALUES (11, 26, NOW(), NOW());
INSERT INTO game_category (game_id, category_id, created_at, updated_at) VALUES (11, 10, NOW(), NOW());
INSERT INTO game_category (game_id, category_id, created_at, updated_at) VALUES (11, 41, NOW(), NOW());
INSERT INTO game_category (game_id, category_id, created_at, updated_at) VALUES (11, 13, NOW(), NOW());
INSERT INTO game_category (game_id, category_id, created_at, updated_at) VALUES (11, 45, NOW(), NOW());
INSERT INTO game_category (game_id, category_id, created_at, updated_at) VALUES (11, 16, NOW(), NOW());
INSERT INTO game_genre (game_id, genre_id, created_at, updated_at) VALUES (11, 1, NOW(), NOW());
INSERT INTO game_genre (game_id, genre_id, created_at, updated_at) VALUES (11, 2, NOW(), NOW());
INSERT INTO game_genre (game_id, genre_id, created_at, updated_at) VALUES (11, 12, NOW(), NOW());
INSERT INTO game_genre (game_id, genre_id, created_at, updated_at) VALUES (11, 9, NOW(), NOW());
INSERT INTO game_developer (game_id, developer_id, created_at, updated_at) VALUES (11, 98, NOW(), NOW());
INSERT INTO game_publisher (game_id, publisher_id, created_at, updated_at) VALUES (11, 79, NOW(), NOW());

-- Game #12: War Thunder
INSERT INTO games (id, steam_id, name, type, slug, short_description, required_age, is_free, have_dlc, icon, supported_languages, release_date, coming_soon, recommendations, achievements_count, positive_reviews, negative_reviews, total_reviews, positive_ratio, content_descriptors, is_active, created_at, updated_at) VALUES (12, 236390, 'War Thunder', 'game', 'war-thunder', 'War Thunder is the most comprehensive free-to-play, cross-platform, MMO military game dedicated to aviation, armoured vehicles, and naval craft, from the early 20th century to the most advanced modern combat units. Join now and take part in major battles on land, in the air, and at sea.', 0, true, true, 'https://shared.akamai.steamstatic.com/store_item_assets/steam/apps/236390/a0fc3dddb054bb8ccb31ed30019388d4a648c1fd/header.jpg?t=1760699357', '[\"English *\",\"German *\",\"French *\",\"Italian *\",\"Spanish - Spain *\",\"Simplified Chinese\",\"Russian *\",\"Japanese *\",\"Polish *\",\"Czech *\",\"Turkish *\",\"Portuguese - Portugal\",\"Korean\",\"Portuguese - Brazil\",\"Hungarian\",\"Ukrainian\",\"Traditional Chinese\",\"Romanian * languages with full audio support\"]', '2013-08-15', false, 1941, 90, 38, 262, 300, 0.127, '{\"ids\":[],\"notes\":null}', true, NOW(), NOW());
INSERT INTO game_platforms (game_id, windows, mac, linux, created_at, updated_at) VALUES (12, true, true, true, NOW(), NOW());
INSERT INTO game_requirements (game_id, pc_requirements, mac_requirements, linux_requirements, created_at, updated_at) VALUES (12, 'Minimum: OS: Windows 10 (64bit) Processor: Dual-Core 2.2 GHz Memory: 4 GB RAM Graphics: DirectX 11 level video card: AMD Radeon 77XX / NVIDIA GeForce GTX 660. The minimum supported resolution for the game is 720p. DirectX: Version 11 Network: Broadband Internet connection Storage: 40 GB available space VR Support: SteamVR. Keyboard or gamepad required', 'Minimum: OS: Catalina 10.15 Processor: Core i5, minimum 2.2GHz (Intel Xeon is not supported) Memory: 6 GB RAM Graphics: Intel Iris Pro 5200 (Mac), or analog from AMD/Nvidia for Mac. Minimum supported resolution for the game is 720p with Metal support Network: Broadband Internet connection Storage: 40 GB available space', 'Minimum: OS: Most modern 64bit Linux distributions Processor: Dual-Core 2.4 GHz Memory: 4 GB RAM Graphics: NVIDIA 660 with latest proprietary drivers (not older than 6 months) / similar AMD with latest proprietary drivers (not older than 6 months; the minimum supported resolution for the game is 720p) with Vulkan support. Network: Broadband Internet connection Storage: 40 GB available space', NOW(), NOW());
INSERT INTO game_community_ratings (game_id, toxicity_rate, cheater_rate, bug_rate, microtransaction_rate, bad_optimization_rate, not_recommended_rate, created_at, updated_at) VALUES (12, 0.224, 0.221, 0.123, 0.137, 0.12, 0.284, NOW(), NOW());
INSERT INTO game_media (game_id, media_id, name, thumbnail, webm, mp4, dash_av1, dash_h264, hls_h264, highlight, created_at, updated_at) VALUES (12, 257204439, 'Update “Tusk Force”', 'https://shared.akamai.steamstatic.com/store_item_assets/steam/apps/257204439/f7a902e5fe35954766cfaf404a4ac5358bb25859/movie_600x337.jpg?t=1758619689', '{\"480\":\"https:\\/\\/video.akamai.steamstatic.com\\/store_trailers\\/257204439\\/movie480_vp9.webm?t=1758619689\",\"max\":\"https:\\/\\/video.akamai.steamstatic.com\\/store_trailers\\/257204439\\/movie_max_vp9.webm?t=1758619689\"}', '{\"480\":\"https:\\/\\/video.akamai.steamstatic.com\\/store_trailers\\/257204439\\/movie480.mp4?t=1758619689\",\"max\":\"https:\\/\\/video.akamai.steamstatic.com\\/store_trailers\\/257204439\\/movie_max.mp4?t=1758619689\"}', 'https://video.akamai.steamstatic.com/store_trailers/236390/1402557789/20fb857398d0bd0024b85c46f3b77de90e8d60f0/1758606826/dash_av1.mpd?t=1758619689', 'https://video.akamai.steamstatic.com/store_trailers/236390/1402557789/20fb857398d0bd0024b85c46f3b77de90e8d60f0/1758606826/dash_h264.mpd?t=1758619689', 'https://video.akamai.steamstatic.com/store_trailers/236390/1402557789/20fb857398d0bd0024b85c46f3b77de90e8d60f0/1758606826/hls_264_master.m3u8?t=1758619689', true, NOW(), NOW());
INSERT INTO game_media (game_id, media_id, name, thumbnail, webm, mp4, dash_av1, dash_h264, hls_h264, highlight, created_at, updated_at) VALUES (12, 257073838, 'War Thunder - Dancing on the Edge', 'https://shared.akamai.steamstatic.com/store_item_assets/steam/apps/257073838/c929aa0ab3417b0648d07d4515eba34faf003561/movie_600x337.jpg?t=1731612183', '{\"480\":\"https:\\/\\/video.akamai.steamstatic.com\\/store_trailers\\/257073838\\/movie480_vp9.webm?t=1731612183\",\"max\":\"https:\\/\\/video.akamai.steamstatic.com\\/store_trailers\\/257073838\\/movie_max_vp9.webm?t=1731612183\"}', '{\"480\":\"https:\\/\\/video.akamai.steamstatic.com\\/store_trailers\\/257073838\\/movie480.mp4?t=1731612183\",\"max\":\"https:\\/\\/video.akamai.steamstatic.com\\/store_trailers\\/257073838\\/movie_max.mp4?t=1731612183\"}', 'https://video.akamai.steamstatic.com/store_trailers/236390/786225/5873395ea47652020ae8bb9c91951653bee7a1cb/1750496755/dash_av1.mpd?t=1731612183', 'https://video.akamai.steamstatic.com/store_trailers/236390/786225/5873395ea47652020ae8bb9c91951653bee7a1cb/1750496755/dash_h264.mpd?t=1731612183', 'https://video.akamai.steamstatic.com/store_trailers/236390/786225/5873395ea47652020ae8bb9c91951653bee7a1cb/1750496755/hls_264_master.m3u8?t=1731612183', true, NOW(), NOW());
INSERT INTO game_category (game_id, category_id, created_at, updated_at) VALUES (12, 39, NOW(), NOW());
INSERT INTO game_category (game_id, category_id, created_at, updated_at) VALUES (12, 24, NOW(), NOW());
INSERT INTO game_category (game_id, category_id, created_at, updated_at) VALUES (12, 22, NOW(), NOW());
INSERT INTO game_category (game_id, category_id, created_at, updated_at) VALUES (12, 30, NOW(), NOW());
INSERT INTO game_category (game_id, category_id, created_at, updated_at) VALUES (12, 27, NOW(), NOW());
INSERT INTO game_category (game_id, category_id, created_at, updated_at) VALUES (12, 7, NOW(), NOW());
INSERT INTO game_category (game_id, category_id, created_at, updated_at) VALUES (12, 26, NOW(), NOW());
INSERT INTO game_category (game_id, category_id, created_at, updated_at) VALUES (12, 10, NOW(), NOW());
INSERT INTO game_category (game_id, category_id, created_at, updated_at) VALUES (12, 41, NOW(), NOW());
INSERT INTO game_category (game_id, category_id, created_at, updated_at) VALUES (12, 13, NOW(), NOW());
INSERT INTO game_category (game_id, category_id, created_at, updated_at) VALUES (12, 53, NOW(), NOW());
INSERT INTO game_category (game_id, category_id, created_at, updated_at) VALUES (12, 45, NOW(), NOW());
INSERT INTO game_category (game_id, category_id, created_at, updated_at) VALUES (12, 16, NOW(), NOW());
INSERT INTO game_category (game_id, category_id, created_at, updated_at) VALUES (12, 32, NOW(), NOW());
INSERT INTO game_category (game_id, category_id, created_at, updated_at) VALUES (12, 34, NOW(), NOW());
INSERT INTO game_genre (game_id, genre_id, created_at, updated_at) VALUES (12, 1, NOW(), NOW());
INSERT INTO game_genre (game_id, genre_id, created_at, updated_at) VALUES (12, 12, NOW(), NOW());
INSERT INTO game_genre (game_id, genre_id, created_at, updated_at) VALUES (12, 16, NOW(), NOW());
INSERT INTO game_genre (game_id, genre_id, created_at, updated_at) VALUES (12, 9, NOW(), NOW());
INSERT INTO game_developer (game_id, developer_id, created_at, updated_at) VALUES (12, 44, NOW(), NOW());
INSERT INTO game_publisher (game_id, publisher_id, created_at, updated_at) VALUES (12, 35, NOW(), NOW());

-- Game #13: RV There Yet?
INSERT INTO games (id, steam_id, name, type, slug, short_description, required_age, is_free, have_dlc, icon, supported_languages, release_date, coming_soon, recommendations, achievements_count, positive_reviews, negative_reviews, total_reviews, positive_ratio, content_descriptors, is_active, created_at, updated_at) VALUES (13, 3949040, 'RV There Yet?', 'game', 'rv-there-yet', 'A co-op adventure about driving your Recreational Vehicle home.', 0, false, false, 'https://shared.akamai.steamstatic.com/store_item_assets/steam/apps/3949040/cae24b4ed7f4531be51f0d63f785b7d253f92dc3/header.jpg?t=1761050176', '[\"English * * languages with full audio support\"]', '2025-10-21', false, 9026, 0, 130, 170, 300, 0.433, '{\"ids\":[],\"notes\":null}', true, NOW(), NOW());
INSERT INTO game_platforms (game_id, windows, mac, linux, created_at, updated_at) VALUES (13, true, false, false, NOW(), NOW());
INSERT INTO game_requirements (game_id, pc_requirements, mac_requirements, linux_requirements, created_at, updated_at) VALUES (13, 'Minimum: Requires a 64-bit processor and operating system OS: Windows 10 Processor: Core i7-3820 or equivalent Memory: 8 GB RAM Graphics: NVidia 970 or equivalent DirectX: Version 11 Network: Broadband Internet connection Storage: 3200 MB available space Sound Card: No Recommendation Additional Notes: Friends to play with', 'Minimum:', 'Minimum:', NOW(), NOW());
INSERT INTO game_community_ratings (game_id, toxicity_rate, cheater_rate, bug_rate, microtransaction_rate, bad_optimization_rate, not_recommended_rate, created_at, updated_at) VALUES (13, 0.078, 0.075, 0.226, 0.037, 0.212, 0.319, NOW(), NOW());
INSERT INTO game_media (game_id, media_id, name, thumbnail, webm, mp4, dash_av1, dash_h264, hls_h264, highlight, created_at, updated_at) VALUES (13, 257215104, 'RV There Yet? Trailer', 'https://shared.akamai.steamstatic.com/store_item_assets/steam/apps/257215104/091ef229a8ab7216e094b3d5ac2f3ea7d75d5c95/movie_600x337.jpg?t=1760357938', '{\"480\":\"https:\\/\\/video.akamai.steamstatic.com\\/store_trailers\\/257215104\\/movie480.webm?t=1760357938\",\"max\":\"https:\\/\\/video.akamai.steamstatic.com\\/store_trailers\\/257215104\\/movie_max.webm?t=1760357938\"}', '{\"480\":\"https:\\/\\/video.akamai.steamstatic.com\\/store_trailers\\/257215104\\/movie480.mp4?t=1760357938\",\"max\":\"https:\\/\\/video.akamai.steamstatic.com\\/store_trailers\\/257215104\\/movie_max.mp4?t=1760357938\"}', 'https://video.akamai.steamstatic.com/store_trailers/3949040/750434220/4debbf5fe1ea5546b18ab2c4c608e94b04a2a95f/1760356005/dash_av1.mpd?t=1760357938', 'https://video.akamai.steamstatic.com/store_trailers/3949040/750434220/4debbf5fe1ea5546b18ab2c4c608e94b04a2a95f/1760356005/dash_h264.mpd?t=1760357938', 'https://video.akamai.steamstatic.com/store_trailers/3949040/750434220/4debbf5fe1ea5546b18ab2c4c608e94b04a2a95f/1760356005/hls_264_master.m3u8?t=1760357938', true, NOW(), NOW());
INSERT INTO game_category (game_id, category_id, created_at, updated_at) VALUES (13, 24, NOW(), NOW());
INSERT INTO game_category (game_id, category_id, created_at, updated_at) VALUES (13, 7, NOW(), NOW());
INSERT INTO game_category (game_id, category_id, created_at, updated_at) VALUES (13, 26, NOW(), NOW());
INSERT INTO game_category (game_id, category_id, created_at, updated_at) VALUES (13, 42, NOW(), NOW());
INSERT INTO game_category (game_id, category_id, created_at, updated_at) VALUES (13, 12, NOW(), NOW());
INSERT INTO game_genre (game_id, genre_id, created_at, updated_at) VALUES (13, 1, NOW(), NOW());
INSERT INTO game_genre (game_id, genre_id, created_at, updated_at) VALUES (13, 2, NOW(), NOW());
INSERT INTO game_genre (game_id, genre_id, created_at, updated_at) VALUES (13, 11, NOW(), NOW());
INSERT INTO game_developer (game_id, developer_id, created_at, updated_at) VALUES (13, 69, NOW(), NOW());
INSERT INTO game_publisher (game_id, publisher_id, created_at, updated_at) VALUES (13, 55, NOW(), NOW());

-- Game #14: Dead by Daylight
INSERT INTO games (id, steam_id, name, type, slug, short_description, required_age, is_free, have_dlc, icon, supported_languages, release_date, coming_soon, recommendations, achievements_count, positive_reviews, negative_reviews, total_reviews, positive_ratio, content_descriptors, is_active, created_at, updated_at) VALUES (14, 381210, 'Dead by Daylight', 'game', 'dead-by-daylight', 'Trapped forever in a realm of eldritch evil where even death is not an escape, four determined Survivors face a bloodthirsty Killer in a vicious game of nerve and wits. Pick a side and step into a world of tension and terror with horror gaming\'s best asymmetrical multiplayer.', 17, false, true, 'https://shared.akamai.steamstatic.com/store_item_assets/steam/apps/381210/header.jpg?t=1760636583', '[\"English *\",\"French *\",\"Italian\",\"German\",\"Spanish - Spain\",\"Russian\",\"Simplified Chinese\",\"Portuguese - Brazil\",\"Thai\",\"Traditional Chinese\",\"Japanese *\",\"Korean\",\"Polish\",\"Spanish - Latin America\",\"Turkish * languages with full audio support\"]', '2016-06-14', false, 616325, 288, 35, 265, 300, 0.117, '{\"ids\":[2,5],\"notes\":null}', true, NOW(), NOW());
INSERT INTO game_platforms (game_id, windows, mac, linux, created_at, updated_at) VALUES (14, true, false, false, NOW(), NOW());
INSERT INTO game_requirements (game_id, pc_requirements, mac_requirements, linux_requirements, created_at, updated_at) VALUES (14, 'Minimum: Requires a 64-bit processor and operating system OS: Windows 10 64-bit Operating System Processor: Intel Core i3-4170 or AMD FX-8120 Memory: 8 GB RAM Graphics: DX11 Compatible GeForce GTX 460 1GB or AMD HD 6850 1GB DirectX: Version 11 Network: Broadband Internet connection Storage: 50 GB available space Sound Card: DX11 compatible Additional Notes: With these requirements, it is recommended that the game is played on Low quality settings.', 'Minimum:', 'Minimum:', NOW(), NOW());
INSERT INTO game_community_ratings (game_id, toxicity_rate, cheater_rate, bug_rate, microtransaction_rate, bad_optimization_rate, not_recommended_rate, created_at, updated_at) VALUES (14, 0.272, 0.191, 0.106, 0.063, 0.097, 0.262, NOW(), NOW());
INSERT INTO game_media (game_id, media_id, name, thumbnail, webm, mp4, dash_av1, dash_h264, hls_h264, highlight, created_at, updated_at) VALUES (14, 257204955, 'Dead by Daylight: Sinister Grace', 'https://shared.akamai.steamstatic.com/store_item_assets/steam/apps/257204955/55e5f771be389aab38851e1702449f902c19f75a/movie_600x337.jpg?t=1758654085', '{\"480\":\"https:\\/\\/video.akamai.steamstatic.com\\/store_trailers\\/257204955\\/movie480_vp9.webm?t=1758654085\",\"max\":\"https:\\/\\/video.akamai.steamstatic.com\\/store_trailers\\/257204955\\/movie_max_vp9.webm?t=1758654085\"}', '{\"480\":\"https:\\/\\/video.akamai.steamstatic.com\\/store_trailers\\/257204955\\/movie480.mp4?t=1758654085\",\"max\":\"https:\\/\\/video.akamai.steamstatic.com\\/store_trailers\\/257204955\\/movie_max.mp4?t=1758654085\"}', 'https://video.akamai.steamstatic.com/store_trailers/381210/1570533704/66c130b646f0659d682a7db8570f953d4e0af877/1758653180/dash_av1.mpd?t=1758654085', 'https://video.akamai.steamstatic.com/store_trailers/381210/1570533704/66c130b646f0659d682a7db8570f953d4e0af877/1758653180/dash_h264.mpd?t=1758654085', 'https://video.akamai.steamstatic.com/store_trailers/381210/1570533704/66c130b646f0659d682a7db8570f953d4e0af877/1758653180/hls_264_master.m3u8?t=1758654085', true, NOW(), NOW());
INSERT INTO game_media (game_id, media_id, name, thumbnail, webm, mp4, dash_av1, dash_h264, hls_h264, highlight, created_at, updated_at) VALUES (14, 257175451, 'Dead by Daylight - The Walking Dead Official Trailer', 'https://shared.akamai.steamstatic.com/store_item_assets/steam/apps/257175451/6df95808c1ab792b51470565631cee712190569f/movie_600x337.jpg?t=1753818191', '{\"480\":\"https:\\/\\/video.akamai.steamstatic.com\\/store_trailers\\/257175451\\/movie480_vp9.webm?t=1753818191\",\"max\":\"https:\\/\\/video.akamai.steamstatic.com\\/store_trailers\\/257175451\\/movie_max_vp9.webm?t=1753818191\"}', '{\"480\":\"https:\\/\\/video.akamai.steamstatic.com\\/store_trailers\\/257175451\\/movie480.mp4?t=1753818191\",\"max\":\"https:\\/\\/video.akamai.steamstatic.com\\/store_trailers\\/257175451\\/movie_max.mp4?t=1753818191\"}', 'https://video.akamai.steamstatic.com/store_trailers/381210/1799003176/2a8af0040bad0037945637942c5a3cf6c461bc94/1753817110/dash_av1.mpd?t=1753818191', 'https://video.akamai.steamstatic.com/store_trailers/381210/1799003176/2a8af0040bad0037945637942c5a3cf6c461bc94/1753817110/dash_h264.mpd?t=1753818191', 'https://video.akamai.steamstatic.com/store_trailers/381210/1799003176/2a8af0040bad0037945637942c5a3cf6c461bc94/1753817110/hls_264_master.m3u8?t=1753818191', true, NOW(), NOW());
INSERT INTO game_media (game_id, media_id, name, thumbnail, webm, mp4, dash_av1, dash_h264, hls_h264, highlight, created_at, updated_at) VALUES (14, 256686761, 'Dead by Daylight - Introduction Trailer', 'https://shared.akamai.steamstatic.com/store_item_assets/steam/apps/256686761/movie.293x165.jpg?t=1683120259', '{\"480\":\"https:\\/\\/video.akamai.steamstatic.com\\/store_trailers\\/256686761\\/movie480.webm?t=1683120259\",\"max\":\"https:\\/\\/video.akamai.steamstatic.com\\/store_trailers\\/256686761\\/movie_max.webm?t=1683120259\"}', '{\"480\":\"https:\\/\\/video.akamai.steamstatic.com\\/store_trailers\\/256686761\\/movie480.mp4?t=1683120259\",\"max\":\"https:\\/\\/video.akamai.steamstatic.com\\/store_trailers\\/256686761\\/movie_max.mp4?t=1683120259\"}', 'https://video.akamai.steamstatic.com/store_trailers/381210/106586/593344c31f21d6cc0cb9696a0ff0e9e79ab21621/1750521454/dash_av1.mpd?t=1683120259', 'https://video.akamai.steamstatic.com/store_trailers/381210/106586/593344c31f21d6cc0cb9696a0ff0e9e79ab21621/1750521454/dash_h264.mpd?t=1683120259', 'https://video.akamai.steamstatic.com/store_trailers/381210/106586/593344c31f21d6cc0cb9696a0ff0e9e79ab21621/1750521454/hls_264_master.m3u8?t=1683120259', true, NOW(), NOW());
INSERT INTO game_media (game_id, media_id, name, thumbnail, webm, mp4, dash_av1, dash_h264, hls_h264, highlight, created_at, updated_at) VALUES (14, 256855514, 'Dead by Daylight: Killer 101 video', 'https://shared.akamai.steamstatic.com/store_item_assets/steam/apps/256855514/movie.293x165.jpg?t=1683120692', '{\"480\":\"https:\\/\\/video.akamai.steamstatic.com\\/store_trailers\\/256855514\\/movie480_vp9.webm?t=1683120692\",\"max\":\"https:\\/\\/video.akamai.steamstatic.com\\/store_trailers\\/256855514\\/movie_max_vp9.webm?t=1683120692\"}', '{\"480\":\"https:\\/\\/video.akamai.steamstatic.com\\/store_trailers\\/256855514\\/movie480.mp4?t=1683120692\",\"max\":\"https:\\/\\/video.akamai.steamstatic.com\\/store_trailers\\/256855514\\/movie_max.mp4?t=1683120692\"}', 'https://video.akamai.steamstatic.com/store_trailers/381210/408464/fdf079858548dd5556c47c4793e04d737cdb37ab/1750521649/dash_av1.mpd?t=1683120692', 'https://video.akamai.steamstatic.com/store_trailers/381210/408464/fdf079858548dd5556c47c4793e04d737cdb37ab/1750521649/dash_h264.mpd?t=1683120692', 'https://video.akamai.steamstatic.com/store_trailers/381210/408464/fdf079858548dd5556c47c4793e04d737cdb37ab/1750521649/hls_264_master.m3u8?t=1683120692', true, NOW(), NOW());
INSERT INTO game_media (game_id, media_id, name, thumbnail, webm, mp4, dash_av1, dash_h264, hls_h264, highlight, created_at, updated_at) VALUES (14, 256855496, 'Dead by Daylight: Survivor 101 video', 'https://shared.akamai.steamstatic.com/store_item_assets/steam/apps/256855496/movie.293x165.jpg?t=1683120699', '{\"480\":\"https:\\/\\/video.akamai.steamstatic.com\\/store_trailers\\/256855496\\/movie480_vp9.webm?t=1683120699\",\"max\":\"https:\\/\\/video.akamai.steamstatic.com\\/store_trailers\\/256855496\\/movie_max_vp9.webm?t=1683120699\"}', '{\"480\":\"https:\\/\\/video.akamai.steamstatic.com\\/store_trailers\\/256855496\\/movie480.mp4?t=1683120699\",\"max\":\"https:\\/\\/video.akamai.steamstatic.com\\/store_trailers\\/256855496\\/movie_max.mp4?t=1683120699\"}', 'https://video.akamai.steamstatic.com/store_trailers/381210/408429/00c5f8ac10f36c827be67c7c02b1e889db8033c7/1750521646/dash_av1.mpd?t=1683120699', 'https://video.akamai.steamstatic.com/store_trailers/381210/408429/00c5f8ac10f36c827be67c7c02b1e889db8033c7/1750521646/dash_h264.mpd?t=1683120699', 'https://video.akamai.steamstatic.com/store_trailers/381210/408429/00c5f8ac10f36c827be67c7c02b1e889db8033c7/1750521646/hls_264_master.m3u8?t=1683120699', true, NOW(), NOW());
INSERT INTO game_category (game_id, category_id, created_at, updated_at) VALUES (14, 24, NOW(), NOW());
INSERT INTO game_category (game_id, category_id, created_at, updated_at) VALUES (14, 30, NOW(), NOW());
INSERT INTO game_category (game_id, category_id, created_at, updated_at) VALUES (14, 27, NOW(), NOW());
INSERT INTO game_category (game_id, category_id, created_at, updated_at) VALUES (14, 7, NOW(), NOW());
INSERT INTO game_category (game_id, category_id, created_at, updated_at) VALUES (14, 26, NOW(), NOW());
INSERT INTO game_category (game_id, category_id, created_at, updated_at) VALUES (14, 10, NOW(), NOW());
INSERT INTO game_category (game_id, category_id, created_at, updated_at) VALUES (14, 41, NOW(), NOW());
INSERT INTO game_category (game_id, category_id, created_at, updated_at) VALUES (14, 13, NOW(), NOW());
INSERT INTO game_category (game_id, category_id, created_at, updated_at) VALUES (14, 45, NOW(), NOW());
INSERT INTO game_category (game_id, category_id, created_at, updated_at) VALUES (14, 42, NOW(), NOW());
INSERT INTO game_category (game_id, category_id, created_at, updated_at) VALUES (14, 32, NOW(), NOW());
INSERT INTO game_category (game_id, category_id, created_at, updated_at) VALUES (14, 34, NOW(), NOW());
INSERT INTO game_category (game_id, category_id, created_at, updated_at) VALUES (14, 33, NOW(), NOW());
INSERT INTO game_category (game_id, category_id, created_at, updated_at) VALUES (14, 12, NOW(), NOW());
INSERT INTO game_genre (game_id, genre_id, created_at, updated_at) VALUES (14, 1, NOW(), NOW());
INSERT INTO game_developer (game_id, developer_id, created_at, updated_at) VALUES (14, 12, NOW(), NOW());
INSERT INTO game_publisher (game_id, publisher_id, created_at, updated_at) VALUES (14, 12, NOW(), NOW());

-- Game #15: NARAKA: BLADEPOINT
INSERT INTO games (id, steam_id, name, type, slug, short_description, required_age, is_free, have_dlc, icon, supported_languages, release_date, coming_soon, recommendations, achievements_count, positive_reviews, negative_reviews, total_reviews, positive_ratio, content_descriptors, is_active, created_at, updated_at) VALUES (15, 1203220, 'NARAKA: BLADEPOINT', 'game', 'naraka-bladepoint', 'Dive into the legends of the Far East in NARAKA: BLADEPOINT; team up with friends in fast-paced melee fights for a Battle Royale experience unlike any other. Find your playstyle with a varied cast of heroes with unique skills. More than 20 million players have already joined the fray, play free now!', 0, true, true, 'https://shared.akamai.steamstatic.com/store_item_assets/steam/apps/1203220/729fb2424e6483be7150c4cbf64036c8325bb5db/header.jpg?t=1761289744', '[\"English *\",\"Simplified Chinese *\",\"Traditional Chinese *\",\"Japanese *\",\"Korean *\",\"French\",\"German\",\"Spanish - Spain\",\"Russian\",\"Turkish\",\"Portuguese - Portugal\",\"Vietnamese\",\"Thai * languages with full audio support\"]', '2021-08-11', false, 197047, 40, 187, 113, 300, 0.623, '{\"ids\":[],\"notes\":null}', true, NOW(), NOW());
INSERT INTO game_platforms (game_id, windows, mac, linux, created_at, updated_at) VALUES (15, true, false, false, NOW(), NOW());
INSERT INTO game_requirements (game_id, pc_requirements, mac_requirements, linux_requirements, created_at, updated_at) VALUES (15, 'Minimum: OS *: Windows 7 64-bit or newer Processor: Intel i5 4th generation or AMD FX 6300 or equivalent Memory: 8 GB RAM Graphics: NVIDIA GeForce GTX 750TI, Intel Arc A380, AMD HD 6950 or equivalent DirectX: Version 11 Network: Broadband Internet connection Storage: 55 GB available space Additional Notes: a) Can run at 720p/60fps; b) We advise you install the game on an SSD for a more streamlined experience. c) Requires “Windows Memory integrity and VBS enablement” to be disabled', '', '', NOW(), NOW());
INSERT INTO game_community_ratings (game_id, toxicity_rate, cheater_rate, bug_rate, microtransaction_rate, bad_optimization_rate, not_recommended_rate, created_at, updated_at) VALUES (15, 0.011, 0.014, 0.013, 0.003, 0.013, 0.019, NOW(), NOW());
INSERT INTO game_media (game_id, media_id, name, thumbnail, webm, mp4, dash_av1, dash_h264, hls_h264, highlight, created_at, updated_at) VALUES (15, 257215303, 'S18bp en', 'https://shared.akamai.steamstatic.com/store_item_assets/steam/apps/257215303/6c4cb16a75328f5ba077dfb0cec41d0daaf9978e/movie_600x337.jpg?t=1761289735', '{\"480\":\"https:\\/\\/video.akamai.steamstatic.com\\/store_trailers\\/257215303\\/movie480.webm?t=1761289735\",\"max\":\"https:\\/\\/video.akamai.steamstatic.com\\/store_trailers\\/257215303\\/movie_max.webm?t=1761289735\"}', '{\"480\":\"https:\\/\\/video.akamai.steamstatic.com\\/store_trailers\\/257215303\\/movie480.mp4?t=1761289735\",\"max\":\"https:\\/\\/video.akamai.steamstatic.com\\/store_trailers\\/257215303\\/movie_max.mp4?t=1761289735\"}', 'https://video.akamai.steamstatic.com/store_trailers/1203220/363905606/427e203bdef635a63545202cb5093efc5e52e33b/1760064901/dash_av1.mpd?t=1761289735', 'https://video.akamai.steamstatic.com/store_trailers/1203220/363905606/427e203bdef635a63545202cb5093efc5e52e33b/1760064901/dash_h264.mpd?t=1761289735', 'https://video.akamai.steamstatic.com/store_trailers/1203220/363905606/427e203bdef635a63545202cb5093efc5e52e33b/1760064901/hls_264_master.m3u8?t=1761289735', true, NOW(), NOW());
INSERT INTO game_media (game_id, media_id, name, thumbnail, webm, mp4, dash_av1, dash_h264, hls_h264, highlight, created_at, updated_at) VALUES (15, 257195416, '铠甲EN', 'https://shared.akamai.steamstatic.com/store_item_assets/steam/apps/257195416/b05d6a8425a5ac3468039ba9f18fcdfc75cd0ac4/movie_600x337.jpg?t=1757589970', '{\"480\":\"https:\\/\\/video.akamai.steamstatic.com\\/store_trailers\\/257195416\\/movie480_vp9.webm?t=1757589970\",\"max\":\"https:\\/\\/video.akamai.steamstatic.com\\/store_trailers\\/257195416\\/movie_max_vp9.webm?t=1757589970\"}', '{\"480\":\"https:\\/\\/video.akamai.steamstatic.com\\/store_trailers\\/257195416\\/movie480.mp4?t=1757589970\",\"max\":\"https:\\/\\/video.akamai.steamstatic.com\\/store_trailers\\/257195416\\/movie_max.mp4?t=1757589970\"}', 'https://video.akamai.steamstatic.com/store_trailers/1203220/29401486/7d6e382d6bd768dc2a2e8727e7435dd7db0ed237/1757471314/dash_av1.mpd?t=1757589970', 'https://video.akamai.steamstatic.com/store_trailers/1203220/29401486/7d6e382d6bd768dc2a2e8727e7435dd7db0ed237/1757471314/dash_h264.mpd?t=1757589970', 'https://video.akamai.steamstatic.com/store_trailers/1203220/29401486/7d6e382d6bd768dc2a2e8727e7435dd7db0ed237/1757471314/hls_264_master.m3u8?t=1757589970', true, NOW(), NOW());
INSERT INTO game_media (game_id, media_id, name, thumbnail, webm, mp4, dash_av1, dash_h264, hls_h264, highlight, created_at, updated_at) VALUES (15, 257179627, '万钧EN', 'https://shared.akamai.steamstatic.com/store_item_assets/steam/apps/257179627/2e2bcc1ae76f8efd720d72b7cad11fad89356f22/movie_600x337.jpg?t=1754895190', '{\"480\":\"https:\\/\\/video.akamai.steamstatic.com\\/store_trailers\\/257179627\\/movie480_vp9.webm?t=1754895190\",\"max\":\"https:\\/\\/video.akamai.steamstatic.com\\/store_trailers\\/257179627\\/movie_max_vp9.webm?t=1754895190\"}', '{\"480\":\"https:\\/\\/video.akamai.steamstatic.com\\/store_trailers\\/257179627\\/movie480.mp4?t=1754895190\",\"max\":\"https:\\/\\/video.akamai.steamstatic.com\\/store_trailers\\/257179627\\/movie_max.mp4?t=1754895190\"}', 'https://video.akamai.steamstatic.com/store_trailers/1203220/1558547028/ef21d17b05736bf15b5a51b88a826653076b3c86/1754557360/dash_av1.mpd?t=1754895190', 'https://video.akamai.steamstatic.com/store_trailers/1203220/1558547028/ef21d17b05736bf15b5a51b88a826653076b3c86/1754557360/dash_h264.mpd?t=1754895190', 'https://video.akamai.steamstatic.com/store_trailers/1203220/1558547028/ef21d17b05736bf15b5a51b88a826653076b3c86/1754557360/hls_264_master.m3u8?t=1754895190', true, NOW(), NOW());
INSERT INTO game_media (game_id, media_id, name, thumbnail, webm, mp4, dash_av1, dash_h264, hls_h264, highlight, created_at, updated_at) VALUES (15, 257178932, 'S17宝箱en', 'https://shared.akamai.steamstatic.com/store_item_assets/steam/apps/257178932/81926597303151b2ba38967dbc482897cd4fbac2/movie_600x337.jpg?t=1754535076', '{\"480\":\"https:\\/\\/video.akamai.steamstatic.com\\/store_trailers\\/257178932\\/movie480_vp9.webm?t=1754535076\",\"max\":\"https:\\/\\/video.akamai.steamstatic.com\\/store_trailers\\/257178932\\/movie_max_vp9.webm?t=1754535076\"}', '{\"480\":\"https:\\/\\/video.akamai.steamstatic.com\\/store_trailers\\/257178932\\/movie480.mp4?t=1754535076\",\"max\":\"https:\\/\\/video.akamai.steamstatic.com\\/store_trailers\\/257178932\\/movie_max.mp4?t=1754535076\"}', 'https://video.akamai.steamstatic.com/store_trailers/1203220/1109863253/9cd4572dc9da55151297e6847f637fbbe522fd37/1754463712/dash_av1.mpd?t=1754535076', 'https://video.akamai.steamstatic.com/store_trailers/1203220/1109863253/9cd4572dc9da55151297e6847f637fbbe522fd37/1754463712/dash_h264.mpd?t=1754535076', 'https://video.akamai.steamstatic.com/store_trailers/1203220/1109863253/9cd4572dc9da55151297e6847f637fbbe522fd37/1754463712/hls_264_master.m3u8?t=1754535076', true, NOW(), NOW());
INSERT INTO game_media (game_id, media_id, name, thumbnail, webm, mp4, dash_av1, dash_h264, hls_h264, highlight, created_at, updated_at) VALUES (15, 257166035, '摸金CG EN', 'https://shared.akamai.steamstatic.com/store_item_assets/steam/apps/257166035/c1aa23ccdf7e69303be414b77c59be3ad352c132/movie_600x337.jpg?t=1752024540', '{\"480\":\"https:\\/\\/video.akamai.steamstatic.com\\/store_trailers\\/257166035\\/movie480_vp9.webm?t=1752024540\",\"max\":\"https:\\/\\/video.akamai.steamstatic.com\\/store_trailers\\/257166035\\/movie_max_vp9.webm?t=1752024540\"}', '{\"480\":\"https:\\/\\/video.akamai.steamstatic.com\\/store_trailers\\/257166035\\/movie480.mp4?t=1752024540\",\"max\":\"https:\\/\\/video.akamai.steamstatic.com\\/store_trailers\\/257166035\\/movie_max.mp4?t=1752024540\"}', 'https://video.akamai.steamstatic.com/store_trailers/1203220/1170921029/a0d73b5422d2ee9fcc7607022ef25e3e97836501/1751877866/dash_av1.mpd?t=1752024540', 'https://video.akamai.steamstatic.com/store_trailers/1203220/1170921029/a0d73b5422d2ee9fcc7607022ef25e3e97836501/1751877866/dash_h264.mpd?t=1752024540', 'https://video.akamai.steamstatic.com/store_trailers/1203220/1170921029/a0d73b5422d2ee9fcc7607022ef25e3e97836501/1751877866/hls_264_master.m3u8?t=1752024540', true, NOW(), NOW());
INSERT INTO game_media (game_id, media_id, name, thumbnail, webm, mp4, dash_av1, dash_h264, hls_h264, highlight, created_at, updated_at) VALUES (15, 257158289, 'P5R EN', 'https://shared.akamai.steamstatic.com/store_item_assets/steam/apps/257158289/10ea9fe432ca638e884ab774da8b90793e5bbad9/movie_600x337.jpg?t=1750300303', '{\"480\":\"https:\\/\\/video.akamai.steamstatic.com\\/store_trailers\\/257158289\\/movie480_vp9.webm?t=1750300303\",\"max\":\"https:\\/\\/video.akamai.steamstatic.com\\/store_trailers\\/257158289\\/movie_max_vp9.webm?t=1750300303\"}', '{\"480\":\"https:\\/\\/video.akamai.steamstatic.com\\/store_trailers\\/257158289\\/movie480.mp4?t=1750300303\",\"max\":\"https:\\/\\/video.akamai.steamstatic.com\\/store_trailers\\/257158289\\/movie_max.mp4?t=1750300303\"}', 'https://video.akamai.steamstatic.com/store_trailers/1203220/130688381/1cdf9ade7e7f0bd948ad0a38499225fe224abcb2/1750641344/dash_av1.mpd?t=1750300303', 'https://video.akamai.steamstatic.com/store_trailers/1203220/130688381/1cdf9ade7e7f0bd948ad0a38499225fe224abcb2/1750641344/dash_h264.mpd?t=1750300303', 'https://video.akamai.steamstatic.com/store_trailers/1203220/130688381/1cdf9ade7e7f0bd948ad0a38499225fe224abcb2/1750641344/hls_264_master.m3u8?t=1750300303', true, NOW(), NOW());
INSERT INTO game_media (game_id, media_id, name, thumbnail, webm, mp4, dash_av1, dash_h264, hls_h264, highlight, created_at, updated_at) VALUES (15, 257132490, '燃耀EN', 'https://shared.akamai.steamstatic.com/store_item_assets/steam/apps/257132490/ac7727184a8e3ee0ad6bc0b216cc100b21a64bc7/movie_600x337.jpg?t=1745907580', '{\"480\":\"https:\\/\\/video.akamai.steamstatic.com\\/store_trailers\\/257132490\\/movie480_vp9.webm?t=1745907580\",\"max\":\"https:\\/\\/video.akamai.steamstatic.com\\/store_trailers\\/257132490\\/movie_max_vp9.webm?t=1745907580\"}', '{\"480\":\"https:\\/\\/video.akamai.steamstatic.com\\/store_trailers\\/257132490\\/movie480.mp4?t=1745907580\",\"max\":\"https:\\/\\/video.akamai.steamstatic.com\\/store_trailers\\/257132490\\/movie_max.mp4?t=1745907580\"}', 'https://video.akamai.steamstatic.com/store_trailers/1203220/880474/9f45db802764a53ada1c080847aaf7ae23ffad7d/1750641317/dash_av1.mpd?t=1745907580', 'https://video.akamai.steamstatic.com/store_trailers/1203220/880474/9f45db802764a53ada1c080847aaf7ae23ffad7d/1750641317/dash_h264.mpd?t=1745907580', 'https://video.akamai.steamstatic.com/store_trailers/1203220/880474/9f45db802764a53ada1c080847aaf7ae23ffad7d/1750641317/hls_264_master.m3u8?t=1745907580', true, NOW(), NOW());
INSERT INTO game_media (game_id, media_id, name, thumbnail, webm, mp4, dash_av1, dash_h264, hls_h264, highlight, created_at, updated_at) VALUES (15, 257132442, 'Tarka Ji EN', 'https://shared.akamai.steamstatic.com/store_item_assets/steam/apps/257132442/70aa4ab8d9624800b9048135a6f135b7e0c51aa1/movie_600x337.jpg?t=1745899007', '{\"480\":\"https:\\/\\/video.akamai.steamstatic.com\\/store_trailers\\/257132442\\/movie480_vp9.webm?t=1745899007\",\"max\":\"https:\\/\\/video.akamai.steamstatic.com\\/store_trailers\\/257132442\\/movie_max_vp9.webm?t=1745899007\"}', '{\"480\":\"https:\\/\\/video.akamai.steamstatic.com\\/store_trailers\\/257132442\\/movie480.mp4?t=1745899007\",\"max\":\"https:\\/\\/video.akamai.steamstatic.com\\/store_trailers\\/257132442\\/movie_max.mp4?t=1745899007\"}', 'https://video.akamai.steamstatic.com/store_trailers/1203220/880408/9f44ee32b96f8271ef9bf53119de4021c2d659fe/1750641271/dash_av1.mpd?t=1745899007', 'https://video.akamai.steamstatic.com/store_trailers/1203220/880408/9f44ee32b96f8271ef9bf53119de4021c2d659fe/1750641271/dash_h264.mpd?t=1745899007', 'https://video.akamai.steamstatic.com/store_trailers/1203220/880408/9f44ee32b96f8271ef9bf53119de4021c2d659fe/1750641271/hls_264_master.m3u8?t=1745899007', true, NOW(), NOW());
INSERT INTO game_media (game_id, media_id, name, thumbnail, webm, mp4, dash_av1, dash_h264, hls_h264, highlight, created_at, updated_at) VALUES (15, 257120414, 'sanrio EN', 'https://shared.akamai.steamstatic.com/store_item_assets/steam/apps/257120414/be5aae8a708b18789b35a5b74bb0e66915d66b20/movie_600x337.jpg?t=1743561912', '{\"480\":\"https:\\/\\/video.akamai.steamstatic.com\\/store_trailers\\/257120414\\/movie480_vp9.webm?t=1743561912\",\"max\":\"https:\\/\\/video.akamai.steamstatic.com\\/store_trailers\\/257120414\\/movie_max_vp9.webm?t=1743561912\"}', '{\"480\":\"https:\\/\\/video.akamai.steamstatic.com\\/store_trailers\\/257120414\\/movie480.mp4?t=1743561912\",\"max\":\"https:\\/\\/video.akamai.steamstatic.com\\/store_trailers\\/257120414\\/movie_max.mp4?t=1743561912\"}', 'https://video.akamai.steamstatic.com/store_trailers/1203220/860852/f39b6ca913d1ca21ad3a3ed823b59c8749d5a744/1750641107/dash_av1.mpd?t=1743561912', 'https://video.akamai.steamstatic.com/store_trailers/1203220/860852/f39b6ca913d1ca21ad3a3ed823b59c8749d5a744/1750641107/dash_h264.mpd?t=1743561912', 'https://video.akamai.steamstatic.com/store_trailers/1203220/860852/f39b6ca913d1ca21ad3a3ed823b59c8749d5a744/1750641107/hls_264_master.m3u8?t=1743561912', true, NOW(), NOW());
INSERT INTO game_media (game_id, media_id, name, thumbnail, webm, mp4, dash_av1, dash_h264, hls_h264, highlight, created_at, updated_at) VALUES (15, 257120450, '燃耀賽季英文', 'https://shared.akamai.steamstatic.com/store_item_assets/steam/apps/257120450/3ab0134d6d6efd61458e14920ae0a15e753edeb1/movie_600x337.jpg?t=1743561201', '{\"480\":\"https:\\/\\/video.akamai.steamstatic.com\\/store_trailers\\/257120450\\/movie480_vp9.webm?t=1743561201\",\"max\":\"https:\\/\\/video.akamai.steamstatic.com\\/store_trailers\\/257120450\\/movie_max_vp9.webm?t=1743561201\"}', '{\"480\":\"https:\\/\\/video.akamai.steamstatic.com\\/store_trailers\\/257120450\\/movie480.mp4?t=1743561201\",\"max\":\"https:\\/\\/video.akamai.steamstatic.com\\/store_trailers\\/257120450\\/movie_max.mp4?t=1743561201\"}', 'https://video.akamai.steamstatic.com/store_trailers/1203220/860900/0041f76e60313ecd1a0da4492f78406678deebf6/1750641148/dash_av1.mpd?t=1743561201', 'https://video.akamai.steamstatic.com/store_trailers/1203220/860900/0041f76e60313ecd1a0da4492f78406678deebf6/1750641148/dash_h264.mpd?t=1743561201', 'https://video.akamai.steamstatic.com/store_trailers/1203220/860900/0041f76e60313ecd1a0da4492f78406678deebf6/1750641148/hls_264_master.m3u8?t=1743561201', true, NOW(), NOW());
INSERT INTO game_media (game_id, media_id, name, thumbnail, webm, mp4, dash_av1, dash_h264, hls_h264, highlight, created_at, updated_at) VALUES (15, 257090821, '新春华灯中文', 'https://shared.akamai.steamstatic.com/store_item_assets/steam/apps/257090821/8e516cb5bdc038e95aca482be24fbb828f5f283c/movie_600x337.jpg?t=1737540768', '{\"480\":\"https:\\/\\/video.akamai.steamstatic.com\\/store_trailers\\/257090821\\/movie480_vp9.webm?t=1737540768\",\"max\":\"https:\\/\\/video.akamai.steamstatic.com\\/store_trailers\\/257090821\\/movie_max_vp9.webm?t=1737540768\"}', '{\"480\":\"https:\\/\\/video.akamai.steamstatic.com\\/store_trailers\\/257090821\\/movie480.mp4?t=1737540768\",\"max\":\"https:\\/\\/video.akamai.steamstatic.com\\/store_trailers\\/257090821\\/movie_max.mp4?t=1737540768\"}', 'https://video.akamai.steamstatic.com/store_trailers/1203220/815972/43213bcc87ea685b2a0953afab6dc7bbd11e5311/1750641099/dash_av1.mpd?t=1737540768', 'https://video.akamai.steamstatic.com/store_trailers/1203220/815972/43213bcc87ea685b2a0953afab6dc7bbd11e5311/1750641099/dash_h264.mpd?t=1737540768', 'https://video.akamai.steamstatic.com/store_trailers/1203220/815972/43213bcc87ea685b2a0953afab6dc7bbd11e5311/1750641099/hls_264_master.m3u8?t=1737540768', true, NOW(), NOW());
INSERT INTO game_media (game_id, media_id, name, thumbnail, webm, mp4, dash_av1, dash_h264, hls_h264, highlight, created_at, updated_at) VALUES (15, 257090783, '蓝梦英文', 'https://shared.akamai.steamstatic.com/store_item_assets/steam/apps/257090783/a0ef668f0627c5c2ce5093c7ead7be16151f59b4/movie_600x337.jpg?t=1737430947', '{\"480\":\"https:\\/\\/video.akamai.steamstatic.com\\/store_trailers\\/257090783\\/movie480_vp9.webm?t=1737430947\",\"max\":\"https:\\/\\/video.akamai.steamstatic.com\\/store_trailers\\/257090783\\/movie_max_vp9.webm?t=1737430947\"}', '{\"480\":\"https:\\/\\/video.akamai.steamstatic.com\\/store_trailers\\/257090783\\/movie480.mp4?t=1737430947\",\"max\":\"https:\\/\\/video.akamai.steamstatic.com\\/store_trailers\\/257090783\\/movie_max.mp4?t=1737430947\"}', 'https://video.akamai.steamstatic.com/store_trailers/1203220/815895/6ac81d87db07c3332b17a66d74b159de835e8c85/1750644917/dash_av1.mpd?t=1737430947', 'https://video.akamai.steamstatic.com/store_trailers/1203220/815895/6ac81d87db07c3332b17a66d74b159de835e8c85/1750644917/dash_h264.mpd?t=1737430947', 'https://video.akamai.steamstatic.com/store_trailers/1203220/815895/6ac81d87db07c3332b17a66d74b159de835e8c85/1750644917/hls_264_master.m3u8?t=1737430947', true, NOW(), NOW());
INSERT INTO game_media (game_id, media_id, name, thumbnail, webm, mp4, dash_av1, dash_h264, hls_h264, highlight, created_at, updated_at) VALUES (15, 257087414, '拳皇第二弹英文', 'https://shared.akamai.steamstatic.com/store_item_assets/steam/apps/257087414/291c37f0f86246f524707432769229c78f9dce0d/movie_600x337.jpg?t=1736483877', '{\"480\":\"https:\\/\\/video.akamai.steamstatic.com\\/store_trailers\\/257087414\\/movie480_vp9.webm?t=1736483877\",\"max\":\"https:\\/\\/video.akamai.steamstatic.com\\/store_trailers\\/257087414\\/movie_max_vp9.webm?t=1736483877\"}', '{\"480\":\"https:\\/\\/video.akamai.steamstatic.com\\/store_trailers\\/257087414\\/movie480.mp4?t=1736483877\",\"max\":\"https:\\/\\/video.akamai.steamstatic.com\\/store_trailers\\/257087414\\/movie_max.mp4?t=1736483877\"}', 'https://video.akamai.steamstatic.com/store_trailers/1203220/809742/5201d270a60334015abdf2855f42c9fae4c4a2fa/1750640988/dash_av1.mpd?t=1736483877', 'https://video.akamai.steamstatic.com/store_trailers/1203220/809742/5201d270a60334015abdf2855f42c9fae4c4a2fa/1750640988/dash_h264.mpd?t=1736483877', 'https://video.akamai.steamstatic.com/store_trailers/1203220/809742/5201d270a60334015abdf2855f42c9fae4c4a2fa/1750640988/hls_264_master.m3u8?t=1736483877', true, NOW(), NOW());
INSERT INTO game_media (game_id, media_id, name, thumbnail, webm, mp4, dash_av1, dash_h264, hls_h264, highlight, created_at, updated_at) VALUES (15, 257087208, '拳皇第一弹-英文', 'https://shared.akamai.steamstatic.com/store_item_assets/steam/apps/257087208/e53ec764766b47e69eb0475f9da684b8e4c2da3d/movie_600x337.jpg?t=1736389142', '{\"480\":\"https:\\/\\/video.akamai.steamstatic.com\\/store_trailers\\/257087208\\/movie480_vp9.webm?t=1736389142\",\"max\":\"https:\\/\\/video.akamai.steamstatic.com\\/store_trailers\\/257087208\\/movie_max_vp9.webm?t=1736389142\"}', '{\"480\":\"https:\\/\\/video.akamai.steamstatic.com\\/store_trailers\\/257087208\\/movie480.mp4?t=1736389142\",\"max\":\"https:\\/\\/video.akamai.steamstatic.com\\/store_trailers\\/257087208\\/movie_max.mp4?t=1736389142\"}', 'https://video.akamai.steamstatic.com/store_trailers/1203220/809328/6273751f3c201573e6320148addf2ccacd90b40e/1750640985/dash_av1.mpd?t=1736389142', 'https://video.akamai.steamstatic.com/store_trailers/1203220/809328/6273751f3c201573e6320148addf2ccacd90b40e/1750640985/dash_h264.mpd?t=1736389142', 'https://video.akamai.steamstatic.com/store_trailers/1203220/809328/6273751f3c201573e6320148addf2ccacd90b40e/1750640985/hls_264_master.m3u8?t=1736389142', true, NOW(), NOW());
INSERT INTO game_media (game_id, media_id, name, thumbnail, webm, mp4, dash_av1, dash_h264, hls_h264, highlight, created_at, updated_at) VALUES (15, 257083419, '化龙宝珠英文', 'https://shared.akamai.steamstatic.com/store_item_assets/steam/apps/257083419/bcc2cab9af8aa3ef7f9449eca4669093808ad1f0/movie_600x337.jpg?t=1734598875', '{\"480\":\"https:\\/\\/video.akamai.steamstatic.com\\/store_trailers\\/257083419\\/movie480_vp9.webm?t=1734598875\",\"max\":\"https:\\/\\/video.akamai.steamstatic.com\\/store_trailers\\/257083419\\/movie_max_vp9.webm?t=1734598875\"}', '{\"480\":\"https:\\/\\/video.akamai.steamstatic.com\\/store_trailers\\/257083419\\/movie480.mp4?t=1734598875\",\"max\":\"https:\\/\\/video.akamai.steamstatic.com\\/store_trailers\\/257083419\\/movie_max.mp4?t=1734598875\"}', 'https://video.akamai.steamstatic.com/store_trailers/1203220/802222/7556c61da037764116178f9b50ec032919a9c0ba/1750836157/dash_av1.mpd?t=1734598875', 'https://video.akamai.steamstatic.com/store_trailers/1203220/802222/7556c61da037764116178f9b50ec032919a9c0ba/1750836157/dash_h264.mpd?t=1734598875', 'https://video.akamai.steamstatic.com/store_trailers/1203220/802222/7556c61da037764116178f9b50ec032919a9c0ba/1750836157/hls_264_master.m3u8?t=1734598875', true, NOW(), NOW());
INSERT INTO game_media (game_id, media_id, name, thumbnail, webm, mp4, dash_av1, dash_h264, hls_h264, highlight, created_at, updated_at) VALUES (15, 257083387, 'S15赛季通行证英文', 'https://shared.akamai.steamstatic.com/store_item_assets/steam/apps/257083387/ef386362fd3d4ae6912585a4b23d16c5b16d1a7a/movie_600x337.jpg?t=1734592203', '{\"480\":\"https:\\/\\/video.akamai.steamstatic.com\\/store_trailers\\/257083387\\/movie480_vp9.webm?t=1734592203\",\"max\":\"https:\\/\\/video.akamai.steamstatic.com\\/store_trailers\\/257083387\\/movie_max_vp9.webm?t=1734592203\"}', '{\"480\":\"https:\\/\\/video.akamai.steamstatic.com\\/store_trailers\\/257083387\\/movie480.mp4?t=1734592203\",\"max\":\"https:\\/\\/video.akamai.steamstatic.com\\/store_trailers\\/257083387\\/movie_max.mp4?t=1734592203\"}', 'https://video.akamai.steamstatic.com/store_trailers/1203220/802173/4ff6848b73e792c5faa5864efa16bbd8a092633f/1750640883/dash_av1.mpd?t=1734592203', 'https://video.akamai.steamstatic.com/store_trailers/1203220/802173/4ff6848b73e792c5faa5864efa16bbd8a092633f/1750640883/dash_h264.mpd?t=1734592203', 'https://video.akamai.steamstatic.com/store_trailers/1203220/802173/4ff6848b73e792c5faa5864efa16bbd8a092633f/1750640883/hls_264_master.m3u8?t=1734592203', true, NOW(), NOW());
INSERT INTO game_media (game_id, media_id, name, thumbnail, webm, mp4, dash_av1, dash_h264, hls_h264, highlight, created_at, updated_at) VALUES (15, 257078708, '巫师英文', 'https://shared.akamai.steamstatic.com/store_item_assets/steam/apps/257078708/85051a4beaebc60b65ebd866a8fe295c4b027de4/movie_600x337.jpg?t=1733368143', '{\"480\":\"https:\\/\\/video.akamai.steamstatic.com\\/store_trailers\\/257078708\\/movie480_vp9.webm?t=1733368143\",\"max\":\"https:\\/\\/video.akamai.steamstatic.com\\/store_trailers\\/257078708\\/movie_max_vp9.webm?t=1733368143\"}', '{\"480\":\"https:\\/\\/video.akamai.steamstatic.com\\/store_trailers\\/257078708\\/movie480.mp4?t=1733368143\",\"max\":\"https:\\/\\/video.akamai.steamstatic.com\\/store_trailers\\/257078708\\/movie_max.mp4?t=1733368143\"}', 'https://video.akamai.steamstatic.com/store_trailers/1203220/794742/8443d9c8ea7d3468f7cb861d6f688411bf79d0ee/1750640811/dash_av1.mpd?t=1733368143', 'https://video.akamai.steamstatic.com/store_trailers/1203220/794742/8443d9c8ea7d3468f7cb861d6f688411bf79d0ee/1750640811/dash_h264.mpd?t=1733368143', 'https://video.akamai.steamstatic.com/store_trailers/1203220/794742/8443d9c8ea7d3468f7cb861d6f688411bf79d0ee/1750640811/hls_264_master.m3u8?t=1733368143', true, NOW(), NOW());
INSERT INTO game_media (game_id, media_id, name, thumbnail, webm, mp4, dash_av1, dash_h264, hls_h264, highlight, created_at, updated_at) VALUES (15, 257069624, '万圣节第二批-英文', 'https://shared.akamai.steamstatic.com/store_item_assets/steam/apps/257069624/069ed9275696411ad8bf6f96cf23dc4d6d67d1a6/movie_600x337.jpg?t=1730341595', '{\"480\":\"https:\\/\\/video.akamai.steamstatic.com\\/store_trailers\\/257069624\\/movie480_vp9.webm?t=1730341595\",\"max\":\"https:\\/\\/video.akamai.steamstatic.com\\/store_trailers\\/257069624\\/movie_max_vp9.webm?t=1730341595\"}', '{\"480\":\"https:\\/\\/video.akamai.steamstatic.com\\/store_trailers\\/257069624\\/movie480.mp4?t=1730341595\",\"max\":\"https:\\/\\/video.akamai.steamstatic.com\\/store_trailers\\/257069624\\/movie_max.mp4?t=1730341595\"}', 'https://video.akamai.steamstatic.com/store_trailers/1203220/779252/84882e41bf74cb09ca619564625abf64ad2e4391/1750640806/dash_av1.mpd?t=1730341595', 'https://video.akamai.steamstatic.com/store_trailers/1203220/779252/84882e41bf74cb09ca619564625abf64ad2e4391/1750640806/dash_h264.mpd?t=1730341595', 'https://video.akamai.steamstatic.com/store_trailers/1203220/779252/84882e41bf74cb09ca619564625abf64ad2e4391/1750640806/hls_264_master.m3u8?t=1730341595', true, NOW(), NOW());
INSERT INTO game_media (game_id, media_id, name, thumbnail, webm, mp4, dash_av1, dash_h264, hls_h264, highlight, created_at, updated_at) VALUES (15, 257069588, '席拉CG-英文', 'https://shared.akamai.steamstatic.com/store_item_assets/steam/apps/257069588/6998a73a03055fd38097e05e8f95198e109367d1/movie_600x337.jpg?t=1730341606', '{\"480\":\"https:\\/\\/video.akamai.steamstatic.com\\/store_trailers\\/257069588\\/movie480_vp9.webm?t=1730341606\",\"max\":\"https:\\/\\/video.akamai.steamstatic.com\\/store_trailers\\/257069588\\/movie_max_vp9.webm?t=1730341606\"}', '{\"480\":\"https:\\/\\/video.akamai.steamstatic.com\\/store_trailers\\/257069588\\/movie480.mp4?t=1730341606\",\"max\":\"https:\\/\\/video.akamai.steamstatic.com\\/store_trailers\\/257069588\\/movie_max.mp4?t=1730341606\"}', 'https://video.akamai.steamstatic.com/store_trailers/1203220/779194/8bb2054ac2ecff589098ff21f8a8dbe50b7f335f/1750640790/dash_av1.mpd?t=1730341606', 'https://video.akamai.steamstatic.com/store_trailers/1203220/779194/8bb2054ac2ecff589098ff21f8a8dbe50b7f335f/1750640790/dash_h264.mpd?t=1730341606', 'https://video.akamai.steamstatic.com/store_trailers/1203220/779194/8bb2054ac2ecff589098ff21f8a8dbe50b7f335f/1750640790/hls_264_master.m3u8?t=1730341606', true, NOW(), NOW());
INSERT INTO game_media (game_id, media_id, name, thumbnail, webm, mp4, dash_av1, dash_h264, hls_h264, highlight, created_at, updated_at) VALUES (15, 257065669, '万圣节ue-中文', 'https://shared.akamai.steamstatic.com/store_item_assets/steam/apps/257065669/960358f27e2e139c436825bc1aa0e9c379064657/movie_600x337.jpg?t=1729147927', '{\"480\":\"https:\\/\\/video.akamai.steamstatic.com\\/store_trailers\\/257065669\\/movie480_vp9.webm?t=1729147927\",\"max\":\"https:\\/\\/video.akamai.steamstatic.com\\/store_trailers\\/257065669\\/movie_max_vp9.webm?t=1729147927\"}', '{\"480\":\"https:\\/\\/video.akamai.steamstatic.com\\/store_trailers\\/257065669\\/movie480.mp4?t=1729147927\",\"max\":\"https:\\/\\/video.akamai.steamstatic.com\\/store_trailers\\/257065669\\/movie_max.mp4?t=1729147927\"}', 'https://video.akamai.steamstatic.com/store_trailers/1203220/772684/d86daee6fa61e8c12e9349d7bde8af5b9fa23b11/1750640754/dash_av1.mpd?t=1729147927', 'https://video.akamai.steamstatic.com/store_trailers/1203220/772684/d86daee6fa61e8c12e9349d7bde8af5b9fa23b11/1750640754/dash_h264.mpd?t=1729147927', 'https://video.akamai.steamstatic.com/store_trailers/1203220/772684/d86daee6fa61e8c12e9349d7bde8af5b9fa23b11/1750640754/hls_264_master.m3u8?t=1729147927', true, NOW(), NOW());
INSERT INTO game_media (game_id, media_id, name, thumbnail, webm, mp4, dash_av1, dash_h264, hls_h264, highlight, created_at, updated_at) VALUES (15, 257065387, '万圣节ue-英文', 'https://shared.akamai.steamstatic.com/store_item_assets/steam/apps/257065387/829a1378ba56160c505530d43b7865f6cbb1796f/movie_600x337.jpg?t=1729148014', '{\"480\":\"https:\\/\\/video.akamai.steamstatic.com\\/store_trailers\\/257065387\\/movie480_vp9.webm?t=1729148014\",\"max\":\"https:\\/\\/video.akamai.steamstatic.com\\/store_trailers\\/257065387\\/movie_max_vp9.webm?t=1729148014\"}', '{\"480\":\"https:\\/\\/video.akamai.steamstatic.com\\/store_trailers\\/257065387\\/movie480.mp4?t=1729148014\",\"max\":\"https:\\/\\/video.akamai.steamstatic.com\\/store_trailers\\/257065387\\/movie_max.mp4?t=1729148014\"}', 'https://video.akamai.steamstatic.com/store_trailers/1203220/772259/88524671e2e190816f1837e6e581f9d59fa987b1/1750640722/dash_av1.mpd?t=1729148014', 'https://video.akamai.steamstatic.com/store_trailers/1203220/772259/88524671e2e190816f1837e6e581f9d59fa987b1/1750640722/dash_h264.mpd?t=1729148014', 'https://video.akamai.steamstatic.com/store_trailers/1203220/772259/88524671e2e190816f1837e6e581f9d59fa987b1/1750640722/hls_264_master.m3u8?t=1729148014', true, NOW(), NOW());
INSERT INTO game_media (game_id, media_id, name, thumbnail, webm, mp4, dash_av1, dash_h264, hls_h264, highlight, created_at, updated_at) VALUES (15, 257057563, 'S14通行证-英文', 'https://shared.akamai.steamstatic.com/store_item_assets/steam/apps/257057563/movie.293x165.jpg?t=1727143125', '{\"480\":\"https:\\/\\/video.akamai.steamstatic.com\\/store_trailers\\/257057563\\/movie480_vp9.webm?t=1727143125\",\"max\":\"https:\\/\\/video.akamai.steamstatic.com\\/store_trailers\\/257057563\\/movie_max_vp9.webm?t=1727143125\"}', '{\"480\":\"https:\\/\\/video.akamai.steamstatic.com\\/store_trailers\\/257057563\\/movie480.mp4?t=1727143125\",\"max\":\"https:\\/\\/video.akamai.steamstatic.com\\/store_trailers\\/257057563\\/movie_max.mp4?t=1727143125\"}', 'https://video.akamai.steamstatic.com/store_trailers/1203220/759871/c679c6976dd32892d30bb0e570282fdb1a266350/1750640709/dash_av1.mpd?t=1727143125', 'https://video.akamai.steamstatic.com/store_trailers/1203220/759871/c679c6976dd32892d30bb0e570282fdb1a266350/1750640709/dash_h264.mpd?t=1727143125', 'https://video.akamai.steamstatic.com/store_trailers/1203220/759871/c679c6976dd32892d30bb0e570282fdb1a266350/1750640709/hls_264_master.m3u8?t=1727143125', true, NOW(), NOW());
INSERT INTO game_media (game_id, media_id, name, thumbnail, webm, mp4, dash_av1, dash_h264, hls_h264, highlight, created_at, updated_at) VALUES (15, 257050230, '古墓丽影-英文', 'https://shared.akamai.steamstatic.com/store_item_assets/steam/apps/257050230/movie.293x165.jpg?t=1724897467', '{\"480\":\"https:\\/\\/video.akamai.steamstatic.com\\/store_trailers\\/257050230\\/movie480_vp9.webm?t=1724897467\",\"max\":\"https:\\/\\/video.akamai.steamstatic.com\\/store_trailers\\/257050230\\/movie_max_vp9.webm?t=1724897467\"}', '{\"480\":\"https:\\/\\/video.akamai.steamstatic.com\\/store_trailers\\/257050230\\/movie480.mp4?t=1724897467\",\"max\":\"https:\\/\\/video.akamai.steamstatic.com\\/store_trailers\\/257050230\\/movie_max.mp4?t=1724897467\"}', 'https://video.akamai.steamstatic.com/store_trailers/1203220/747342/4c96ccf1ff2ed684592eeb189157722c4dbc2b3d/1750640653/dash_av1.mpd?t=1724897467', 'https://video.akamai.steamstatic.com/store_trailers/1203220/747342/4c96ccf1ff2ed684592eeb189157722c4dbc2b3d/1750640653/dash_h264.mpd?t=1724897467', 'https://video.akamai.steamstatic.com/store_trailers/1203220/747342/4c96ccf1ff2ed684592eeb189157722c4dbc2b3d/1750640653/hls_264_master.m3u8?t=1724897467', true, NOW(), NOW());
INSERT INTO game_media (game_id, media_id, name, thumbnail, webm, mp4, dash_av1, dash_h264, hls_h264, highlight, created_at, updated_at) VALUES (15, 257042444, '张起灵宣传片-英文', 'https://shared.akamai.steamstatic.com/store_item_assets/steam/apps/257042444/movie.293x165.jpg?t=1722564437', '{\"480\":\"https:\\/\\/video.akamai.steamstatic.com\\/store_trailers\\/257042444\\/movie480_vp9.webm?t=1722564437\",\"max\":\"https:\\/\\/video.akamai.steamstatic.com\\/store_trailers\\/257042444\\/movie_max_vp9.webm?t=1722564437\"}', '{\"480\":\"https:\\/\\/video.akamai.steamstatic.com\\/store_trailers\\/257042444\\/movie480.mp4?t=1722564437\",\"max\":\"https:\\/\\/video.akamai.steamstatic.com\\/store_trailers\\/257042444\\/movie_max.mp4?t=1722564437\"}', 'https://video.akamai.steamstatic.com/store_trailers/1203220/733991/2aae2ef3ce30fc1c12867b30c6eaab9f707f6edf/1750640643/dash_av1.mpd?t=1722564437', 'https://video.akamai.steamstatic.com/store_trailers/1203220/733991/2aae2ef3ce30fc1c12867b30c6eaab9f707f6edf/1750640643/dash_h264.mpd?t=1722564437', 'https://video.akamai.steamstatic.com/store_trailers/1203220/733991/2aae2ef3ce30fc1c12867b30c6eaab9f707f6edf/1750640643/hls_264_master.m3u8?t=1722564437', true, NOW(), NOW());
INSERT INTO game_media (game_id, media_id, name, thumbnail, webm, mp4, dash_av1, dash_h264, hls_h264, highlight, created_at, updated_at) VALUES (15, 257034980, '龙隐洞天宣传片-英文', 'https://shared.akamai.steamstatic.com/store_item_assets/steam/apps/257034980/movie.293x165.jpg?t=1719972381', '{\"480\":\"https:\\/\\/video.akamai.steamstatic.com\\/store_trailers\\/257034980\\/movie480_vp9.webm?t=1719972381\",\"max\":\"https:\\/\\/video.akamai.steamstatic.com\\/store_trailers\\/257034980\\/movie_max_vp9.webm?t=1719972381\"}', '{\"480\":\"https:\\/\\/video.akamai.steamstatic.com\\/store_trailers\\/257034980\\/movie480.mp4?t=1719972381\",\"max\":\"https:\\/\\/video.akamai.steamstatic.com\\/store_trailers\\/257034980\\/movie_max.mp4?t=1719972381\"}', 'https://video.akamai.steamstatic.com/store_trailers/1203220/720683/01e9987ed6fb680260d87352708c391ba6159ff2/1750642584/dash_av1.mpd?t=1719972381', 'https://video.akamai.steamstatic.com/store_trailers/1203220/720683/01e9987ed6fb680260d87352708c391ba6159ff2/1750642584/dash_h264.mpd?t=1719972381', 'https://video.akamai.steamstatic.com/store_trailers/1203220/720683/01e9987ed6fb680260d87352708c391ba6159ff2/1750642584/hls_264_master.m3u8?t=1719972381', true, NOW(), NOW());
INSERT INTO game_media (game_id, media_id, name, thumbnail, webm, mp4, dash_av1, dash_h264, hls_h264, highlight, created_at, updated_at) VALUES (15, 257035222, '周年庆UE片-英文', 'https://shared.akamai.steamstatic.com/store_item_assets/steam/apps/257035222/movie.293x165.jpg?t=1719972397', '{\"480\":\"https:\\/\\/video.akamai.steamstatic.com\\/store_trailers\\/257035222\\/movie480_vp9.webm?t=1719972397\",\"max\":\"https:\\/\\/video.akamai.steamstatic.com\\/store_trailers\\/257035222\\/movie_max_vp9.webm?t=1719972397\"}', '{\"480\":\"https:\\/\\/video.akamai.steamstatic.com\\/store_trailers\\/257035222\\/movie480.mp4?t=1719972397\",\"max\":\"https:\\/\\/video.akamai.steamstatic.com\\/store_trailers\\/257035222\\/movie_max.mp4?t=1719972397\"}', 'https://video.akamai.steamstatic.com/store_trailers/1203220/721216/55cbffc1e17d08c062244dbf56f293dd9ba0a81d/1750640640/dash_av1.mpd?t=1719972397', 'https://video.akamai.steamstatic.com/store_trailers/1203220/721216/55cbffc1e17d08c062244dbf56f293dd9ba0a81d/1750640640/dash_h264.mpd?t=1719972397', 'https://video.akamai.steamstatic.com/store_trailers/1203220/721216/55cbffc1e17d08c062244dbf56f293dd9ba0a81d/1750640640/hls_264_master.m3u8?t=1719972397', true, NOW(), NOW());
INSERT INTO game_media (game_id, media_id, name, thumbnail, webm, mp4, dash_av1, dash_h264, hls_h264, highlight, created_at, updated_at) VALUES (15, 257032682, '大河原联动宣传片-英文', 'https://shared.akamai.steamstatic.com/store_item_assets/steam/apps/257032682/movie.293x165.jpg?t=1718942743', '{\"480\":\"https:\\/\\/video.akamai.steamstatic.com\\/store_trailers\\/257032682\\/movie480_vp9.webm?t=1718942743\",\"max\":\"https:\\/\\/video.akamai.steamstatic.com\\/store_trailers\\/257032682\\/movie_max_vp9.webm?t=1718942743\"}', '{\"480\":\"https:\\/\\/video.akamai.steamstatic.com\\/store_trailers\\/257032682\\/movie480.mp4?t=1718942743\",\"max\":\"https:\\/\\/video.akamai.steamstatic.com\\/store_trailers\\/257032682\\/movie_max.mp4?t=1718942743\"}', 'https://video.akamai.steamstatic.com/store_trailers/1203220/716502/b27f7e5985522c7984924b56193901c0031fa5dd/1750640599/dash_av1.mpd?t=1718942743', 'https://video.akamai.steamstatic.com/store_trailers/1203220/716502/b27f7e5985522c7984924b56193901c0031fa5dd/1750640599/dash_h264.mpd?t=1718942743', 'https://video.akamai.steamstatic.com/store_trailers/1203220/716502/b27f7e5985522c7984924b56193901c0031fa5dd/1750640599/hls_264_master.m3u8?t=1718942743', true, NOW(), NOW());
INSERT INTO game_media (game_id, media_id, name, thumbnail, webm, mp4, dash_av1, dash_h264, hls_h264, highlight, created_at, updated_at) VALUES (15, 257021889, '淬炼瑞珠宣传片-英文', 'https://shared.akamai.steamstatic.com/store_item_assets/steam/apps/257021889/movie.293x165.jpg?t=1715253738', '{\"480\":\"https:\\/\\/video.akamai.steamstatic.com\\/store_trailers\\/257021889\\/movie480_vp9.webm?t=1715253738\",\"max\":\"https:\\/\\/video.akamai.steamstatic.com\\/store_trailers\\/257021889\\/movie_max_vp9.webm?t=1715253738\"}', '{\"480\":\"https:\\/\\/video.akamai.steamstatic.com\\/store_trailers\\/257021889\\/movie480.mp4?t=1715253738\",\"max\":\"https:\\/\\/video.akamai.steamstatic.com\\/store_trailers\\/257021889\\/movie_max.mp4?t=1715253738\"}', 'https://video.akamai.steamstatic.com/store_trailers/1203220/697874/3bc5999a04cbcf76d58193e5b203abc9c2c28737/1750640557/dash_av1.mpd?t=1715253738', 'https://video.akamai.steamstatic.com/store_trailers/1203220/697874/3bc5999a04cbcf76d58193e5b203abc9c2c28737/1750640557/dash_h264.mpd?t=1715253738', 'https://video.akamai.steamstatic.com/store_trailers/1203220/697874/3bc5999a04cbcf76d58193e5b203abc9c2c28737/1750640557/hls_264_master.m3u8?t=1715253738', true, NOW(), NOW());
INSERT INTO game_media (game_id, media_id, name, thumbnail, webm, mp4, dash_av1, dash_h264, hls_h264, highlight, created_at, updated_at) VALUES (15, 257014450, 'S12通行证英文', 'https://shared.akamai.steamstatic.com/store_item_assets/steam/apps/257014450/movie.293x165.jpg?t=1712820488', '{\"480\":\"https:\\/\\/video.akamai.steamstatic.com\\/store_trailers\\/257014450\\/movie480_vp9.webm?t=1712820488\",\"max\":\"https:\\/\\/video.akamai.steamstatic.com\\/store_trailers\\/257014450\\/movie_max_vp9.webm?t=1712820488\"}', '{\"480\":\"https:\\/\\/video.akamai.steamstatic.com\\/store_trailers\\/257014450\\/movie480.mp4?t=1712820488\",\"max\":\"https:\\/\\/video.akamai.steamstatic.com\\/store_trailers\\/257014450\\/movie_max.mp4?t=1712820488\"}', 'https://video.akamai.steamstatic.com/store_trailers/1203220/685067/4cdfe704cf5a2044f6ba69e435e0c539bf8b7068/1750640511/dash_av1.mpd?t=1712820488', 'https://video.akamai.steamstatic.com/store_trailers/1203220/685067/4cdfe704cf5a2044f6ba69e435e0c539bf8b7068/1750640511/dash_h264.mpd?t=1712820488', 'https://video.akamai.steamstatic.com/store_trailers/1203220/685067/4cdfe704cf5a2044f6ba69e435e0c539bf8b7068/1750640511/hls_264_master.m3u8?t=1712820488', true, NOW(), NOW());
INSERT INTO game_media (game_id, media_id, name, thumbnail, webm, mp4, dash_av1, dash_h264, hls_h264, highlight, created_at, updated_at) VALUES (15, 256997823, '新春瑞灯CG+实机演示-英文', 'https://shared.akamai.steamstatic.com/store_item_assets/steam/apps/256997823/movie.293x165.jpg?t=1706759427', '{\"480\":\"https:\\/\\/video.akamai.steamstatic.com\\/store_trailers\\/256997823\\/movie480_vp9.webm?t=1706759427\",\"max\":\"https:\\/\\/video.akamai.steamstatic.com\\/store_trailers\\/256997823\\/movie_max_vp9.webm?t=1706759427\"}', '{\"480\":\"https:\\/\\/video.akamai.steamstatic.com\\/store_trailers\\/256997823\\/movie480.mp4?t=1706759427\",\"max\":\"https:\\/\\/video.akamai.steamstatic.com\\/store_trailers\\/256997823\\/movie_max.mp4?t=1706759427\"}', 'https://video.akamai.steamstatic.com/store_trailers/1203220/657045/45484b2fe2b8104e2049e14c5ab5ba42690f5006/1750640485/dash_av1.mpd?t=1706759427', 'https://video.akamai.steamstatic.com/store_trailers/1203220/657045/45484b2fe2b8104e2049e14c5ab5ba42690f5006/1750640485/dash_h264.mpd?t=1706759427', 'https://video.akamai.steamstatic.com/store_trailers/1203220/657045/45484b2fe2b8104e2049e14c5ab5ba42690f5006/1750640485/hls_264_master.m3u8?t=1706759427', true, NOW(), NOW());
INSERT INTO game_media (game_id, media_id, name, thumbnail, webm, mp4, dash_av1, dash_h264, hls_h264, highlight, created_at, updated_at) VALUES (15, 256996398, '魏轻CG+实机演示-英文', 'https://shared.akamai.steamstatic.com/store_item_assets/steam/apps/256996398/movie.293x165.jpg?t=1706759438', '{\"480\":\"https:\\/\\/video.akamai.steamstatic.com\\/store_trailers\\/256996398\\/movie480_vp9.webm?t=1706759438\",\"max\":\"https:\\/\\/video.akamai.steamstatic.com\\/store_trailers\\/256996398\\/movie_max_vp9.webm?t=1706759438\"}', '{\"480\":\"https:\\/\\/video.akamai.steamstatic.com\\/store_trailers\\/256996398\\/movie480.mp4?t=1706759438\",\"max\":\"https:\\/\\/video.akamai.steamstatic.com\\/store_trailers\\/256996398\\/movie_max.mp4?t=1706759438\"}', 'https://video.akamai.steamstatic.com/store_trailers/1203220/654394/651a92b53d0d5860e2cdeb46b9524b8145aef410/1750640447/dash_av1.mpd?t=1706759438', 'https://video.akamai.steamstatic.com/store_trailers/1203220/654394/651a92b53d0d5860e2cdeb46b9524b8145aef410/1750640447/dash_h264.mpd?t=1706759438', 'https://video.akamai.steamstatic.com/store_trailers/1203220/654394/651a92b53d0d5860e2cdeb46b9524b8145aef410/1750640447/hls_264_master.m3u8?t=1706759438', true, NOW(), NOW());
INSERT INTO game_media (game_id, media_id, name, thumbnail, webm, mp4, dash_av1, dash_h264, hls_h264, highlight, created_at, updated_at) VALUES (15, 256994272, '斗罗大陆联动CG+实机演示-英文', 'https://shared.akamai.steamstatic.com/store_item_assets/steam/apps/256994272/movie.293x165.jpg?t=1705549270', '{\"480\":\"https:\\/\\/video.akamai.steamstatic.com\\/store_trailers\\/256994272\\/movie480_vp9.webm?t=1705549270\",\"max\":\"https:\\/\\/video.akamai.steamstatic.com\\/store_trailers\\/256994272\\/movie_max_vp9.webm?t=1705549270\"}', '{\"480\":\"https:\\/\\/video.akamai.steamstatic.com\\/store_trailers\\/256994272\\/movie480.mp4?t=1705549270\",\"max\":\"https:\\/\\/video.akamai.steamstatic.com\\/store_trailers\\/256994272\\/movie_max.mp4?t=1705549270\"}', 'https://video.akamai.steamstatic.com/store_trailers/1203220/650473/e30778fb452c68281569cfa5ff62a96e7ca52331/1750640316/dash_av1.mpd?t=1705549270', 'https://video.akamai.steamstatic.com/store_trailers/1203220/650473/e30778fb452c68281569cfa5ff62a96e7ca52331/1750640316/dash_h264.mpd?t=1705549270', 'https://video.akamai.steamstatic.com/store_trailers/1203220/650473/e30778fb452c68281569cfa5ff62a96e7ca52331/1750640316/hls_264_master.m3u8?t=1705549270', true, NOW(), NOW());
INSERT INTO game_media (game_id, media_id, name, thumbnail, webm, mp4, dash_av1, dash_h264, hls_h264, highlight, created_at, updated_at) VALUES (15, 256992022, '新武器横刀实机演示-英文', 'https://shared.akamai.steamstatic.com/store_item_assets/steam/apps/256992022/movie.293x165.jpg?t=1704334761', '{\"480\":\"https:\\/\\/video.akamai.steamstatic.com\\/store_trailers\\/256992022\\/movie480_vp9.webm?t=1704334761\",\"max\":\"https:\\/\\/video.akamai.steamstatic.com\\/store_trailers\\/256992022\\/movie_max_vp9.webm?t=1704334761\"}', '{\"480\":\"https:\\/\\/video.akamai.steamstatic.com\\/store_trailers\\/256992022\\/movie480.mp4?t=1704334761\",\"max\":\"https:\\/\\/video.akamai.steamstatic.com\\/store_trailers\\/256992022\\/movie_max.mp4?t=1704334761\"}', 'https://video.akamai.steamstatic.com/store_trailers/1203220/646098/a9ebf4c83334538c81a923bd4a3925c8461bfa68/1750640258/dash_av1.mpd?t=1704334761', 'https://video.akamai.steamstatic.com/store_trailers/1203220/646098/a9ebf4c83334538c81a923bd4a3925c8461bfa68/1750640258/dash_h264.mpd?t=1704334761', 'https://video.akamai.steamstatic.com/store_trailers/1203220/646098/a9ebf4c83334538c81a923bd4a3925c8461bfa68/1750640258/hls_264_master.m3u8?t=1704334761', true, NOW(), NOW());
INSERT INTO game_media (game_id, media_id, name, thumbnail, webm, mp4, dash_av1, dash_h264, hls_h264, highlight, created_at, updated_at) VALUES (15, 256991854, 'S11通行证-英文', 'https://shared.akamai.steamstatic.com/store_item_assets/steam/apps/256991854/movie.293x165.jpg?t=1704334773', '{\"480\":\"https:\\/\\/video.akamai.steamstatic.com\\/store_trailers\\/256991854\\/movie480_vp9.webm?t=1704334773\",\"max\":\"https:\\/\\/video.akamai.steamstatic.com\\/store_trailers\\/256991854\\/movie_max_vp9.webm?t=1704334773\"}', '{\"480\":\"https:\\/\\/video.akamai.steamstatic.com\\/store_trailers\\/256991854\\/movie480.mp4?t=1704334773\",\"max\":\"https:\\/\\/video.akamai.steamstatic.com\\/store_trailers\\/256991854\\/movie_max.mp4?t=1704334773\"}', 'https://video.akamai.steamstatic.com/store_trailers/1203220/645722/74caa6cc2693e670e63b21b5958397c054bd7549/1750640182/dash_av1.mpd?t=1704334773', 'https://video.akamai.steamstatic.com/store_trailers/1203220/645722/74caa6cc2693e670e63b21b5958397c054bd7549/1750640182/dash_h264.mpd?t=1704334773', 'https://video.akamai.steamstatic.com/store_trailers/1203220/645722/74caa6cc2693e670e63b21b5958397c054bd7549/1750640182/hls_264_master.m3u8?t=1704334773', true, NOW(), NOW());
INSERT INTO game_media (game_id, media_id, name, thumbnail, webm, mp4, dash_av1, dash_h264, hls_h264, highlight, created_at, updated_at) VALUES (15, 256990271, '武道无穷CG+实机演示（英文）', 'https://shared.akamai.steamstatic.com/store_item_assets/steam/apps/256990271/movie.293x165.jpg?t=1703141278', '{\"480\":\"https:\\/\\/video.akamai.steamstatic.com\\/store_trailers\\/256990271\\/movie480_vp9.webm?t=1703141278\",\"max\":\"https:\\/\\/video.akamai.steamstatic.com\\/store_trailers\\/256990271\\/movie_max_vp9.webm?t=1703141278\"}', '{\"480\":\"https:\\/\\/video.akamai.steamstatic.com\\/store_trailers\\/256990271\\/movie480.mp4?t=1703141278\",\"max\":\"https:\\/\\/video.akamai.steamstatic.com\\/store_trailers\\/256990271\\/movie_max.mp4?t=1703141278\"}', 'https://video.akamai.steamstatic.com/store_trailers/1203220/642846/6922c197030166add6c8b736f92080dc12cfc25a/1750640143/dash_av1.mpd?t=1703141278', 'https://video.akamai.steamstatic.com/store_trailers/1203220/642846/6922c197030166add6c8b736f92080dc12cfc25a/1750640143/dash_h264.mpd?t=1703141278', 'https://video.akamai.steamstatic.com/store_trailers/1203220/642846/6922c197030166add6c8b736f92080dc12cfc25a/1750640143/hls_264_master.m3u8?t=1703141278', true, NOW(), NOW());
INSERT INTO game_media (game_id, media_id, name, thumbnail, webm, mp4, dash_av1, dash_h264, hls_h264, highlight, created_at, updated_at) VALUES (15, 256957929, '海外2周年卖点', 'https://shared.akamai.steamstatic.com/store_item_assets/steam/apps/256957929/movie.293x165.jpg?t=1689283195', '{\"480\":\"https:\\/\\/video.akamai.steamstatic.com\\/store_trailers\\/256957929\\/movie480_vp9.webm?t=1689283195\",\"max\":\"https:\\/\\/video.akamai.steamstatic.com\\/store_trailers\\/256957929\\/movie_max_vp9.webm?t=1689283195\"}', '{\"480\":\"https:\\/\\/video.akamai.steamstatic.com\\/store_trailers\\/256957929\\/movie480.mp4?t=1689283195\",\"max\":\"https:\\/\\/video.akamai.steamstatic.com\\/store_trailers\\/256957929\\/movie_max.mp4?t=1689283195\"}', 'https://video.akamai.steamstatic.com/store_trailers/1203220/587098/fa04fde2bf663574970492d67fa2ac11f9c293e7/1750639766/dash_av1.mpd?t=1689283195', 'https://video.akamai.steamstatic.com/store_trailers/1203220/587098/fa04fde2bf663574970492d67fa2ac11f9c293e7/1750639766/dash_h264.mpd?t=1689283195', 'https://video.akamai.steamstatic.com/store_trailers/1203220/587098/fa04fde2bf663574970492d67fa2ac11f9c293e7/1750639766/hls_264_master.m3u8?t=1689283195', true, NOW(), NOW());
INSERT INTO game_media (game_id, media_id, name, thumbnail, webm, mp4, dash_av1, dash_h264, hls_h264, highlight, created_at, updated_at) VALUES (15, 256957930, '2周年CG英文', 'https://shared.akamai.steamstatic.com/store_item_assets/steam/apps/256957930/movie.293x165.jpg?t=1689283190', '{\"480\":\"https:\\/\\/video.akamai.steamstatic.com\\/store_trailers\\/256957930\\/movie480_vp9.webm?t=1689283190\",\"max\":\"https:\\/\\/video.akamai.steamstatic.com\\/store_trailers\\/256957930\\/movie_max_vp9.webm?t=1689283190\"}', '{\"480\":\"https:\\/\\/video.akamai.steamstatic.com\\/store_trailers\\/256957930\\/movie480.mp4?t=1689283190\",\"max\":\"https:\\/\\/video.akamai.steamstatic.com\\/store_trailers\\/256957930\\/movie_max.mp4?t=1689283190\"}', 'https://video.akamai.steamstatic.com/store_trailers/1203220/587099/51ee5603de26c91c6cdf0c6c6dc77792099276bd/1750639786/dash_av1.mpd?t=1689283190', 'https://video.akamai.steamstatic.com/store_trailers/1203220/587099/51ee5603de26c91c6cdf0c6c6dc77792099276bd/1750639786/dash_h264.mpd?t=1689283190', 'https://video.akamai.steamstatic.com/store_trailers/1203220/587099/51ee5603de26c91c6cdf0c6c6dc77792099276bd/1750639786/hls_264_master.m3u8?t=1689283190', true, NOW(), NOW());
INSERT INTO game_category (game_id, category_id, created_at, updated_at) VALUES (15, 24, NOW(), NOW());
INSERT INTO game_category (game_id, category_id, created_at, updated_at) VALUES (15, 30, NOW(), NOW());
INSERT INTO game_category (game_id, category_id, created_at, updated_at) VALUES (15, 27, NOW(), NOW());
INSERT INTO game_category (game_id, category_id, created_at, updated_at) VALUES (15, 41, NOW(), NOW());
INSERT INTO game_category (game_id, category_id, created_at, updated_at) VALUES (15, 45, NOW(), NOW());
INSERT INTO game_category (game_id, category_id, created_at, updated_at) VALUES (15, 16, NOW(), NOW());
INSERT INTO game_category (game_id, category_id, created_at, updated_at) VALUES (15, 28, NOW(), NOW());
INSERT INTO game_category (game_id, category_id, created_at, updated_at) VALUES (15, 15, NOW(), NOW());
INSERT INTO game_genre (game_id, genre_id, created_at, updated_at) VALUES (15, 1, NOW(), NOW());
INSERT INTO game_genre (game_id, genre_id, created_at, updated_at) VALUES (15, 2, NOW(), NOW());
INSERT INTO game_genre (game_id, genre_id, created_at, updated_at) VALUES (15, 12, NOW(), NOW());
INSERT INTO game_genre (game_id, genre_id, created_at, updated_at) VALUES (15, 9, NOW(), NOW());
INSERT INTO game_developer (game_id, developer_id, created_at, updated_at) VALUES (15, 1, NOW(), NOW());
INSERT INTO game_publisher (game_id, publisher_id, created_at, updated_at) VALUES (15, 52, NOW(), NOW());

-- Game #16: Stardew Valley
INSERT INTO games (id, steam_id, name, type, slug, short_description, required_age, is_free, have_dlc, icon, supported_languages, release_date, coming_soon, recommendations, achievements_count, positive_reviews, negative_reviews, total_reviews, positive_ratio, content_descriptors, is_active, created_at, updated_at) VALUES (16, 413150, 'Stardew Valley', 'game', 'stardew-valley', 'You\'ve inherited your grandfather\'s old farm plot in Stardew Valley. Armed with hand-me-down tools and a few coins, you set out to begin your new life. Can you learn to live off the land and turn these overgrown fields into a thriving home?', 0, false, true, 'https://shared.akamai.steamstatic.com/store_item_assets/steam/apps/413150/header.jpg?t=1754692865', '[\"English\",\"German\",\"Spanish - Spain\",\"Japanese\",\"Portuguese - Brazil\",\"Russian\",\"Simplified Chinese\",\"French\",\"Italian\",\"Hungarian\",\"Korean\",\"Turkish\"]', '2016-02-26', false, 805784, 49, 266, 34, 300, 0.887, '{\"ids\":[],\"notes\":null}', true, NOW(), NOW());
INSERT INTO game_platforms (game_id, windows, mac, linux, created_at, updated_at) VALUES (16, true, true, true, NOW(), NOW());
INSERT INTO game_requirements (game_id, pc_requirements, mac_requirements, linux_requirements, created_at, updated_at) VALUES (16, 'Minimum: OS *: Windows Vista or greater Processor: 2 Ghz Memory: 2 GB RAM Graphics: 256 mb video memory, shader model 3.0+ DirectX: Version 10 Storage: 500 MB available space', 'Minimum: OS: Mac OSX 10.10+ Processor: 2 Ghz Memory: 2 GB RAM Graphics: 256 mb video memory, OpenGL 2 Storage: 500 MB available space', 'Minimum: OS: Ubuntu 12.04 LTS Processor: 2 Ghz Memory: 2 GB RAM Graphics: 256 mb video memory, OpenGL 2 Storage: 500 MB available space', NOW(), NOW());
INSERT INTO game_community_ratings (game_id, toxicity_rate, cheater_rate, bug_rate, microtransaction_rate, bad_optimization_rate, not_recommended_rate, created_at, updated_at) VALUES (16, 0.027, 0.037, 0.003, 0.005, 0.011, 0.057, NOW(), NOW());
INSERT INTO game_media (game_id, media_id, name, thumbnail, webm, mp4, dash_av1, dash_h264, hls_h264, highlight, created_at, updated_at) VALUES (16, 256815967, 'Stardew Valley Trailer 1080p', 'https://shared.akamai.steamstatic.com/store_item_assets/steam/apps/256815967/movie.293x165.jpg?t=1754692862', '{\"480\":\"https:\\/\\/video.akamai.steamstatic.com\\/store_trailers\\/256815967\\/movie480_vp9.webm?t=1754692862\",\"max\":\"https:\\/\\/video.akamai.steamstatic.com\\/store_trailers\\/256815967\\/movie_max_vp9.webm?t=1754692862\"}', '{\"480\":\"https:\\/\\/video.akamai.steamstatic.com\\/store_trailers\\/256815967\\/movie480.mp4?t=1754692862\",\"max\":\"https:\\/\\/video.akamai.steamstatic.com\\/store_trailers\\/256815967\\/movie_max.mp4?t=1754692862\"}', 'https://video.akamai.steamstatic.com/store_trailers/413150/336433/0058de516bf7c46986ba1e81172ffd3c2ca6cad7/1750527541/dash_av1.mpd?t=1754692862', 'https://video.akamai.steamstatic.com/store_trailers/413150/336433/0058de516bf7c46986ba1e81172ffd3c2ca6cad7/1750527541/dash_h264.mpd?t=1754692862', 'https://video.akamai.steamstatic.com/store_trailers/413150/336433/0058de516bf7c46986ba1e81172ffd3c2ca6cad7/1750527541/hls_264_master.m3u8?t=1754692862', true, NOW(), NOW());
INSERT INTO game_category (game_id, category_id, created_at, updated_at) VALUES (16, 39, NOW(), NOW());
INSERT INTO game_category (game_id, category_id, created_at, updated_at) VALUES (16, 24, NOW(), NOW());
INSERT INTO game_category (game_id, category_id, created_at, updated_at) VALUES (16, 7, NOW(), NOW());
INSERT INTO game_category (game_id, category_id, created_at, updated_at) VALUES (16, 26, NOW(), NOW());
INSERT INTO game_category (game_id, category_id, created_at, updated_at) VALUES (16, 20, NOW(), NOW());
INSERT INTO game_category (game_id, category_id, created_at, updated_at) VALUES (16, 37, NOW(), NOW());
INSERT INTO game_category (game_id, category_id, created_at, updated_at) VALUES (16, 36, NOW(), NOW());
INSERT INTO game_category (game_id, category_id, created_at, updated_at) VALUES (16, 41, NOW(), NOW());
INSERT INTO game_category (game_id, category_id, created_at, updated_at) VALUES (16, 13, NOW(), NOW());
INSERT INTO game_category (game_id, category_id, created_at, updated_at) VALUES (16, 45, NOW(), NOW());
INSERT INTO game_category (game_id, category_id, created_at, updated_at) VALUES (16, 42, NOW(), NOW());
INSERT INTO game_category (game_id, category_id, created_at, updated_at) VALUES (16, 32, NOW(), NOW());
INSERT INTO game_category (game_id, category_id, created_at, updated_at) VALUES (16, 34, NOW(), NOW());
INSERT INTO game_category (game_id, category_id, created_at, updated_at) VALUES (16, 31, NOW(), NOW());
INSERT INTO game_category (game_id, category_id, created_at, updated_at) VALUES (16, 12, NOW(), NOW());
INSERT INTO game_genre (game_id, genre_id, created_at, updated_at) VALUES (16, 11, NOW(), NOW());
INSERT INTO game_genre (game_id, genre_id, created_at, updated_at) VALUES (16, 14, NOW(), NOW());
INSERT INTO game_genre (game_id, genre_id, created_at, updated_at) VALUES (16, 16, NOW(), NOW());
INSERT INTO game_developer (game_id, developer_id, created_at, updated_at) VALUES (16, 25, NOW(), NOW());
INSERT INTO game_publisher (game_id, publisher_id, created_at, updated_at) VALUES (16, 20, NOW(), NOW());

-- Game #17: Megabonk
INSERT INTO games (id, steam_id, name, type, slug, short_description, required_age, is_free, have_dlc, icon, supported_languages, release_date, coming_soon, recommendations, achievements_count, positive_reviews, negative_reviews, total_reviews, positive_ratio, content_descriptors, is_active, created_at, updated_at) VALUES (17, 3405340, 'Megabonk', 'game', 'megabonk', 'Smash your way through endless waves of enemies and grow absurdly powerful! Grab loot, level up, unlock characters and upgrade to create unique and crazy builds as you fend off hordes of creatures!', 0, false, true, 'https://shared.akamai.steamstatic.com/store_item_assets/steam/apps/3405340/d06cb39a82a703e42541085fc61b42d80904b3f8/header.jpg?t=1760445338', '[\"English\",\"French\",\"Italian\",\"German\",\"Spanish - Spain\",\"Czech\",\"Japanese\",\"Korean\",\"Polish\",\"Portuguese - Brazil\",\"Russian\",\"Simplified Chinese\",\"Spanish - Latin America\",\"Thai\",\"Traditional Chinese\",\"Turkish\",\"Ukrainian\"]', '2025-09-18', false, 39513, 108, 108, 192, 300, 0.36, '{\"ids\":[],\"notes\":null}', true, NOW(), NOW());
INSERT INTO game_platforms (game_id, windows, mac, linux, created_at, updated_at) VALUES (17, true, false, true, NOW(), NOW());
INSERT INTO game_requirements (game_id, pc_requirements, mac_requirements, linux_requirements, created_at, updated_at) VALUES (17, 'Minimum: Requires a 64-bit processor and operating system OS: Windows 10 (64-bit) Processor: potato Memory: 2 GB RAM Graphics: no DirectX: Version 11 Storage: 500 MB available space Sound Card: Any Additional Notes: will run on a toaster (if you ask it nicely)', 'Minimum:', 'Minimum: OS: Ubuntu 18.04, SteamOS 3.0, or later Processor: potato Memory: 2 GB RAM Graphics: no Storage: 500 MB available space Sound Card: Any Additional Notes: will run on a toaster (if you ask it nicely)', NOW(), NOW());
INSERT INTO game_community_ratings (game_id, toxicity_rate, cheater_rate, bug_rate, microtransaction_rate, bad_optimization_rate, not_recommended_rate, created_at, updated_at) VALUES (17, 0, 0, 0.017, 0.008, 0.003, 0.233, NOW(), NOW());
INSERT INTO game_media (game_id, media_id, name, thumbnail, webm, mp4, dash_av1, dash_h264, hls_h264, highlight, created_at, updated_at) VALUES (17, 257200591, 'Megabonk Trailer Launch', 'https://shared.akamai.steamstatic.com/store_item_assets/steam/apps/257200591/a061ddee3b5e3494eff00a00161292eac8102a20/movie_600x337.jpg?t=1758158530', '{\"480\":\"https:\\/\\/video.akamai.steamstatic.com\\/store_trailers\\/257200591\\/movie480_vp9.webm?t=1758158530\",\"max\":\"https:\\/\\/video.akamai.steamstatic.com\\/store_trailers\\/257200591\\/movie_max_vp9.webm?t=1758158530\"}', '{\"480\":\"https:\\/\\/video.akamai.steamstatic.com\\/store_trailers\\/257200591\\/movie480.mp4?t=1758158530\",\"max\":\"https:\\/\\/video.akamai.steamstatic.com\\/store_trailers\\/257200591\\/movie_max.mp4?t=1758158530\"}', 'https://video.akamai.steamstatic.com/store_trailers/3405340/812784606/5b46f6fdaa53e5fbc456785234d21932a94fdd14/1758154057/dash_av1.mpd?t=1758158530', 'https://video.akamai.steamstatic.com/store_trailers/3405340/812784606/5b46f6fdaa53e5fbc456785234d21932a94fdd14/1758154057/dash_h264.mpd?t=1758158530', 'https://video.akamai.steamstatic.com/store_trailers/3405340/812784606/5b46f6fdaa53e5fbc456785234d21932a94fdd14/1758154057/hls_264_master.m3u8?t=1758158530', true, NOW(), NOW());
INSERT INTO game_category (game_id, category_id, created_at, updated_at) VALUES (17, 39, NOW(), NOW());
INSERT INTO game_category (game_id, category_id, created_at, updated_at) VALUES (17, 41, NOW(), NOW());
INSERT INTO game_category (game_id, category_id, created_at, updated_at) VALUES (17, 13, NOW(), NOW());
INSERT INTO game_category (game_id, category_id, created_at, updated_at) VALUES (17, 3, NOW(), NOW());
INSERT INTO game_category (game_id, category_id, created_at, updated_at) VALUES (17, 29, NOW(), NOW());
INSERT INTO game_category (game_id, category_id, created_at, updated_at) VALUES (17, 49, NOW(), NOW());
INSERT INTO game_category (game_id, category_id, created_at, updated_at) VALUES (17, 51, NOW(), NOW());
INSERT INTO game_category (game_id, category_id, created_at, updated_at) VALUES (17, 42, NOW(), NOW());
INSERT INTO game_category (game_id, category_id, created_at, updated_at) VALUES (17, 40, NOW(), NOW());
INSERT INTO game_category (game_id, category_id, created_at, updated_at) VALUES (17, 43, NOW(), NOW());
INSERT INTO game_category (game_id, category_id, created_at, updated_at) VALUES (17, 12, NOW(), NOW());
INSERT INTO game_category (game_id, category_id, created_at, updated_at) VALUES (17, 44, NOW(), NOW());
INSERT INTO game_genre (game_id, genre_id, created_at, updated_at) VALUES (17, 1, NOW(), NOW());
INSERT INTO game_genre (game_id, genre_id, created_at, updated_at) VALUES (17, 5, NOW(), NOW());
INSERT INTO game_genre (game_id, genre_id, created_at, updated_at) VALUES (17, 11, NOW(), NOW());
INSERT INTO game_developer (game_id, developer_id, created_at, updated_at) VALUES (17, 112, NOW(), NOW());
INSERT INTO game_publisher (game_id, publisher_id, created_at, updated_at) VALUES (17, 89, NOW(), NOW());

-- Game #18: Rust
INSERT INTO games (id, steam_id, name, type, slug, short_description, required_age, is_free, have_dlc, icon, supported_languages, release_date, coming_soon, recommendations, achievements_count, positive_reviews, negative_reviews, total_reviews, positive_ratio, content_descriptors, is_active, created_at, updated_at) VALUES (18, 252490, 'Rust', 'game', 'rust', 'The only aim in Rust is to survive. Everything wants you to die - the island’s wildlife, other inhabitants, the environment, and other survivors. Do whatever it takes to last another night.', 0, false, true, 'https://shared.akamai.steamstatic.com/store_item_assets/steam/apps/252490/header.jpg?t=1761251855', '[\"English *\",\"French *\",\"Italian *\",\"German *\",\"Spanish - Spain *\",\"Japanese *\",\"Korean *\",\"Russian *\",\"Simplified Chinese *\",\"Ukrainian *\",\"Polish *\",\"Portuguese - Portugal *\",\"Turkish *\",\"Arabic\",\"Czech\",\"Danish\",\"Dutch\",\"Finnish\",\"Greek\",\"Norwegian\",\"Portuguese - Brazil\",\"Spanish - Latin America\",\"Swedish\",\"Traditional Chinese\",\"Vietnamese * languages with full audio support\"]', '2018-02-08', false, 1057888, 92, 50, 250, 300, 0.167, '{\"ids\":[1,2,5],\"notes\":\"Contains violence and caveman themed nudity.\\r\\n\\r\\nIn-game nudity, blood, player-made signs, voice chat and text chat can be disabled from the in-game options menu.\"}', true, NOW(), NOW());
INSERT INTO game_platforms (game_id, windows, mac, linux, created_at, updated_at) VALUES (18, true, true, false, NOW(), NOW());
INSERT INTO game_requirements (game_id, pc_requirements, mac_requirements, linux_requirements, created_at, updated_at) VALUES (18, 'Minimum: Requires a 64-bit processor and operating system OS: Windows 10 64bit Processor: Intel Core i5-8250U / AMD Ryzen 5 5500 or better Memory: 10 GB RAM Graphics: GTX 1050 / AMD 500 Series or better DirectX: Version 11 Network: Broadband Internet connection Storage: 40 GB available space Additional Notes: SSD is highly recommended or expect longer than average load times.', 'Minimum: OS: macOS Monterey (version 12) Processor: Apple M1 Memory: 10 GB RAM Graphics: Apple M1 Network: Broadband Internet connection Storage: 40 GB available space', 'Minimum: Processor: Intel Core i7-3770 / AMD FX-9590 or better Memory: 8 GB RAM Graphics: GTX 670 2GB / AMD R9 280 better Network: Broadband Internet connection Storage: 10 GB available space', NOW(), NOW());
INSERT INTO game_community_ratings (game_id, toxicity_rate, cheater_rate, bug_rate, microtransaction_rate, bad_optimization_rate, not_recommended_rate, created_at, updated_at) VALUES (18, 0.248, 0.218, 0.15, 0.043, 0.138, 0.239, NOW(), NOW());
INSERT INTO game_media (game_id, media_id, name, thumbnail, webm, mp4, dash_av1, dash_h264, hls_h264, highlight, created_at, updated_at) VALUES (18, 256684736, 'Official Trailer', 'https://shared.akamai.steamstatic.com/store_item_assets/steam/apps/256684736/movie.293x165.jpg?t=1699598112', '{\"480\":\"https:\\/\\/video.akamai.steamstatic.com\\/store_trailers\\/256684736\\/movie480_vp9.webm?t=1699598112\",\"max\":\"https:\\/\\/video.akamai.steamstatic.com\\/store_trailers\\/256684736\\/movie_max_vp9.webm?t=1699598112\"}', '{\"480\":\"https:\\/\\/video.akamai.steamstatic.com\\/store_trailers\\/256684736\\/movie480.mp4?t=1699598112\",\"max\":\"https:\\/\\/video.akamai.steamstatic.com\\/store_trailers\\/256684736\\/movie_max.mp4?t=1699598112\"}', 'https://video.akamai.steamstatic.com/store_trailers/252490/102019/c573f5b01317174c7ae20a0abbcc3a39ccad32c2/1750487766/dash_av1.mpd?t=1699598112', 'https://video.akamai.steamstatic.com/store_trailers/252490/102019/c573f5b01317174c7ae20a0abbcc3a39ccad32c2/1750487766/dash_h264.mpd?t=1699598112', 'https://video.akamai.steamstatic.com/store_trailers/252490/102019/c573f5b01317174c7ae20a0abbcc3a39ccad32c2/1750487766/hls_264_master.m3u8?t=1699598112', true, NOW(), NOW());
INSERT INTO game_media (game_id, media_id, name, thumbnail, webm, mp4, dash_av1, dash_h264, hls_h264, highlight, created_at, updated_at) VALUES (18, 257095612, 'The Primitive Update', 'https://shared.akamai.steamstatic.com/store_item_assets/steam/apps/257095612/39280f7c0269609c64da103a559d2476201324e4/movie_600x337.jpg?t=1738927715', '{\"480\":\"https:\\/\\/video.akamai.steamstatic.com\\/store_trailers\\/257095612\\/movie480_vp9.webm?t=1738927715\",\"max\":\"https:\\/\\/video.akamai.steamstatic.com\\/store_trailers\\/257095612\\/movie_max_vp9.webm?t=1738927715\"}', '{\"480\":\"https:\\/\\/video.akamai.steamstatic.com\\/store_trailers\\/257095612\\/movie480.mp4?t=1738927715\",\"max\":\"https:\\/\\/video.akamai.steamstatic.com\\/store_trailers\\/257095612\\/movie_max.mp4?t=1738927715\"}', 'https://video.akamai.steamstatic.com/store_trailers/252490/824633/5cc1654f16b5276ffc863ba20a16278255996ceb/1750487790/dash_av1.mpd?t=1738927715', 'https://video.akamai.steamstatic.com/store_trailers/252490/824633/5cc1654f16b5276ffc863ba20a16278255996ceb/1750487790/dash_h264.mpd?t=1738927715', 'https://video.akamai.steamstatic.com/store_trailers/252490/824633/5cc1654f16b5276ffc863ba20a16278255996ceb/1750487790/hls_264_master.m3u8?t=1738927715', true, NOW(), NOW());
INSERT INTO game_media (game_id, media_id, name, thumbnail, webm, mp4, dash_av1, dash_h264, hls_h264, highlight, created_at, updated_at) VALUES (18, 256761600, 'Scrap Helicopter', 'https://shared.akamai.steamstatic.com/store_item_assets/steam/apps/256761600/movie.293x165.jpg?t=1699598120', '{\"480\":\"https:\\/\\/video.akamai.steamstatic.com\\/store_trailers\\/256761600\\/movie480.webm?t=1699598120\",\"max\":\"https:\\/\\/video.akamai.steamstatic.com\\/store_trailers\\/256761600\\/movie_max.webm?t=1699598120\"}', '{\"480\":\"https:\\/\\/video.akamai.steamstatic.com\\/store_trailers\\/256761600\\/movie480.mp4?t=1699598120\",\"max\":\"https:\\/\\/video.akamai.steamstatic.com\\/store_trailers\\/256761600\\/movie_max.mp4?t=1699598120\"}', 'https://video.akamai.steamstatic.com/store_trailers/252490/242376/dc8326605886898c86189b549303e57fad692554/1750487768/dash_av1.mpd?t=1699598120', 'https://video.akamai.steamstatic.com/store_trailers/252490/242376/dc8326605886898c86189b549303e57fad692554/1750487768/dash_h264.mpd?t=1699598120', 'https://video.akamai.steamstatic.com/store_trailers/252490/242376/dc8326605886898c86189b549303e57fad692554/1750487768/hls_264_master.m3u8?t=1699598120', true, NOW(), NOW());
INSERT INTO game_media (game_id, media_id, name, thumbnail, webm, mp4, dash_av1, dash_h264, hls_h264, highlight, created_at, updated_at) VALUES (18, 256761603, 'Excavator', 'https://shared.akamai.steamstatic.com/store_item_assets/steam/apps/256761603/movie.293x165.jpg?t=1699598125', '{\"480\":\"https:\\/\\/video.akamai.steamstatic.com\\/store_trailers\\/256761603\\/movie480.webm?t=1699598125\",\"max\":\"https:\\/\\/video.akamai.steamstatic.com\\/store_trailers\\/256761603\\/movie_max.webm?t=1699598125\"}', '{\"480\":\"https:\\/\\/video.akamai.steamstatic.com\\/store_trailers\\/256761603\\/movie480.mp4?t=1699598125\",\"max\":\"https:\\/\\/video.akamai.steamstatic.com\\/store_trailers\\/256761603\\/movie_max.mp4?t=1699598125\"}', 'https://video.akamai.steamstatic.com/store_trailers/252490/242380/012442f432d4ef62821d2862236dee9aec29be09/1750487775/dash_av1.mpd?t=1699598125', 'https://video.akamai.steamstatic.com/store_trailers/252490/242380/012442f432d4ef62821d2862236dee9aec29be09/1750487775/dash_h264.mpd?t=1699598125', 'https://video.akamai.steamstatic.com/store_trailers/252490/242380/012442f432d4ef62821d2862236dee9aec29be09/1750487775/hls_264_master.m3u8?t=1699598125', true, NOW(), NOW());
INSERT INTO game_media (game_id, media_id, name, thumbnail, webm, mp4, dash_av1, dash_h264, hls_h264, highlight, created_at, updated_at) VALUES (18, 256791647, 'World Update 2.0', 'https://shared.akamai.steamstatic.com/store_item_assets/steam/apps/256791647/20493083c046e6a02ba9af308eb683872764af34/movie_600x337.jpg?t=1736337052', '{\"480\":\"https:\\/\\/video.akamai.steamstatic.com\\/store_trailers\\/256791647\\/movie480_vp9.webm?t=1736337052\",\"max\":\"https:\\/\\/video.akamai.steamstatic.com\\/store_trailers\\/256791647\\/movie_max_vp9.webm?t=1736337052\"}', '{\"480\":\"https:\\/\\/video.akamai.steamstatic.com\\/store_trailers\\/256791647\\/movie480.mp4?t=1736337052\",\"max\":\"https:\\/\\/video.akamai.steamstatic.com\\/store_trailers\\/256791647\\/movie_max.mp4?t=1736337052\"}', 'https://video.akamai.steamstatic.com/store_trailers/252490/296402/e37c6d86e5500349a2eb83ba4c4691b59a3f6944/1750487788/dash_av1.mpd?t=1736337052', 'https://video.akamai.steamstatic.com/store_trailers/252490/296402/e37c6d86e5500349a2eb83ba4c4691b59a3f6944/1750487788/dash_h264.mpd?t=1736337052', 'https://video.akamai.steamstatic.com/store_trailers/252490/296402/e37c6d86e5500349a2eb83ba4c4691b59a3f6944/1750487788/hls_264_master.m3u8?t=1736337052', true, NOW(), NOW());
INSERT INTO game_category (game_id, category_id, created_at, updated_at) VALUES (18, 24, NOW(), NOW());
INSERT INTO game_category (game_id, category_id, created_at, updated_at) VALUES (18, 22, NOW(), NOW());
INSERT INTO game_category (game_id, category_id, created_at, updated_at) VALUES (18, 30, NOW(), NOW());
INSERT INTO game_category (game_id, category_id, created_at, updated_at) VALUES (18, 27, NOW(), NOW());
INSERT INTO game_category (game_id, category_id, created_at, updated_at) VALUES (18, 7, NOW(), NOW());
INSERT INTO game_category (game_id, category_id, created_at, updated_at) VALUES (18, 26, NOW(), NOW());
INSERT INTO game_category (game_id, category_id, created_at, updated_at) VALUES (18, 10, NOW(), NOW());
INSERT INTO game_category (game_id, category_id, created_at, updated_at) VALUES (18, 41, NOW(), NOW());
INSERT INTO game_category (game_id, category_id, created_at, updated_at) VALUES (18, 45, NOW(), NOW());
INSERT INTO game_category (game_id, category_id, created_at, updated_at) VALUES (18, 47, NOW(), NOW());
INSERT INTO game_category (game_id, category_id, created_at, updated_at) VALUES (18, 16, NOW(), NOW());
INSERT INTO game_category (game_id, category_id, created_at, updated_at) VALUES (18, 54, NOW(), NOW());
INSERT INTO game_category (game_id, category_id, created_at, updated_at) VALUES (18, 40, NOW(), NOW());
INSERT INTO game_category (game_id, category_id, created_at, updated_at) VALUES (18, 34, NOW(), NOW());
INSERT INTO game_genre (game_id, genre_id, created_at, updated_at) VALUES (18, 1, NOW(), NOW());
INSERT INTO game_genre (game_id, genre_id, created_at, updated_at) VALUES (18, 2, NOW(), NOW());
INSERT INTO game_genre (game_id, genre_id, created_at, updated_at) VALUES (18, 11, NOW(), NOW());
INSERT INTO game_genre (game_id, genre_id, created_at, updated_at) VALUES (18, 12, NOW(), NOW());
INSERT INTO game_genre (game_id, genre_id, created_at, updated_at) VALUES (18, 14, NOW(), NOW());
INSERT INTO game_developer (game_id, developer_id, created_at, updated_at) VALUES (18, 35, NOW(), NOW());
INSERT INTO game_publisher (game_id, publisher_id, created_at, updated_at) VALUES (18, 28, NOW(), NOW());

-- Game #19: HELLDIVERS™ 2
INSERT INTO games (id, steam_id, name, type, slug, short_description, required_age, is_free, have_dlc, icon, supported_languages, release_date, coming_soon, recommendations, achievements_count, positive_reviews, negative_reviews, total_reviews, positive_ratio, content_descriptors, is_active, created_at, updated_at) VALUES (19, 553850, 'HELLDIVERS™ 2', 'game', 'helldivers-2', 'The Galaxy’s Last Line of Offence. Enlist in the Helldivers and join the fight for freedom across a hostile galaxy in a fast, frantic, and ferocious third-person shooter.', 17, false, true, 'https://shared.akamai.steamstatic.com/store_item_assets/steam/apps/553850/14293cf6c4eeb6959b9333ecd42fcc021a8fc1e3/header.jpg?t=1757033568', '[\"English *\",\"French *\",\"Italian *\",\"German *\",\"Spanish - Spain *\",\"Japanese *\",\"Korean\",\"Portuguese - Brazil *\",\"Spanish - Latin America *\",\"Polish\",\"Portuguese - Portugal\",\"Russian\",\"Simplified Chinese\",\"Traditional Chinese * languages with full audio support\"]', '2024-02-08', false, 778693, 38, 3, 297, 300, 0.01, '{\"ids\":[2,5],\"notes\":\"HELLDIVERS\\u2122 2 is a 3rd person squad-based shooter that sees the elite forces of the Helldivers battling to win an intergalactic struggle to rid the galaxy of the rising alien threats. From a 3rd person perspective, players use a variety of weapons (pistols, machine guns, flamethrowers) and stratagems (turrets, airstrikes, etc.) to shoot and kill the alien threats. Players can also aim down the sights for a more accurate 1st person camera view. Combat is accompanied by frequent sprays of blood and dismemberment as players exterminate the alien forces or players and squad mates are hit by environmental explosions or friendly fire. Enemy encampments and battlefield environments depict bloodstains and dismembered corpses.\"}', true, NOW(), NOW());
INSERT INTO game_platforms (game_id, windows, mac, linux, created_at, updated_at) VALUES (19, true, false, false, NOW(), NOW());
INSERT INTO game_requirements (game_id, pc_requirements, mac_requirements, linux_requirements, created_at, updated_at) VALUES (19, 'Minimum: Requires a 64-bit processor and operating system OS: Windows 10 Processor: Intel Core i7-4790K or AMD Ryzen 5 1500X Memory: 8 GB RAM Graphics: NVIDIA GeForce GTX 1050 Ti or AMD Radeon RX 470 Storage: 135 GB available space', 'Minimum:', 'Minimum:', NOW(), NOW());
INSERT INTO game_community_ratings (game_id, toxicity_rate, cheater_rate, bug_rate, microtransaction_rate, bad_optimization_rate, not_recommended_rate, created_at, updated_at) VALUES (19, 0.161, 0.143, 0.466, 0, 0.448, 0.219, NOW(), NOW());
INSERT INTO game_media (game_id, media_id, name, thumbnail, webm, mp4, dash_av1, dash_h264, hls_h264, highlight, created_at, updated_at) VALUES (19, 257186746, 'Into the Unjust (US-EN)', 'https://shared.akamai.steamstatic.com/store_item_assets/steam/apps/257186746/73ce28f87c082e15f928f0d387159101bda23078/movie_600x337.jpg?t=1756922665', '{\"480\":\"https:\\/\\/video.akamai.steamstatic.com\\/store_trailers\\/257186746\\/movie480_vp9.webm?t=1756922665\",\"max\":\"https:\\/\\/video.akamai.steamstatic.com\\/store_trailers\\/257186746\\/movie_max_vp9.webm?t=1756922665\"}', '{\"480\":\"https:\\/\\/video.akamai.steamstatic.com\\/store_trailers\\/257186746\\/movie480.mp4?t=1756922665\",\"max\":\"https:\\/\\/video.akamai.steamstatic.com\\/store_trailers\\/257186746\\/movie_max.mp4?t=1756922665\"}', 'https://video.akamai.steamstatic.com/store_trailers/553850/798372389/9b658b6ed4bd50f07fb2a70d8803603dbb835435/1756920793/dash_av1.mpd?t=1756922665', 'https://video.akamai.steamstatic.com/store_trailers/553850/798372389/9b658b6ed4bd50f07fb2a70d8803603dbb835435/1756920793/dash_h264.mpd?t=1756922665', 'https://video.akamai.steamstatic.com/store_trailers/553850/798372389/9b658b6ed4bd50f07fb2a70d8803603dbb835435/1756920793/hls_264_master.m3u8?t=1756922665', true, NOW(), NOW());
INSERT INTO game_media (game_id, media_id, name, thumbnail, webm, mp4, dash_av1, dash_h264, hls_h264, highlight, created_at, updated_at) VALUES (19, 256994373, 'Launch Trailer (US-EN)', 'https://shared.akamai.steamstatic.com/store_item_assets/steam/apps/256994373/movie.293x165.jpg?t=1756923474', '{\"480\":\"https:\\/\\/video.akamai.steamstatic.com\\/store_trailers\\/256994373\\/movie480_vp9.webm?t=1756923474\",\"max\":\"https:\\/\\/video.akamai.steamstatic.com\\/store_trailers\\/256994373\\/movie_max_vp9.webm?t=1756923474\"}', '{\"480\":\"https:\\/\\/video.akamai.steamstatic.com\\/store_trailers\\/256994373\\/movie480.mp4?t=1756923474\",\"max\":\"https:\\/\\/video.akamai.steamstatic.com\\/store_trailers\\/256994373\\/movie_max.mp4?t=1756923474\"}', 'https://video.akamai.steamstatic.com/store_trailers/553850/650713/095c6d5ae33c146b807f4394fa3010847aec1c1e/1750550195/dash_av1.mpd?t=1756923474', 'https://video.akamai.steamstatic.com/store_trailers/553850/650713/095c6d5ae33c146b807f4394fa3010847aec1c1e/1750550195/dash_h264.mpd?t=1756923474', 'https://video.akamai.steamstatic.com/store_trailers/553850/650713/095c6d5ae33c146b807f4394fa3010847aec1c1e/1750550195/hls_264_master.m3u8?t=1756923474', true, NOW(), NOW());
INSERT INTO game_media (game_id, media_id, name, thumbnail, webm, mp4, dash_av1, dash_h264, hls_h264, highlight, created_at, updated_at) VALUES (19, 256992403, 'PC Trailer (US-EN)', 'https://shared.akamai.steamstatic.com/store_item_assets/steam/apps/256992403/movie.293x165.jpg?t=1736451730', '{\"480\":\"https:\\/\\/video.akamai.steamstatic.com\\/store_trailers\\/256992403\\/movie480_vp9.webm?t=1736451730\",\"max\":\"https:\\/\\/video.akamai.steamstatic.com\\/store_trailers\\/256992403\\/movie_max_vp9.webm?t=1736451730\"}', '{\"480\":\"https:\\/\\/video.akamai.steamstatic.com\\/store_trailers\\/256992403\\/movie480.mp4?t=1736451730\",\"max\":\"https:\\/\\/video.akamai.steamstatic.com\\/store_trailers\\/256992403\\/movie_max.mp4?t=1736451730\"}', 'https://video.akamai.steamstatic.com/store_trailers/553850/646934/aadc3791b619905f24fab23a9896015c1cb5a628/1750550851/dash_av1.mpd?t=1736451730', 'https://video.akamai.steamstatic.com/store_trailers/553850/646934/aadc3791b619905f24fab23a9896015c1cb5a628/1750550851/dash_h264.mpd?t=1736451730', 'https://video.akamai.steamstatic.com/store_trailers/553850/646934/aadc3791b619905f24fab23a9896015c1cb5a628/1750550851/hls_264_master.m3u8?t=1736451730', true, NOW(), NOW());
INSERT INTO game_media (game_id, media_id, name, thumbnail, webm, mp4, dash_av1, dash_h264, hls_h264, highlight, created_at, updated_at) VALUES (19, 256957675, 'Co-op & Combat Trailer (US-EN)', 'https://shared.akamai.steamstatic.com/store_item_assets/steam/apps/256957675/movie.293x165.jpg?t=1691444486', '{\"480\":\"https:\\/\\/video.akamai.steamstatic.com\\/store_trailers\\/256957675\\/movie480_vp9.webm?t=1691444486\",\"max\":\"https:\\/\\/video.akamai.steamstatic.com\\/store_trailers\\/256957675\\/movie_max_vp9.webm?t=1691444486\"}', '{\"480\":\"https:\\/\\/video.akamai.steamstatic.com\\/store_trailers\\/256957675\\/movie480.mp4?t=1691444486\",\"max\":\"https:\\/\\/video.akamai.steamstatic.com\\/store_trailers\\/256957675\\/movie_max.mp4?t=1691444486\"}', 'https://video.akamai.steamstatic.com/store_trailers/553850/586622/3bec9e0e2b094162eabe087ca13ff91da51ea120/1750550136/dash_av1.mpd?t=1691444486', 'https://video.akamai.steamstatic.com/store_trailers/553850/586622/3bec9e0e2b094162eabe087ca13ff91da51ea120/1750550136/dash_h264.mpd?t=1691444486', 'https://video.akamai.steamstatic.com/store_trailers/553850/586622/3bec9e0e2b094162eabe087ca13ff91da51ea120/1750550136/hls_264_master.m3u8?t=1691444486', true, NOW(), NOW());
INSERT INTO game_category (game_id, category_id, created_at, updated_at) VALUES (19, 24, NOW(), NOW());
INSERT INTO game_category (game_id, category_id, created_at, updated_at) VALUES (19, 7, NOW(), NOW());
INSERT INTO game_category (game_id, category_id, created_at, updated_at) VALUES (19, 26, NOW(), NOW());
INSERT INTO game_category (game_id, category_id, created_at, updated_at) VALUES (19, 41, NOW(), NOW());
INSERT INTO game_category (game_id, category_id, created_at, updated_at) VALUES (19, 16, NOW(), NOW());
INSERT INTO game_category (game_id, category_id, created_at, updated_at) VALUES (19, 28, NOW(), NOW());
INSERT INTO game_category (game_id, category_id, created_at, updated_at) VALUES (19, 12, NOW(), NOW());
INSERT INTO game_genre (game_id, genre_id, created_at, updated_at) VALUES (19, 1, NOW(), NOW());
INSERT INTO game_developer (game_id, developer_id, created_at, updated_at) VALUES (19, 5, NOW(), NOW());
INSERT INTO game_publisher (game_id, publisher_id, created_at, updated_at) VALUES (19, 58, NOW(), NOW());

-- Game #20: Hollow Knight: Silksong
INSERT INTO games (id, steam_id, name, type, slug, short_description, required_age, is_free, have_dlc, icon, supported_languages, release_date, coming_soon, recommendations, achievements_count, positive_reviews, negative_reviews, total_reviews, positive_ratio, content_descriptors, is_active, created_at, updated_at) VALUES (20, 1030300, 'Hollow Knight: Silksong', 'game', 'hollow-knight-silksong', 'Discover a vast, haunted kingdom in Hollow Knight: Silksong! Explore, fight and survive as you ascend to the peak of a land ruled by silk and song.', 0, false, true, 'https://shared.akamai.steamstatic.com/store_item_assets/steam/apps/1030300/7983574d464e6559ac7e24275727f73a8bcca1f3/header.jpg?t=1756994410', '[\"English *\",\"French *\",\"Italian *\",\"German *\",\"Spanish - Spain *\",\"Japanese *\",\"Korean *\",\"Portuguese - Brazil *\",\"Russian *\",\"Simplified Chinese * * languages with full audio support\"]', '2025-09-04', false, 271197, 52, 74, 226, 300, 0.247, '{\"ids\":[],\"notes\":null}', true, NOW(), NOW());
INSERT INTO game_platforms (game_id, windows, mac, linux, created_at, updated_at) VALUES (20, true, true, true, NOW(), NOW());
INSERT INTO game_requirements (game_id, pc_requirements, mac_requirements, linux_requirements, created_at, updated_at) VALUES (20, 'Minimum: Requires a 64-bit processor and operating system OS: Windows 10 version 21H1 (build 19043) or newer Processor: Intel Core i3-3240, AMD FX-4300 Memory: 4 GB RAM Graphics: GeForce GTX 560 Ti (1GB), Radeon HD 7750 (1GB) DirectX: Version 10 Storage: 8 GB available space', 'Minimum: OS: Big Sur 11 or newer Processor: Intel Core i3 Memory: 4 GB RAM Graphics: Metal capable Intel and AMD GPUs Storage: 8 GB available space', 'Minimum: OS: Ubuntu 22.04, Ubuntu 24.04 (64bit) Processor: Intel Core i3-3240, AMD FX-4300 Memory: 4 GB RAM Graphics: GeForce GTX 560 Ti (1GB), Radeon HD 7750 (1GB) Storage: 8 GB available space', NOW(), NOW());
INSERT INTO game_community_ratings (game_id, toxicity_rate, cheater_rate, bug_rate, microtransaction_rate, bad_optimization_rate, not_recommended_rate, created_at, updated_at) VALUES (20, 0, 0, 0.009, 0.003, 0.006, 0.328, NOW(), NOW());
INSERT INTO game_media (game_id, media_id, name, thumbnail, webm, mp4, dash_av1, dash_h264, hls_h264, highlight, created_at, updated_at) VALUES (20, 257186996, 'Release Trailer English', 'https://shared.akamai.steamstatic.com/store_item_assets/steam/apps/257186996/ac1c4277feccd41b0866ffec5d0d40b605df1851/movie_600x337.jpg?t=1755845917', '{\"480\":\"https:\\/\\/video.akamai.steamstatic.com\\/store_trailers\\/257186996\\/movie480_vp9.webm?t=1755845917\",\"max\":\"https:\\/\\/video.akamai.steamstatic.com\\/store_trailers\\/257186996\\/movie_max_vp9.webm?t=1755845917\"}', '{\"480\":\"https:\\/\\/video.akamai.steamstatic.com\\/store_trailers\\/257186996\\/movie480.mp4?t=1755845917\",\"max\":\"https:\\/\\/video.akamai.steamstatic.com\\/store_trailers\\/257186996\\/movie_max.mp4?t=1755845917\"}', 'https://video.akamai.steamstatic.com/store_trailers/1030300/970174968/f2c514c96548048dd1dca6ef500877916b75fe5a/1755841475/dash_av1.mpd?t=1755845917', 'https://video.akamai.steamstatic.com/store_trailers/1030300/970174968/f2c514c96548048dd1dca6ef500877916b75fe5a/1755841475/dash_h264.mpd?t=1755845917', 'https://video.akamai.steamstatic.com/store_trailers/1030300/970174968/f2c514c96548048dd1dca6ef500877916b75fe5a/1755841475/hls_264_master.m3u8?t=1755845917', true, NOW(), NOW());
INSERT INTO game_media (game_id, media_id, name, thumbnail, webm, mp4, dash_av1, dash_h264, hls_h264, highlight, created_at, updated_at) VALUES (20, 256742997, 'Reveal Trailer', 'https://shared.akamai.steamstatic.com/store_item_assets/steam/apps/256742997/movie.293x165.jpg?t=1755838174', '{\"480\":\"https:\\/\\/video.akamai.steamstatic.com\\/store_trailers\\/256742997\\/movie480.webm?t=1755838174\",\"max\":\"https:\\/\\/video.akamai.steamstatic.com\\/store_trailers\\/256742997\\/movie_max.webm?t=1755838174\"}', '{\"480\":\"https:\\/\\/video.akamai.steamstatic.com\\/store_trailers\\/256742997\\/movie480.mp4?t=1755838174\",\"max\":\"https:\\/\\/video.akamai.steamstatic.com\\/store_trailers\\/256742997\\/movie_max.mp4?t=1755838174\"}', 'https://video.akamai.steamstatic.com/store_trailers/1030300/209267/a7f0f21deb650c2ebbd0e7a9bcd44a1b8c8b5868/1751178761/dash_av1.mpd?t=1755838174', 'https://video.akamai.steamstatic.com/store_trailers/1030300/209267/a7f0f21deb650c2ebbd0e7a9bcd44a1b8c8b5868/1751178761/dash_h264.mpd?t=1755838174', 'https://video.akamai.steamstatic.com/store_trailers/1030300/209267/a7f0f21deb650c2ebbd0e7a9bcd44a1b8c8b5868/1751178761/hls_264_master.m3u8?t=1755838174', false, NOW(), NOW());
INSERT INTO game_category (game_id, category_id, created_at, updated_at) VALUES (20, 39, NOW(), NOW());
INSERT INTO game_category (game_id, category_id, created_at, updated_at) VALUES (20, 41, NOW(), NOW());
INSERT INTO game_category (game_id, category_id, created_at, updated_at) VALUES (20, 13, NOW(), NOW());
INSERT INTO game_category (game_id, category_id, created_at, updated_at) VALUES (20, 45, NOW(), NOW());
INSERT INTO game_category (game_id, category_id, created_at, updated_at) VALUES (20, 3, NOW(), NOW());
INSERT INTO game_category (game_id, category_id, created_at, updated_at) VALUES (20, 19, NOW(), NOW());
INSERT INTO game_category (game_id, category_id, created_at, updated_at) VALUES (20, 29, NOW(), NOW());
INSERT INTO game_category (game_id, category_id, created_at, updated_at) VALUES (20, 35, NOW(), NOW());
INSERT INTO game_category (game_id, category_id, created_at, updated_at) VALUES (20, 49, NOW(), NOW());
INSERT INTO game_category (game_id, category_id, created_at, updated_at) VALUES (20, 42, NOW(), NOW());
INSERT INTO game_category (game_id, category_id, created_at, updated_at) VALUES (20, 33, NOW(), NOW());
INSERT INTO game_category (game_id, category_id, created_at, updated_at) VALUES (20, 12, NOW(), NOW());
INSERT INTO game_genre (game_id, genre_id, created_at, updated_at) VALUES (20, 1, NOW(), NOW());
INSERT INTO game_genre (game_id, genre_id, created_at, updated_at) VALUES (20, 2, NOW(), NOW());
INSERT INTO game_genre (game_id, genre_id, created_at, updated_at) VALUES (20, 11, NOW(), NOW());
INSERT INTO game_developer (game_id, developer_id, created_at, updated_at) VALUES (20, 97, NOW(), NOW());
INSERT INTO game_publisher (game_id, publisher_id, created_at, updated_at) VALUES (20, 76, NOW(), NOW());

-- Game #21: Grand Theft Auto V Enhanced
INSERT INTO games (id, steam_id, name, type, slug, short_description, required_age, is_free, have_dlc, icon, supported_languages, release_date, coming_soon, recommendations, achievements_count, positive_reviews, negative_reviews, total_reviews, positive_ratio, content_descriptors, is_active, created_at, updated_at) VALUES (21, 3240220, 'Grand Theft Auto V Enhanced', 'game', 'grand-theft-auto-v-enhanced', 'Experience entertainment blockbusters Grand Theft Auto V and Grand Theft Auto Online — now upgraded for a new generation with stunning visuals, faster loading, 3D audio, and more, plus exclusive content for GTA Online players.', 17, false, false, 'https://shared.akamai.steamstatic.com/store_item_assets/steam/apps/3240220/header.jpg?t=1753974947', '[\"English *\",\"French\",\"Italian\",\"German\",\"Spanish - Spain\",\"Japanese\",\"Korean\",\"Polish\",\"Portuguese - Brazil\",\"Russian\",\"Simplified Chinese\",\"Spanish - Latin America\",\"Traditional Chinese * languages with full audio support\"]', '2025-03-04', false, 92034, 77, 145, 155, 300, 0.483, '{\"ids\":[1,2,5],\"notes\":\"This game may contain content not appropriate for all ages, or may not be appropriate for viewing at work: Blood and Gore, Intense Violence, Nudity, Strong Language, Strong Sexual Content, Use of Drugs and Alcohol, and contains User Interactions and In-Game Purchases.\"}', true, NOW(), NOW());
INSERT INTO game_platforms (game_id, windows, mac, linux, created_at, updated_at) VALUES (21, true, false, false, NOW(), NOW());
INSERT INTO game_requirements (game_id, pc_requirements, mac_requirements, linux_requirements, created_at, updated_at) VALUES (21, 'Minimum: Requires a 64-bit processor and operating system OS: Windows 10 (latest service pack) Processor: Intel® Core™ i7-4770 | AMD FX™-9590 Memory: 8 GB RAM Graphics: NVIDIA GeForce® GTX 1630 (4GB VRAM) | AMD Radeon™ RX 6400 (4GB VRAM) Storage: 105 GB available space Sound Card: DirectX 10 Compatible Additional Notes: SSD Required | Over time downloadable content and programming changes will change the system requirements for this game. Please refer to your hardware manufacturer and for current compatibility information. Some system components such as mobile chipsets, integrated, and AGP graphics cards may be incompatible. Unlisted specifications may not be supported by publisher. Other requirements: Installation and online play requires log-in to Rockstar Games account (minimum age varies) network; internet connection required for activation, online play, and periodic entitlement verification; software installations required including Rockstar Games Launcher, DirectX, Chromium, and Microsoft Visual C++ 2008 sp1 Redistributable Package, and authentication and verification software that recognizes certain hardware attributes for entitlement, digital rights management, anti-cheat and moderation software, system, and other support purposes. *Compatible PC and/or device required. 3D Audio via Windows Spatial Sound compatible audio systems', 'Minimum:', 'Minimum:', NOW(), NOW());
INSERT INTO game_community_ratings (game_id, toxicity_rate, cheater_rate, bug_rate, microtransaction_rate, bad_optimization_rate, not_recommended_rate, created_at, updated_at) VALUES (21, 0.13, 0.175, 0.167, 0.025, 0.152, 0.139, NOW(), NOW());
INSERT INTO game_media (game_id, media_id, name, thumbnail, webm, mp4, dash_av1, dash_h264, hls_h264, highlight, created_at, updated_at) VALUES (21, 257157934, 'Money Fronts - EN ESRB', 'https://shared.akamai.steamstatic.com/store_item_assets/steam/apps/257157934/bd30fb41945534af6642c4efc09f2acfc5ce86c5/movie_600x337.jpg?t=1750182561', '{\"480\":\"https:\\/\\/video.akamai.steamstatic.com\\/store_trailers\\/257157934\\/movie480_vp9.webm?t=1750182561\",\"max\":\"https:\\/\\/video.akamai.steamstatic.com\\/store_trailers\\/257157934\\/movie_max_vp9.webm?t=1750182561\"}', '{\"480\":\"https:\\/\\/video.akamai.steamstatic.com\\/store_trailers\\/257157934\\/movie480.mp4?t=1750182561\",\"max\":\"https:\\/\\/video.akamai.steamstatic.com\\/store_trailers\\/257157934\\/movie_max.mp4?t=1750182561\"}', 'https://video.akamai.steamstatic.com/store_trailers/3240220/116104983/fe16f0f0c0ef5657b97ab981a888e614fd1e8969/1750177642/dash_av1.mpd?t=1750182561', 'https://video.akamai.steamstatic.com/store_trailers/3240220/116104983/fe16f0f0c0ef5657b97ab981a888e614fd1e8969/1750177642/dash_h264.mpd?t=1750182561', 'https://video.akamai.steamstatic.com/store_trailers/3240220/116104983/fe16f0f0c0ef5657b97ab981a888e614fd1e8969/1750177642/hls_264_master.m3u8?t=1750182561', true, NOW(), NOW());
INSERT INTO game_media (game_id, media_id, name, thumbnail, webm, mp4, dash_av1, dash_h264, hls_h264, highlight, created_at, updated_at) VALUES (21, 257109733, 'Oscar Guzman Flies Again', 'https://shared.akamai.steamstatic.com/store_item_assets/steam/apps/257109733/50c6c9fd9b9e3bcac594b3b46d019076faf2dc78/movie_600x337.jpg?t=1741098100', '{\"480\":\"https:\\/\\/video.akamai.steamstatic.com\\/store_trailers\\/257109733\\/movie480_vp9.webm?t=1741098100\",\"max\":\"https:\\/\\/video.akamai.steamstatic.com\\/store_trailers\\/257109733\\/movie_max_vp9.webm?t=1741098100\"}', '{\"480\":\"https:\\/\\/video.akamai.steamstatic.com\\/store_trailers\\/257109733\\/movie480.mp4?t=1741098100\",\"max\":\"https:\\/\\/video.akamai.steamstatic.com\\/store_trailers\\/257109733\\/movie_max.mp4?t=1741098100\"}', 'https://video.akamai.steamstatic.com/store_trailers/3240220/844207/973b531959db4e15682893543d6a27a70e7e1eb3/1750825075/dash_av1.mpd?t=1741098100', 'https://video.akamai.steamstatic.com/store_trailers/3240220/844207/973b531959db4e15682893543d6a27a70e7e1eb3/1750825075/dash_h264.mpd?t=1741098100', 'https://video.akamai.steamstatic.com/store_trailers/3240220/844207/973b531959db4e15682893543d6a27a70e7e1eb3/1750825075/hls_264_master.m3u8?t=1741098100', true, NOW(), NOW());
INSERT INTO game_media (game_id, media_id, name, thumbnail, webm, mp4, dash_av1, dash_h264, hls_h264, highlight, created_at, updated_at) VALUES (21, 257100577, 'Agents of Sabotage', 'https://shared.akamai.steamstatic.com/store_item_assets/steam/apps/257100577/af4a4abfc36b956bd2fa2fd2ee5bade9be41c99a/movie_600x337.jpg?t=1740681447', '{\"480\":\"https:\\/\\/video.akamai.steamstatic.com\\/store_trailers\\/257100577\\/movie480_vp9.webm?t=1740681447\",\"max\":\"https:\\/\\/video.akamai.steamstatic.com\\/store_trailers\\/257100577\\/movie_max_vp9.webm?t=1740681447\"}', '{\"480\":\"https:\\/\\/video.akamai.steamstatic.com\\/store_trailers\\/257100577\\/movie480.mp4?t=1740681447\",\"max\":\"https:\\/\\/video.akamai.steamstatic.com\\/store_trailers\\/257100577\\/movie_max.mp4?t=1740681447\"}', 'https://video.akamai.steamstatic.com/store_trailers/3240220/832632/4b8d5f06cf0a13255e89153bd952e5c7c9d41fe1/1750825051/dash_av1.mpd?t=1740681447', 'https://video.akamai.steamstatic.com/store_trailers/3240220/832632/4b8d5f06cf0a13255e89153bd952e5c7c9d41fe1/1750825051/dash_h264.mpd?t=1740681447', 'https://video.akamai.steamstatic.com/store_trailers/3240220/832632/4b8d5f06cf0a13255e89153bd952e5c7c9d41fe1/1750825051/hls_264_master.m3u8?t=1740681447', true, NOW(), NOW());
INSERT INTO game_media (game_id, media_id, name, thumbnail, webm, mp4, dash_av1, dash_h264, hls_h264, highlight, created_at, updated_at) VALUES (21, 257107473, 'Bottom Dollar Bounties', 'https://shared.akamai.steamstatic.com/store_item_assets/steam/apps/257107473/b424a7e4752f2dda69ed50b8cb8ce5fdd1f00643/movie_600x337.jpg?t=1740681450', '{\"480\":\"https:\\/\\/video.akamai.steamstatic.com\\/store_trailers\\/257107473\\/movie480_vp9.webm?t=1740681450\",\"max\":\"https:\\/\\/video.akamai.steamstatic.com\\/store_trailers\\/257107473\\/movie_max_vp9.webm?t=1740681450\"}', '{\"480\":\"https:\\/\\/video.akamai.steamstatic.com\\/store_trailers\\/257107473\\/movie480.mp4?t=1740681450\",\"max\":\"https:\\/\\/video.akamai.steamstatic.com\\/store_trailers\\/257107473\\/movie_max.mp4?t=1740681450\"}', 'https://video.akamai.steamstatic.com/store_trailers/3240220/840633/811cbebcd754c5028b19dd7c353e0e30af4624d4/1750825072/dash_av1.mpd?t=1740681450', 'https://video.akamai.steamstatic.com/store_trailers/3240220/840633/811cbebcd754c5028b19dd7c353e0e30af4624d4/1750825072/dash_h264.mpd?t=1740681450', 'https://video.akamai.steamstatic.com/store_trailers/3240220/840633/811cbebcd754c5028b19dd7c353e0e30af4624d4/1750825072/hls_264_master.m3u8?t=1740681450', true, NOW(), NOW());
INSERT INTO game_media (game_id, media_id, name, thumbnail, webm, mp4, dash_av1, dash_h264, hls_h264, highlight, created_at, updated_at) VALUES (21, 257107472, 'Cluckin\' Bell Farm Raid', 'https://shared.akamai.steamstatic.com/store_item_assets/steam/apps/257107472/c77263b2d258cfd542195f562b29e4ba81c66cfa/movie_600x337.jpg?t=1740681453', '{\"480\":\"https:\\/\\/video.akamai.steamstatic.com\\/store_trailers\\/257107472\\/movie480_vp9.webm?t=1740681453\",\"max\":\"https:\\/\\/video.akamai.steamstatic.com\\/store_trailers\\/257107472\\/movie_max_vp9.webm?t=1740681453\"}', '{\"480\":\"https:\\/\\/video.akamai.steamstatic.com\\/store_trailers\\/257107472\\/movie480.mp4?t=1740681453\",\"max\":\"https:\\/\\/video.akamai.steamstatic.com\\/store_trailers\\/257107472\\/movie_max.mp4?t=1740681453\"}', 'https://video.akamai.steamstatic.com/store_trailers/3240220/840632/e563e0e788371fcadb925449e0ed485937ddb129/1750825067/dash_av1.mpd?t=1740681453', 'https://video.akamai.steamstatic.com/store_trailers/3240220/840632/e563e0e788371fcadb925449e0ed485937ddb129/1750825067/dash_h264.mpd?t=1740681453', 'https://video.akamai.steamstatic.com/store_trailers/3240220/840632/e563e0e788371fcadb925449e0ed485937ddb129/1750825067/hls_264_master.m3u8?t=1740681453', true, NOW(), NOW());
INSERT INTO game_media (game_id, media_id, name, thumbnail, webm, mp4, dash_av1, dash_h264, hls_h264, highlight, created_at, updated_at) VALUES (21, 257107471, 'The Chop Shop', 'https://shared.akamai.steamstatic.com/store_item_assets/steam/apps/257107471/b655b395f70215ff6b3eac449280a78651799f7d/movie_600x337.jpg?t=1740681456', '{\"480\":\"https:\\/\\/video.akamai.steamstatic.com\\/store_trailers\\/257107471\\/movie480_vp9.webm?t=1740681456\",\"max\":\"https:\\/\\/video.akamai.steamstatic.com\\/store_trailers\\/257107471\\/movie_max_vp9.webm?t=1740681456\"}', '{\"480\":\"https:\\/\\/video.akamai.steamstatic.com\\/store_trailers\\/257107471\\/movie480.mp4?t=1740681456\",\"max\":\"https:\\/\\/video.akamai.steamstatic.com\\/store_trailers\\/257107471\\/movie_max.mp4?t=1740681456\"}', 'https://video.akamai.steamstatic.com/store_trailers/3240220/840631/488112001bd68beffa78b212b3c5dd16f1153a0e/1750825065/dash_av1.mpd?t=1740681456', 'https://video.akamai.steamstatic.com/store_trailers/3240220/840631/488112001bd68beffa78b212b3c5dd16f1153a0e/1750825065/dash_h264.mpd?t=1740681456', 'https://video.akamai.steamstatic.com/store_trailers/3240220/840631/488112001bd68beffa78b212b3c5dd16f1153a0e/1750825065/hls_264_master.m3u8?t=1740681456', true, NOW(), NOW());
INSERT INTO game_media (game_id, media_id, name, thumbnail, webm, mp4, dash_av1, dash_h264, hls_h264, highlight, created_at, updated_at) VALUES (21, 257107468, 'Los Santos Drug Wars', 'https://shared.akamai.steamstatic.com/store_item_assets/steam/apps/257107468/e9a2597e6efbd133c2c852f0098d6c41bd38af43/movie_600x337.jpg?t=1740681459', '{\"480\":\"https:\\/\\/video.akamai.steamstatic.com\\/store_trailers\\/257107468\\/movie480_vp9.webm?t=1740681459\",\"max\":\"https:\\/\\/video.akamai.steamstatic.com\\/store_trailers\\/257107468\\/movie_max_vp9.webm?t=1740681459\"}', '{\"480\":\"https:\\/\\/video.akamai.steamstatic.com\\/store_trailers\\/257107468\\/movie480.mp4?t=1740681459\",\"max\":\"https:\\/\\/video.akamai.steamstatic.com\\/store_trailers\\/257107468\\/movie_max.mp4?t=1740681459\"}', 'https://video.akamai.steamstatic.com/store_trailers/3240220/840628/3ec4cf2586fb21ad5a79622cf649f06748827dd2/1750825064/dash_av1.mpd?t=1740681459', 'https://video.akamai.steamstatic.com/store_trailers/3240220/840628/3ec4cf2586fb21ad5a79622cf649f06748827dd2/1750825064/dash_h264.mpd?t=1740681459', 'https://video.akamai.steamstatic.com/store_trailers/3240220/840628/3ec4cf2586fb21ad5a79622cf649f06748827dd2/1750825064/hls_264_master.m3u8?t=1740681459', true, NOW(), NOW());
INSERT INTO game_media (game_id, media_id, name, thumbnail, webm, mp4, dash_av1, dash_h264, hls_h264, highlight, created_at, updated_at) VALUES (21, 257107466, 'San Andreas Mercenaries', 'https://shared.akamai.steamstatic.com/store_item_assets/steam/apps/257107466/bac51db8fd653e5eceb0c70ad70fa7f995915158/movie_600x337.jpg?t=1740681461', '{\"480\":\"https:\\/\\/video.akamai.steamstatic.com\\/store_trailers\\/257107466\\/movie480_vp9.webm?t=1740681461\",\"max\":\"https:\\/\\/video.akamai.steamstatic.com\\/store_trailers\\/257107466\\/movie_max_vp9.webm?t=1740681461\"}', '{\"480\":\"https:\\/\\/video.akamai.steamstatic.com\\/store_trailers\\/257107466\\/movie480.mp4?t=1740681461\",\"max\":\"https:\\/\\/video.akamai.steamstatic.com\\/store_trailers\\/257107466\\/movie_max.mp4?t=1740681461\"}', 'https://video.akamai.steamstatic.com/store_trailers/3240220/840626/9b790211e084514a1bf5b34898f6dc6b895bf267/1750825064/dash_av1.mpd?t=1740681461', 'https://video.akamai.steamstatic.com/store_trailers/3240220/840626/9b790211e084514a1bf5b34898f6dc6b895bf267/1750825064/dash_h264.mpd?t=1740681461', 'https://video.akamai.steamstatic.com/store_trailers/3240220/840626/9b790211e084514a1bf5b34898f6dc6b895bf267/1750825064/hls_264_master.m3u8?t=1740681461', true, NOW(), NOW());
INSERT INTO game_media (game_id, media_id, name, thumbnail, webm, mp4, dash_av1, dash_h264, hls_h264, highlight, created_at, updated_at) VALUES (21, 257107465, 'The Contract', 'https://shared.akamai.steamstatic.com/store_item_assets/steam/apps/257107465/b2a56d2eb36fb060080379bd0584b906f1c60d9d/movie_600x337.jpg?t=1740681464', '{\"480\":\"https:\\/\\/video.akamai.steamstatic.com\\/store_trailers\\/257107465\\/movie480_vp9.webm?t=1740681464\",\"max\":\"https:\\/\\/video.akamai.steamstatic.com\\/store_trailers\\/257107465\\/movie_max_vp9.webm?t=1740681464\"}', '{\"480\":\"https:\\/\\/video.akamai.steamstatic.com\\/store_trailers\\/257107465\\/movie480.mp4?t=1740681464\",\"max\":\"https:\\/\\/video.akamai.steamstatic.com\\/store_trailers\\/257107465\\/movie_max.mp4?t=1740681464\"}', 'https://video.akamai.steamstatic.com/store_trailers/3240220/840625/67e524e038983956dd18f3c9d01f76100448ec4b/1750825059/dash_av1.mpd?t=1740681464', 'https://video.akamai.steamstatic.com/store_trailers/3240220/840625/67e524e038983956dd18f3c9d01f76100448ec4b/1750825059/dash_h264.mpd?t=1740681464', 'https://video.akamai.steamstatic.com/store_trailers/3240220/840625/67e524e038983956dd18f3c9d01f76100448ec4b/1750825059/hls_264_master.m3u8?t=1740681464', true, NOW(), NOW());
INSERT INTO game_media (game_id, media_id, name, thumbnail, webm, mp4, dash_av1, dash_h264, hls_h264, highlight, created_at, updated_at) VALUES (21, 257107463, 'Los Santos Tuners', 'https://shared.akamai.steamstatic.com/store_item_assets/steam/apps/257107463/eb34e891c57b2fc16839b21bbb03b783a0e086f5/movie_600x337.jpg?t=1740681468', '{\"480\":\"https:\\/\\/video.akamai.steamstatic.com\\/store_trailers\\/257107463\\/movie480_vp9.webm?t=1740681468\",\"max\":\"https:\\/\\/video.akamai.steamstatic.com\\/store_trailers\\/257107463\\/movie_max_vp9.webm?t=1740681468\"}', '{\"480\":\"https:\\/\\/video.akamai.steamstatic.com\\/store_trailers\\/257107463\\/movie480.mp4?t=1740681468\",\"max\":\"https:\\/\\/video.akamai.steamstatic.com\\/store_trailers\\/257107463\\/movie_max.mp4?t=1740681468\"}', 'https://video.akamai.steamstatic.com/store_trailers/3240220/840623/54ee251eb23c861ae530164b8fe9cbe405b7a85c/1750825058/dash_av1.mpd?t=1740681468', 'https://video.akamai.steamstatic.com/store_trailers/3240220/840623/54ee251eb23c861ae530164b8fe9cbe405b7a85c/1750825058/dash_h264.mpd?t=1740681468', 'https://video.akamai.steamstatic.com/store_trailers/3240220/840623/54ee251eb23c861ae530164b8fe9cbe405b7a85c/1750825058/hls_264_master.m3u8?t=1740681468', true, NOW(), NOW());
INSERT INTO game_media (game_id, media_id, name, thumbnail, webm, mp4, dash_av1, dash_h264, hls_h264, highlight, created_at, updated_at) VALUES (21, 257107461, 'Criminal Enterprises', 'https://shared.akamai.steamstatic.com/store_item_assets/steam/apps/257107461/b9216f2009c269e92e17b53cc8b7db48091dc2ac/movie_600x337.jpg?t=1740681470', '{\"480\":\"https:\\/\\/video.akamai.steamstatic.com\\/store_trailers\\/257107461\\/movie480_vp9.webm?t=1740681470\",\"max\":\"https:\\/\\/video.akamai.steamstatic.com\\/store_trailers\\/257107461\\/movie_max_vp9.webm?t=1740681470\"}', '{\"480\":\"https:\\/\\/video.akamai.steamstatic.com\\/store_trailers\\/257107461\\/movie480.mp4?t=1740681470\",\"max\":\"https:\\/\\/video.akamai.steamstatic.com\\/store_trailers\\/257107461\\/movie_max.mp4?t=1740681470\"}', 'https://video.akamai.steamstatic.com/store_trailers/3240220/840621/b9a521ddc50ab8fc82977af3b2d60be27aaf715b/1750825057/dash_av1.mpd?t=1740681470', 'https://video.akamai.steamstatic.com/store_trailers/3240220/840621/b9a521ddc50ab8fc82977af3b2d60be27aaf715b/1750825057/dash_h264.mpd?t=1740681470', 'https://video.akamai.steamstatic.com/store_trailers/3240220/840621/b9a521ddc50ab8fc82977af3b2d60be27aaf715b/1750825057/hls_264_master.m3u8?t=1740681470', true, NOW(), NOW());
INSERT INTO game_category (game_id, category_id, created_at, updated_at) VALUES (21, 39, NOW(), NOW());
INSERT INTO game_category (game_id, category_id, created_at, updated_at) VALUES (21, 24, NOW(), NOW());
INSERT INTO game_category (game_id, category_id, created_at, updated_at) VALUES (21, 30, NOW(), NOW());
INSERT INTO game_category (game_id, category_id, created_at, updated_at) VALUES (21, 27, NOW(), NOW());
INSERT INTO game_category (game_id, category_id, created_at, updated_at) VALUES (21, 7, NOW(), NOW());
INSERT INTO game_category (game_id, category_id, created_at, updated_at) VALUES (21, 26, NOW(), NOW());
INSERT INTO game_category (game_id, category_id, created_at, updated_at) VALUES (21, 41, NOW(), NOW());
INSERT INTO game_category (game_id, category_id, created_at, updated_at) VALUES (21, 16, NOW(), NOW());
INSERT INTO game_category (game_id, category_id, created_at, updated_at) VALUES (21, 28, NOW(), NOW());
INSERT INTO game_category (game_id, category_id, created_at, updated_at) VALUES (21, 32, NOW(), NOW());
INSERT INTO game_category (game_id, category_id, created_at, updated_at) VALUES (21, 34, NOW(), NOW());
INSERT INTO game_genre (game_id, genre_id, created_at, updated_at) VALUES (21, 1, NOW(), NOW());
INSERT INTO game_genre (game_id, genre_id, created_at, updated_at) VALUES (21, 2, NOW(), NOW());
INSERT INTO game_genre (game_id, genre_id, created_at, updated_at) VALUES (21, 15, NOW(), NOW());
INSERT INTO game_developer (game_id, developer_id, created_at, updated_at) VALUES (21, 87, NOW(), NOW());
INSERT INTO game_publisher (game_id, publisher_id, created_at, updated_at) VALUES (21, 67, NOW(), NOW());

-- Game #22: Tom Clancy's Rainbow Six® Siege X
INSERT INTO games (id, steam_id, name, type, slug, short_description, required_age, is_free, have_dlc, icon, supported_languages, release_date, coming_soon, recommendations, achievements_count, positive_reviews, negative_reviews, total_reviews, positive_ratio, content_descriptors, is_active, created_at, updated_at) VALUES (22, 359550, 'Tom Clancy\'s Rainbow Six® Siege X', 'game', 'tom-clancy-s-rainbow-six-siege-x', 'Rainbow Six Siege X is the reference in tactical team shooters, where elite strategy and execution triumph. Enjoy free access to Quick Match, Unranked and Dual Front game modes with a selection of operators.', 17, true, true, 'https://shared.akamai.steamstatic.com/store_item_assets/steam/apps/359550/4ff23cb29a8392234e7edaec3d5443d67befd8a0/header_alt_assets_15.jpg?t=1761252108', '[\"English *\",\"French *\",\"Italian *\",\"German *\",\"Spanish - Spain *\",\"Czech\",\"Dutch\",\"Japanese *\",\"Korean\",\"Polish\",\"Portuguese - Brazil *\",\"Russian *\",\"Traditional Chinese\",\"Simplified Chinese\",\"Turkish\",\"Thai * languages with full audio support\"]', '2015-12-01', false, 1218734, 0, 106, 194, 300, 0.353, '{\"ids\":[5],\"notes\":\"This is a first-person shooter in which players control members of an elite counter-terrorism unit through various missions.\"}', true, NOW(), NOW());
INSERT INTO game_platforms (game_id, windows, mac, linux, created_at, updated_at) VALUES (22, true, false, false, NOW(), NOW());
INSERT INTO game_requirements (game_id, pc_requirements, mac_requirements, linux_requirements, created_at, updated_at) VALUES (22, 'Minimum: OS: Windows 10, Windows 11 (64-bit versions) Processor: AMD Ryzen 3 3100 / Intel i3-8100 Memory: 8 GB RAM Graphics: Nvidia GTX 1650 4GB / AMD RX 5500XT 4GB / Intel ARC A380 6GB DirectX: Version 12 Network: Broadband Internet connection Storage: 65 GB available space Sound Card: DirectX® 9.0c compatible sound card with latest drivers Additional Notes: For an up-to-date list of supported chipsets, please visit the FAQ for this game on our support website. Game contains BattleEye anti-cheat technology.', '', '', NOW(), NOW());
INSERT INTO game_community_ratings (game_id, toxicity_rate, cheater_rate, bug_rate, microtransaction_rate, bad_optimization_rate, not_recommended_rate, created_at, updated_at) VALUES (22, 0.228, 0.241, 0.107, 0.077, 0.125, 0.186, NOW(), NOW());
INSERT INTO game_media (game_id, media_id, name, thumbnail, webm, mp4, dash_av1, dash_h264, hls_h264, highlight, created_at, updated_at) VALUES (22, 257154992, 'Launch Trailer ', 'https://shared.akamai.steamstatic.com/store_item_assets/steam/apps/257154992/361c06ec9932746dc98885b5ec7b46de6ceffb39/movie_600x337.jpg?t=1749570261', '{\"480\":\"https:\\/\\/video.akamai.steamstatic.com\\/store_trailers\\/257154992\\/movie480_vp9.webm?t=1749570261\",\"max\":\"https:\\/\\/video.akamai.steamstatic.com\\/store_trailers\\/257154992\\/movie_max_vp9.webm?t=1749570261\"}', '{\"480\":\"https:\\/\\/video.akamai.steamstatic.com\\/store_trailers\\/257154992\\/movie480.mp4?t=1749570261\",\"max\":\"https:\\/\\/video.akamai.steamstatic.com\\/store_trailers\\/257154992\\/movie_max.mp4?t=1749570261\"}', 'https://video.akamai.steamstatic.com/store_trailers/359550/1220271120/4462a933b16e2264d9ebe452529a6bca3918c6f8/1750515637/dash_av1.mpd?t=1749570261', 'https://video.akamai.steamstatic.com/store_trailers/359550/1220271120/4462a933b16e2264d9ebe452529a6bca3918c6f8/1750515637/dash_h264.mpd?t=1749570261', 'https://video.akamai.steamstatic.com/store_trailers/359550/1220271120/4462a933b16e2264d9ebe452529a6bca3918c6f8/1750515637/hls_264_master.m3u8?t=1749570261', true, NOW(), NOW());
INSERT INTO game_category (game_id, category_id, created_at, updated_at) VALUES (22, 39, NOW(), NOW());
INSERT INTO game_category (game_id, category_id, created_at, updated_at) VALUES (22, 24, NOW(), NOW());
INSERT INTO game_category (game_id, category_id, created_at, updated_at) VALUES (22, 30, NOW(), NOW());
INSERT INTO game_category (game_id, category_id, created_at, updated_at) VALUES (22, 27, NOW(), NOW());
INSERT INTO game_category (game_id, category_id, created_at, updated_at) VALUES (22, 7, NOW(), NOW());
INSERT INTO game_category (game_id, category_id, created_at, updated_at) VALUES (22, 26, NOW(), NOW());
INSERT INTO game_category (game_id, category_id, created_at, updated_at) VALUES (22, 13, NOW(), NOW());
INSERT INTO game_category (game_id, category_id, created_at, updated_at) VALUES (22, 45, NOW(), NOW());
INSERT INTO game_category (game_id, category_id, created_at, updated_at) VALUES (22, 16, NOW(), NOW());
INSERT INTO game_category (game_id, category_id, created_at, updated_at) VALUES (22, 32, NOW(), NOW());
INSERT INTO game_category (game_id, category_id, created_at, updated_at) VALUES (22, 34, NOW(), NOW());
INSERT INTO game_genre (game_id, genre_id, created_at, updated_at) VALUES (22, 1, NOW(), NOW());
INSERT INTO game_genre (game_id, genre_id, created_at, updated_at) VALUES (22, 9, NOW(), NOW());
INSERT INTO game_developer (game_id, developer_id, created_at, updated_at) VALUES (22, 105, NOW(), NOW());
INSERT INTO game_publisher (game_id, publisher_id, created_at, updated_at) VALUES (22, 80, NOW(), NOW());

-- Game #23: Terraria
INSERT INTO games (id, steam_id, name, type, slug, short_description, required_age, is_free, have_dlc, icon, supported_languages, release_date, coming_soon, recommendations, achievements_count, positive_reviews, negative_reviews, total_reviews, positive_ratio, content_descriptors, is_active, created_at, updated_at) VALUES (23, 105600, 'Terraria', 'game', 'terraria', 'Dig, fight, explore, build! Nothing is impossible in this action-packed adventure game. Four Pack also available!', 0, false, true, 'https://shared.akamai.steamstatic.com/store_item_assets/steam/apps/105600/header.jpg?t=1731252354', '[\"English\",\"French\",\"Italian\",\"German\",\"Spanish - Spain\",\"Polish\",\"Portuguese - Brazil\",\"Russian\",\"Simplified Chinese\"]', '2011-05-16', false, 1152975, 115, 243, 57, 300, 0.81, '{\"ids\":[],\"notes\":null}', true, NOW(), NOW());
INSERT INTO game_platforms (game_id, windows, mac, linux, created_at, updated_at) VALUES (23, true, true, true, NOW(), NOW());
INSERT INTO game_requirements (game_id, pc_requirements, mac_requirements, linux_requirements, created_at, updated_at) VALUES (23, 'REQUIRED OS: Windows Xp, Vista, 7, 8/8.1, 10 Processor: 2.0 Ghz Memory: 2.5GB Hard Disk Space: 200MB Video Card: 128mb Video Memory, capable of Shader Model 2.0+ DirectX®: 9.0c or Greater', 'REQUIRED OS: OSX 10.9.5 - 10.11.6 Processor: 2.0 Ghz Memory: 2.5GB Hard Disk Space: 200MB Video Card: 128mb Video Memory, capable of OpenGL 3.0+ support (2.1 with ARB extensions acceptable', 'REQUIRED LINUX OS: Ubuntu 14.04 LTS Processor: 2.0 Ghz Memory: 2.5GB Hard Disk Space: 200MB Video Card: 128mb Video Memory, capable of OpenGL 3.0+ support (2.1 with ARB extensions acceptable', NOW(), NOW());
INSERT INTO game_community_ratings (game_id, toxicity_rate, cheater_rate, bug_rate, microtransaction_rate, bad_optimization_rate, not_recommended_rate, created_at, updated_at) VALUES (23, 0.074, 0.072, 0.027, 0.018, 0.046, 0.088, NOW(), NOW());
INSERT INTO game_media (game_id, media_id, name, thumbnail, webm, mp4, dash_av1, dash_h264, hls_h264, highlight, created_at, updated_at) VALUES (23, 256785003, 'Terraria: Journey\'s End Trailer', 'https://shared.akamai.steamstatic.com/store_item_assets/steam/apps/256785003/movie.293x165.jpg?t=1589654781', '{\"480\":\"https:\\/\\/video.akamai.steamstatic.com\\/store_trailers\\/256785003\\/movie480_vp9.webm?t=1589654781\",\"max\":\"https:\\/\\/video.akamai.steamstatic.com\\/store_trailers\\/256785003\\/movie_max_vp9.webm?t=1589654781\"}', '{\"480\":\"https:\\/\\/video.akamai.steamstatic.com\\/store_trailers\\/256785003\\/movie480.mp4?t=1589654781\",\"max\":\"https:\\/\\/video.akamai.steamstatic.com\\/store_trailers\\/256785003\\/movie_max.mp4?t=1589654781\"}', 'https://video.akamai.steamstatic.com/store_trailers/105600/284912/418f39cf00388fbdd8efcdc81e05c19c410dfb6d/1750498447/dash_av1.mpd?t=1589654781', 'https://video.akamai.steamstatic.com/store_trailers/105600/284912/418f39cf00388fbdd8efcdc81e05c19c410dfb6d/1750498447/dash_h264.mpd?t=1589654781', 'https://video.akamai.steamstatic.com/store_trailers/105600/284912/418f39cf00388fbdd8efcdc81e05c19c410dfb6d/1750498447/hls_264_master.m3u8?t=1589654781', true, NOW(), NOW());
INSERT INTO game_media (game_id, media_id, name, thumbnail, webm, mp4, dash_av1, dash_h264, hls_h264, highlight, created_at, updated_at) VALUES (23, 2040428, 'Terraria 1.3 Trailer', 'https://shared.akamai.steamstatic.com/store_item_assets/steam/apps/2040428/movie.293x165.jpg?t=1447376855', '{\"480\":\"https:\\/\\/video.akamai.steamstatic.com\\/store_trailers\\/2040428\\/movie480.webm?t=1447376855\",\"max\":\"https:\\/\\/video.akamai.steamstatic.com\\/store_trailers\\/2040428\\/movie_max.webm?t=1447376855\"}', '{\"480\":\"https:\\/\\/video.akamai.steamstatic.com\\/store_trailers\\/2040428\\/movie480.mp4?t=1447376855\",\"max\":\"https:\\/\\/video.akamai.steamstatic.com\\/store_trailers\\/2040428\\/movie_max.mp4?t=1447376855\"}', 'https://video.akamai.steamstatic.com/store_trailers/105600/38483/f6e095fa12b129c503f70d104eb2e0d2fd106db1/1750498447/dash_av1.mpd?t=1447376855', 'https://video.akamai.steamstatic.com/store_trailers/105600/38483/f6e095fa12b129c503f70d104eb2e0d2fd106db1/1750498447/dash_h264.mpd?t=1447376855', 'https://video.akamai.steamstatic.com/store_trailers/105600/38483/f6e095fa12b129c503f70d104eb2e0d2fd106db1/1750498447/hls_264_master.m3u8?t=1447376855', true, NOW(), NOW());
INSERT INTO game_media (game_id, media_id, name, thumbnail, webm, mp4, dash_av1, dash_h264, hls_h264, highlight, created_at, updated_at) VALUES (23, 2029566, 'Terraria 1.2 Trailer', 'https://shared.akamai.steamstatic.com/store_item_assets/steam/apps/2029566/movie.293x165.jpg?t=1447358964', '{\"480\":\"https:\\/\\/video.akamai.steamstatic.com\\/store_trailers\\/2029566\\/movie480.webm?t=1447358964\",\"max\":\"https:\\/\\/video.akamai.steamstatic.com\\/store_trailers\\/2029566\\/movie_max.webm?t=1447358964\"}', '{\"480\":\"https:\\/\\/video.akamai.steamstatic.com\\/store_trailers\\/2029566\\/movie480.mp4?t=1447358964\",\"max\":\"https:\\/\\/video.akamai.steamstatic.com\\/store_trailers\\/2029566\\/movie_max.mp4?t=1447358964\"}', 'https://video.akamai.steamstatic.com/store_trailers/105600/13929/974ad9d2d714308f757f9cb4b09e2965cde67aa4/1750498444/dash_av1.mpd?t=1447358964', 'https://video.akamai.steamstatic.com/store_trailers/105600/13929/974ad9d2d714308f757f9cb4b09e2965cde67aa4/1750498444/dash_h264.mpd?t=1447358964', 'https://video.akamai.steamstatic.com/store_trailers/105600/13929/974ad9d2d714308f757f9cb4b09e2965cde67aa4/1750498444/hls_264_master.m3u8?t=1447358964', true, NOW(), NOW());
INSERT INTO game_media (game_id, media_id, name, thumbnail, webm, mp4, dash_av1, dash_h264, hls_h264, highlight, created_at, updated_at) VALUES (23, 81300, 'Terraria 1.1 Trailer', 'https://shared.akamai.steamstatic.com/store_item_assets/steam/apps/81300/movie.293x165.jpg?t=1447355104', '{\"480\":\"https:\\/\\/video.akamai.steamstatic.com\\/store_trailers\\/81300\\/movie480.webm?t=1447355104\",\"max\":\"https:\\/\\/video.akamai.steamstatic.com\\/store_trailers\\/81300\\/movie_max.webm?t=1447355104\"}', '{\"480\":\"https:\\/\\/video.akamai.steamstatic.com\\/store_trailers\\/81300\\/movie480.mp4?t=1447355104\",\"max\":\"https:\\/\\/video.akamai.steamstatic.com\\/store_trailers\\/81300\\/movie_max.mp4?t=1447355104\"}', 'https://video.akamai.steamstatic.com/store_trailers/105600/6446/096e6974d2ef94f2c5f55ff6ed6a8e29204e299f/1750498443/dash_av1.mpd?t=1447355104', 'https://video.akamai.steamstatic.com/store_trailers/105600/6446/096e6974d2ef94f2c5f55ff6ed6a8e29204e299f/1750498443/dash_h264.mpd?t=1447355104', 'https://video.akamai.steamstatic.com/store_trailers/105600/6446/096e6974d2ef94f2c5f55ff6ed6a8e29204e299f/1750498443/hls_264_master.m3u8?t=1447355104', false, NOW(), NOW());
INSERT INTO game_category (game_id, category_id, created_at, updated_at) VALUES (23, 39, NOW(), NOW());
INSERT INTO game_category (game_id, category_id, created_at, updated_at) VALUES (23, 24, NOW(), NOW());
INSERT INTO game_category (game_id, category_id, created_at, updated_at) VALUES (23, 30, NOW(), NOW());
INSERT INTO game_category (game_id, category_id, created_at, updated_at) VALUES (23, 27, NOW(), NOW());
INSERT INTO game_category (game_id, category_id, created_at, updated_at) VALUES (23, 7, NOW(), NOW());
INSERT INTO game_category (game_id, category_id, created_at, updated_at) VALUES (23, 26, NOW(), NOW());
INSERT INTO game_category (game_id, category_id, created_at, updated_at) VALUES (23, 41, NOW(), NOW());
INSERT INTO game_category (game_id, category_id, created_at, updated_at) VALUES (23, 13, NOW(), NOW());
INSERT INTO game_category (game_id, category_id, created_at, updated_at) VALUES (23, 45, NOW(), NOW());
INSERT INTO game_category (game_id, category_id, created_at, updated_at) VALUES (23, 42, NOW(), NOW());
INSERT INTO game_category (game_id, category_id, created_at, updated_at) VALUES (23, 32, NOW(), NOW());
INSERT INTO game_category (game_id, category_id, created_at, updated_at) VALUES (23, 34, NOW(), NOW());
INSERT INTO game_category (game_id, category_id, created_at, updated_at) VALUES (23, 33, NOW(), NOW());
INSERT INTO game_category (game_id, category_id, created_at, updated_at) VALUES (23, 12, NOW(), NOW());
INSERT INTO game_genre (game_id, genre_id, created_at, updated_at) VALUES (23, 1, NOW(), NOW());
INSERT INTO game_genre (game_id, genre_id, created_at, updated_at) VALUES (23, 2, NOW(), NOW());
INSERT INTO game_genre (game_id, genre_id, created_at, updated_at) VALUES (23, 11, NOW(), NOW());
INSERT INTO game_genre (game_id, genre_id, created_at, updated_at) VALUES (23, 14, NOW(), NOW());
INSERT INTO game_developer (game_id, developer_id, created_at, updated_at) VALUES (23, 81, NOW(), NOW());
INSERT INTO game_publisher (game_id, publisher_id, created_at, updated_at) VALUES (23, 64, NOW(), NOW());

-- Game #24: Warframe
INSERT INTO games (id, steam_id, name, type, slug, short_description, required_age, is_free, have_dlc, icon, supported_languages, release_date, coming_soon, recommendations, achievements_count, positive_reviews, negative_reviews, total_reviews, positive_ratio, content_descriptors, is_active, created_at, updated_at) VALUES (24, 230410, 'Warframe', 'game', 'warframe', 'Awaken as an unstoppable warrior and battle alongside your friends in this story-driven free-to-play online action game', 17, true, true, 'https://shared.akamai.steamstatic.com/store_item_assets/steam/apps/230410/f00d2f68379fa675c101aad6549d81f261b3c380/header.jpg?t=1760556657', '[\"English *\",\"German\",\"French\",\"Italian\",\"Korean\",\"Spanish - Spain\",\"Simplified Chinese\",\"Russian\",\"Japanese\",\"Polish\",\"Portuguese - Brazil\",\"Traditional Chinese\",\"Turkish\",\"Ukrainian\",\"Thai * languages with full audio support\"]', '2013-03-25', false, 2886, 193, 98, 202, 300, 0.327, '{\"ids\":[2,5],\"notes\":null}', true, NOW(), NOW());
INSERT INTO game_platforms (game_id, windows, mac, linux, created_at, updated_at) VALUES (24, true, false, false, NOW(), NOW());
INSERT INTO game_requirements (game_id, pc_requirements, mac_requirements, linux_requirements, created_at, updated_at) VALUES (24, 'Minimum: OS *: Windows 7 64-Bit (32-bit not supported) Processor: Intel Core i7 860, Intel Core i5 750, or AMD FX-4100 (SSE 4.2 support required) Video: DirectX 11+ capable Graphics Card Memory: 4 GB RAM Storage: 50 GB available HD space Internet: Broadband Internet Connection Required Note: There is no Mac or Linux client currently available. DirectX 12 support requires at least Windows 10 20H2 (released in 2020) or Windows 11', '', '', NOW(), NOW());
INSERT INTO game_community_ratings (game_id, toxicity_rate, cheater_rate, bug_rate, microtransaction_rate, bad_optimization_rate, not_recommended_rate, created_at, updated_at) VALUES (24, 0.081, 0.061, 0.041, 0.014, 0.033, 0.13, NOW(), NOW());
INSERT INTO game_media (game_id, media_id, name, thumbnail, webm, mp4, dash_av1, dash_h264, hls_h264, highlight, created_at, updated_at) VALUES (24, 257217935, 'Warframe The Vallis Undermind Trailer', 'https://shared.akamai.steamstatic.com/store_item_assets/steam/apps/257217935/a0506d38c0b2513d49eb861dbc6deab7c982f8c3/movie_600x337.jpg?t=1760542341', '{\"480\":\"https:\\/\\/video.akamai.steamstatic.com\\/store_trailers\\/257217935\\/movie480.webm?t=1760542341\",\"max\":\"https:\\/\\/video.akamai.steamstatic.com\\/store_trailers\\/257217935\\/movie_max.webm?t=1760542341\"}', '{\"480\":\"https:\\/\\/video.akamai.steamstatic.com\\/store_trailers\\/257217935\\/movie480.mp4?t=1760542341\",\"max\":\"https:\\/\\/video.akamai.steamstatic.com\\/store_trailers\\/257217935\\/movie_max.mp4?t=1760542341\"}', 'https://video.akamai.steamstatic.com/store_trailers/230410/249062949/9f06dec0d589872d520032668cbf800d7ad1f8ac/1760476285/dash_av1.mpd?t=1760542341', 'https://video.akamai.steamstatic.com/store_trailers/230410/249062949/9f06dec0d589872d520032668cbf800d7ad1f8ac/1760476285/dash_h264.mpd?t=1760542341', 'https://video.akamai.steamstatic.com/store_trailers/230410/249062949/9f06dec0d589872d520032668cbf800d7ad1f8ac/1760476285/hls_264_master.m3u8?t=1760542341', true, NOW(), NOW());
INSERT INTO game_media (game_id, media_id, name, thumbnail, webm, mp4, dash_av1, dash_h264, hls_h264, highlight, created_at, updated_at) VALUES (24, 257161335, 'Warframe Isleweaver Launch Trailer ', 'https://shared.akamai.steamstatic.com/store_item_assets/steam/apps/257161335/954b16c6e126e87685e22277a12fd1e437dfd027/movie_600x337.jpg?t=1750864980', '{\"480\":\"https:\\/\\/video.akamai.steamstatic.com\\/store_trailers\\/257161335\\/movie480_vp9.webm?t=1750864980\",\"max\":\"https:\\/\\/video.akamai.steamstatic.com\\/store_trailers\\/257161335\\/movie_max_vp9.webm?t=1750864980\"}', '{\"480\":\"https:\\/\\/video.akamai.steamstatic.com\\/store_trailers\\/257161335\\/movie480.mp4?t=1750864980\",\"max\":\"https:\\/\\/video.akamai.steamstatic.com\\/store_trailers\\/257161335\\/movie_max.mp4?t=1750864980\"}', 'https://video.akamai.steamstatic.com/store_trailers/230410/602254152/c31822a25c723f52b31e663809e3164383c335e9/1750860614/dash_av1.mpd?t=1750864980', 'https://video.akamai.steamstatic.com/store_trailers/230410/602254152/c31822a25c723f52b31e663809e3164383c335e9/1750860614/dash_h264.mpd?t=1750864980', 'https://video.akamai.steamstatic.com/store_trailers/230410/602254152/c31822a25c723f52b31e663809e3164383c335e9/1750860614/hls_264_master.m3u8?t=1750864980', true, NOW(), NOW());
INSERT INTO game_media (game_id, media_id, name, thumbnail, webm, mp4, dash_av1, dash_h264, hls_h264, highlight, created_at, updated_at) VALUES (24, 257080392, 'Warframe 1999 Launch Trailer', 'https://shared.akamai.steamstatic.com/store_item_assets/steam/apps/257080392/ed0181558e4d67b6670edb625af6f7d5ee3cb3b7/movie_600x337.jpg?t=1734069062', '{\"480\":\"https:\\/\\/video.akamai.steamstatic.com\\/store_trailers\\/257080392\\/movie480_vp9.webm?t=1734069062\",\"max\":\"https:\\/\\/video.akamai.steamstatic.com\\/store_trailers\\/257080392\\/movie_max_vp9.webm?t=1734069062\"}', '{\"480\":\"https:\\/\\/video.akamai.steamstatic.com\\/store_trailers\\/257080392\\/movie480.mp4?t=1734069062\",\"max\":\"https:\\/\\/video.akamai.steamstatic.com\\/store_trailers\\/257080392\\/movie_max.mp4?t=1734069062\"}', 'https://video.akamai.steamstatic.com/store_trailers/230410/797403/a1989538a2512b475827a49959a56224f38f0e64/1750494694/dash_av1.mpd?t=1734069062', 'https://video.akamai.steamstatic.com/store_trailers/230410/797403/a1989538a2512b475827a49959a56224f38f0e64/1750494694/dash_h264.mpd?t=1734069062', 'https://video.akamai.steamstatic.com/store_trailers/230410/797403/a1989538a2512b475827a49959a56224f38f0e64/1750494694/hls_264_master.m3u8?t=1734069062', true, NOW(), NOW());
INSERT INTO game_category (game_id, category_id, created_at, updated_at) VALUES (24, 39, NOW(), NOW());
INSERT INTO game_category (game_id, category_id, created_at, updated_at) VALUES (24, 24, NOW(), NOW());
INSERT INTO game_category (game_id, category_id, created_at, updated_at) VALUES (24, 7, NOW(), NOW());
INSERT INTO game_category (game_id, category_id, created_at, updated_at) VALUES (24, 26, NOW(), NOW());
INSERT INTO game_category (game_id, category_id, created_at, updated_at) VALUES (24, 10, NOW(), NOW());
INSERT INTO game_category (game_id, category_id, created_at, updated_at) VALUES (24, 41, NOW(), NOW());
INSERT INTO game_category (game_id, category_id, created_at, updated_at) VALUES (24, 13, NOW(), NOW());
INSERT INTO game_category (game_id, category_id, created_at, updated_at) VALUES (24, 45, NOW(), NOW());
INSERT INTO game_category (game_id, category_id, created_at, updated_at) VALUES (24, 47, NOW(), NOW());
INSERT INTO game_category (game_id, category_id, created_at, updated_at) VALUES (24, 16, NOW(), NOW());
INSERT INTO game_category (game_id, category_id, created_at, updated_at) VALUES (24, 3, NOW(), NOW());
INSERT INTO game_category (game_id, category_id, created_at, updated_at) VALUES (24, 8, NOW(), NOW());
INSERT INTO game_category (game_id, category_id, created_at, updated_at) VALUES (24, 11, NOW(), NOW());
INSERT INTO game_category (game_id, category_id, created_at, updated_at) VALUES (24, 29, NOW(), NOW());
INSERT INTO game_category (game_id, category_id, created_at, updated_at) VALUES (24, 49, NOW(), NOW());
INSERT INTO game_category (game_id, category_id, created_at, updated_at) VALUES (24, 51, NOW(), NOW());
INSERT INTO game_category (game_id, category_id, created_at, updated_at) VALUES (24, 32, NOW(), NOW());
INSERT INTO game_category (game_id, category_id, created_at, updated_at) VALUES (24, 34, NOW(), NOW());
INSERT INTO game_category (game_id, category_id, created_at, updated_at) VALUES (24, 33, NOW(), NOW());
INSERT INTO game_category (game_id, category_id, created_at, updated_at) VALUES (24, 15, NOW(), NOW());
INSERT INTO game_genre (game_id, genre_id, created_at, updated_at) VALUES (24, 1, NOW(), NOW());
INSERT INTO game_genre (game_id, genre_id, created_at, updated_at) VALUES (24, 14, NOW(), NOW());
INSERT INTO game_genre (game_id, genre_id, created_at, updated_at) VALUES (24, 9, NOW(), NOW());
INSERT INTO game_developer (game_id, developer_id, created_at, updated_at) VALUES (24, 29, NOW(), NOW());
INSERT INTO game_publisher (game_id, publisher_id, created_at, updated_at) VALUES (24, 24, NOW(), NOW());

-- Game #25: Call of Duty®
INSERT INTO games (id, steam_id, name, type, slug, short_description, required_age, is_free, have_dlc, icon, supported_languages, release_date, coming_soon, recommendations, achievements_count, positive_reviews, negative_reviews, total_reviews, positive_ratio, content_descriptors, is_active, created_at, updated_at) VALUES (25, 1938090, 'Call of Duty®', 'game', 'call-of-duty', 'The Call of Duty® experience supports Call of Duty®: Black Ops 7, Call of Duty®: Black Ops 6, and Call of Duty®: Warzone™.', 17, false, true, 'https://shared.akamai.steamstatic.com/store_item_assets/steam/apps/1938090/06107605348820087bb51ca89ed620c22fe559aa/header.jpg?t=1761157741', '[\"English *\",\"French *\",\"Italian *\",\"German *\",\"Spanish - Spain *\",\"Korean *\",\"Polish *\",\"Russian *\",\"Traditional Chinese\",\"Japanese *\",\"Spanish - Latin America *\",\"Arabic\",\"Simplified Chinese\",\"Portuguese - Brazil *\",\"Thai * languages with full audio support\"]', '2022-10-27', false, 397085, 107, 40, 260, 300, 0.133, '{\"ids\":[2,5],\"notes\":null}', true, NOW(), NOW());
INSERT INTO game_platforms (game_id, windows, mac, linux, created_at, updated_at) VALUES (25, true, false, false, NOW(), NOW());
INSERT INTO game_requirements (game_id, pc_requirements, mac_requirements, linux_requirements, created_at, updated_at) VALUES (25, 'Minimum: Requires a 64-bit processor and operating system OS: Windows® 10 64 Bit (latest update) Processor: AMD Ryzen™ 5 1400 or Intel® Core™ i5-6600 Memory: 8 GB RAM Graphics: AMD Radeon™ RX 470, NVIDIA® GeForce® GTX 960 or Intel® Arc™ A580 DirectX: Version 12 Network: Broadband Internet connection Additional Notes: SSD with 128 GB available space at launch', 'Minimum:', 'Minimum:', NOW(), NOW());
INSERT INTO game_community_ratings (game_id, toxicity_rate, cheater_rate, bug_rate, microtransaction_rate, bad_optimization_rate, not_recommended_rate, created_at, updated_at) VALUES (25, 0.18, 0.19, 0.15, 0.093, 0.186, 0.252, NOW(), NOW());
INSERT INTO game_media (game_id, media_id, name, thumbnail, webm, mp4, dash_av1, dash_h264, hls_h264, highlight, created_at, updated_at) VALUES (25, 257188582, 'BO7 Reveal', 'https://shared.akamai.steamstatic.com/store_item_assets/steam/apps/257188582/eb8f83344dd924d8903f8a863e4601d6a4ba5a2e/movie_600x337.jpg?t=1756159387', '{\"480\":\"https:\\/\\/video.akamai.steamstatic.com\\/store_trailers\\/257188582\\/movie480_vp9.webm?t=1756159387\",\"max\":\"https:\\/\\/video.akamai.steamstatic.com\\/store_trailers\\/257188582\\/movie_max_vp9.webm?t=1756159387\"}', '{\"480\":\"https:\\/\\/video.akamai.steamstatic.com\\/store_trailers\\/257188582\\/movie480.mp4?t=1756159387\",\"max\":\"https:\\/\\/video.akamai.steamstatic.com\\/store_trailers\\/257188582\\/movie_max.mp4?t=1756159387\"}', 'https://video.akamai.steamstatic.com/store_trailers/1938090/230232550/0ca7bfb34fa1b9cbc1da9858e3f1bea2bd4d29b5/1756139929/dash_av1.mpd?t=1756159387', 'https://video.akamai.steamstatic.com/store_trailers/1938090/230232550/0ca7bfb34fa1b9cbc1da9858e3f1bea2bd4d29b5/1756139929/dash_h264.mpd?t=1756159387', 'https://video.akamai.steamstatic.com/store_trailers/1938090/230232550/0ca7bfb34fa1b9cbc1da9858e3f1bea2bd4d29b5/1756139929/hls_264_master.m3u8?t=1756159387', true, NOW(), NOW());
INSERT INTO game_media (game_id, media_id, name, thumbnail, webm, mp4, dash_av1, dash_h264, hls_h264, highlight, created_at, updated_at) VALUES (25, 257188559, 'BO7 Product Offering', 'https://shared.akamai.steamstatic.com/store_item_assets/steam/apps/257188559/a987fd6a04cd22674eee195903fa75ccba2b6b69/movie_600x337.jpg?t=1760998066', '{\"480\":\"https:\\/\\/video.akamai.steamstatic.com\\/store_trailers\\/257188559\\/movie480_vp9.webm?t=1760998066\",\"max\":\"https:\\/\\/video.akamai.steamstatic.com\\/store_trailers\\/257188559\\/movie_max_vp9.webm?t=1760998066\"}', '{\"480\":\"https:\\/\\/video.akamai.steamstatic.com\\/store_trailers\\/257188559\\/movie480.mp4?t=1760998066\",\"max\":\"https:\\/\\/video.akamai.steamstatic.com\\/store_trailers\\/257188559\\/movie_max.mp4?t=1760998066\"}', 'https://video.akamai.steamstatic.com/store_trailers/1938090/1465771829/5fefaecc6ca2726cdf24bc16c3bad91cd5b07539/1760991091/dash_av1.mpd?t=1760998066', 'https://video.akamai.steamstatic.com/store_trailers/1938090/1465771829/5fefaecc6ca2726cdf24bc16c3bad91cd5b07539/1760991091/dash_h264.mpd?t=1760998066', 'https://video.akamai.steamstatic.com/store_trailers/1938090/1465771829/5fefaecc6ca2726cdf24bc16c3bad91cd5b07539/1760991091/hls_264_master.m3u8?t=1760998066', true, NOW(), NOW());
INSERT INTO game_media (game_id, media_id, name, thumbnail, webm, mp4, dash_av1, dash_h264, hls_h264, highlight, created_at, updated_at) VALUES (25, 257206609, 'BO7 Zombies', 'https://shared.akamai.steamstatic.com/store_item_assets/steam/apps/257206609/86ddf94ab065666d58b9256ee40cfcfe7e226f1a/movie_600x337.jpg?t=1758863646', '{\"480\":\"https:\\/\\/video.akamai.steamstatic.com\\/store_trailers\\/257206609\\/movie480_vp9.webm?t=1758863646\",\"max\":\"https:\\/\\/video.akamai.steamstatic.com\\/store_trailers\\/257206609\\/movie_max_vp9.webm?t=1758863646\"}', '{\"480\":\"https:\\/\\/video.akamai.steamstatic.com\\/store_trailers\\/257206609\\/movie480.mp4?t=1758863646\",\"max\":\"https:\\/\\/video.akamai.steamstatic.com\\/store_trailers\\/257206609\\/movie_max.mp4?t=1758863646\"}', 'https://video.akamai.steamstatic.com/store_trailers/1938090/138479142/a4323c637c2db221489c22ab75c5a8cdddc0c2d1/1758858797/dash_av1.mpd?t=1758863646', 'https://video.akamai.steamstatic.com/store_trailers/1938090/138479142/a4323c637c2db221489c22ab75c5a8cdddc0c2d1/1758858797/dash_h264.mpd?t=1758863646', 'https://video.akamai.steamstatic.com/store_trailers/1938090/138479142/a4323c637c2db221489c22ab75c5a8cdddc0c2d1/1758858797/hls_264_master.m3u8?t=1758863646', true, NOW(), NOW());
INSERT INTO game_media (game_id, media_id, name, thumbnail, webm, mp4, dash_av1, dash_h264, hls_h264, highlight, created_at, updated_at) VALUES (25, 257204318, 'BO7 Multiplayer', 'https://shared.akamai.steamstatic.com/store_item_assets/steam/apps/257204318/50be0fe8d202d15a8251646ac9e8f252452f4241/movie_600x337.jpg?t=1758599593', '{\"480\":\"https:\\/\\/video.akamai.steamstatic.com\\/store_trailers\\/257204318\\/movie480_vp9.webm?t=1758599593\",\"max\":\"https:\\/\\/video.akamai.steamstatic.com\\/store_trailers\\/257204318\\/movie_max_vp9.webm?t=1758599593\"}', '{\"480\":\"https:\\/\\/video.akamai.steamstatic.com\\/store_trailers\\/257204318\\/movie480.mp4?t=1758599593\",\"max\":\"https:\\/\\/video.akamai.steamstatic.com\\/store_trailers\\/257204318\\/movie_max.mp4?t=1758599593\"}', 'https://video.akamai.steamstatic.com/store_trailers/1938090/1243256472/30d25854c69ea5637fce12b76343f041cb461b8c/1758581533/dash_av1.mpd?t=1758599593', 'https://video.akamai.steamstatic.com/store_trailers/1938090/1243256472/30d25854c69ea5637fce12b76343f041cb461b8c/1758581533/dash_h264.mpd?t=1758599593', 'https://video.akamai.steamstatic.com/store_trailers/1938090/1243256472/30d25854c69ea5637fce12b76343f041cb461b8c/1758581533/hls_264_master.m3u8?t=1758599593', true, NOW(), NOW());
INSERT INTO game_media (game_id, media_id, name, thumbnail, webm, mp4, dash_av1, dash_h264, hls_h264, highlight, created_at, updated_at) VALUES (25, 257092668, 'S6 Launch', 'https://shared.akamai.steamstatic.com/store_item_assets/steam/apps/257092668/443b1629b76ff9c5a8fd6a49da84a833f8dc6801/movie_600x337.jpg?t=1760026001', '{\"480\":\"https:\\/\\/video.akamai.steamstatic.com\\/store_trailers\\/257092668\\/movie480_vp9.webm?t=1760026001\",\"max\":\"https:\\/\\/video.akamai.steamstatic.com\\/store_trailers\\/257092668\\/movie_max_vp9.webm?t=1760026001\"}', '{\"480\":\"https:\\/\\/video.akamai.steamstatic.com\\/store_trailers\\/257092668\\/movie480.mp4?t=1760026001\",\"max\":\"https:\\/\\/video.akamai.steamstatic.com\\/store_trailers\\/257092668\\/movie_max.mp4?t=1760026001\"}', 'https://video.akamai.steamstatic.com/store_trailers/1938090/1273496371/2f3dc5d6bf26845564adc3825e80917c73d77b2a/1759961835/dash_av1.mpd?t=1760026001', 'https://video.akamai.steamstatic.com/store_trailers/1938090/1273496371/2f3dc5d6bf26845564adc3825e80917c73d77b2a/1759961835/dash_h264.mpd?t=1760026001', 'https://video.akamai.steamstatic.com/store_trailers/1938090/1273496371/2f3dc5d6bf26845564adc3825e80917c73d77b2a/1759961835/hls_264_master.m3u8?t=1760026001', true, NOW(), NOW());
INSERT INTO game_media (game_id, media_id, name, thumbnail, webm, mp4, dash_av1, dash_h264, hls_h264, highlight, created_at, updated_at) VALUES (25, 257065873, 'Accolades', 'https://shared.akamai.steamstatic.com/store_item_assets/steam/apps/257065873/d424bdb0975352a094fab47528aeb3229178685f/movie_600x337.jpg?t=1729828852', '{\"480\":\"https:\\/\\/video.akamai.steamstatic.com\\/store_trailers\\/257065873\\/movie480_vp9.webm?t=1729828852\",\"max\":\"https:\\/\\/video.akamai.steamstatic.com\\/store_trailers\\/257065873\\/movie_max_vp9.webm?t=1729828852\"}', '{\"480\":\"https:\\/\\/video.akamai.steamstatic.com\\/store_trailers\\/257065873\\/movie480.mp4?t=1729828852\",\"max\":\"https:\\/\\/video.akamai.steamstatic.com\\/store_trailers\\/257065873\\/movie_max.mp4?t=1729828852\"}', 'https://video.akamai.steamstatic.com/store_trailers/1938090/772993/8e8820d09100b158f51271b3bbb05f3d8938f024/1750741605/dash_av1.mpd?t=1729828852', 'https://video.akamai.steamstatic.com/store_trailers/1938090/772993/8e8820d09100b158f51271b3bbb05f3d8938f024/1750741605/dash_h264.mpd?t=1729828852', 'https://video.akamai.steamstatic.com/store_trailers/1938090/772993/8e8820d09100b158f51271b3bbb05f3d8938f024/1750741605/hls_264_master.m3u8?t=1729828852', true, NOW(), NOW());
INSERT INTO game_media (game_id, media_id, name, thumbnail, webm, mp4, dash_av1, dash_h264, hls_h264, highlight, created_at, updated_at) VALUES (25, 257068162, 'PC Trailer (enESRB)', 'https://shared.akamai.steamstatic.com/store_item_assets/steam/apps/257068162/47889a9ef0ef552ad05c84b102970d516f5f758d/movie_600x337.jpg?t=1729828978', '{\"480\":\"https:\\/\\/video.akamai.steamstatic.com\\/store_trailers\\/257068162\\/movie480_vp9.webm?t=1729828978\",\"max\":\"https:\\/\\/video.akamai.steamstatic.com\\/store_trailers\\/257068162\\/movie_max_vp9.webm?t=1729828978\"}', '{\"480\":\"https:\\/\\/video.akamai.steamstatic.com\\/store_trailers\\/257068162\\/movie480.mp4?t=1729828978\",\"max\":\"https:\\/\\/video.akamai.steamstatic.com\\/store_trailers\\/257068162\\/movie_max.mp4?t=1729828978\"}', 'https://video.akamai.steamstatic.com/store_trailers/1938090/776788/c5072954de9aedc782d12c011cc8f7efc83da5e1/1750741724/dash_av1.mpd?t=1729828978', 'https://video.akamai.steamstatic.com/store_trailers/1938090/776788/c5072954de9aedc782d12c011cc8f7efc83da5e1/1750741724/dash_h264.mpd?t=1729828978', 'https://video.akamai.steamstatic.com/store_trailers/1938090/776788/c5072954de9aedc782d12c011cc8f7efc83da5e1/1750741724/hls_264_master.m3u8?t=1729828978', true, NOW(), NOW());
INSERT INTO game_category (game_id, category_id, created_at, updated_at) VALUES (25, 39, NOW(), NOW());
INSERT INTO game_category (game_id, category_id, created_at, updated_at) VALUES (25, 24, NOW(), NOW());
INSERT INTO game_category (game_id, category_id, created_at, updated_at) VALUES (25, 30, NOW(), NOW());
INSERT INTO game_category (game_id, category_id, created_at, updated_at) VALUES (25, 27, NOW(), NOW());
INSERT INTO game_category (game_id, category_id, created_at, updated_at) VALUES (25, 7, NOW(), NOW());
INSERT INTO game_category (game_id, category_id, created_at, updated_at) VALUES (25, 26, NOW(), NOW());
INSERT INTO game_category (game_id, category_id, created_at, updated_at) VALUES (25, 10, NOW(), NOW());
INSERT INTO game_category (game_id, category_id, created_at, updated_at) VALUES (25, 41, NOW(), NOW());
INSERT INTO game_category (game_id, category_id, created_at, updated_at) VALUES (25, 13, NOW(), NOW());
INSERT INTO game_category (game_id, category_id, created_at, updated_at) VALUES (25, 4, NOW(), NOW());
INSERT INTO game_category (game_id, category_id, created_at, updated_at) VALUES (25, 16, NOW(), NOW());
INSERT INTO game_genre (game_id, genre_id, created_at, updated_at) VALUES (25, 1, NOW(), NOW());
INSERT INTO game_developer (game_id, developer_id, created_at, updated_at) VALUES (25, 104, NOW(), NOW());
INSERT INTO game_developer (game_id, developer_id, created_at, updated_at) VALUES (25, 80, NOW(), NOW());
INSERT INTO game_developer (game_id, developer_id, created_at, updated_at) VALUES (25, 11, NOW(), NOW());
INSERT INTO game_developer (game_id, developer_id, created_at, updated_at) VALUES (25, 49, NOW(), NOW());
INSERT INTO game_developer (game_id, developer_id, created_at, updated_at) VALUES (25, 2, NOW(), NOW());
INSERT INTO game_developer (game_id, developer_id, created_at, updated_at) VALUES (25, 91, NOW(), NOW());
INSERT INTO game_developer (game_id, developer_id, created_at, updated_at) VALUES (25, 50, NOW(), NOW());
INSERT INTO game_developer (game_id, developer_id, created_at, updated_at) VALUES (25, 28, NOW(), NOW());
INSERT INTO game_developer (game_id, developer_id, created_at, updated_at) VALUES (25, 103, NOW(), NOW());
INSERT INTO game_publisher (game_id, publisher_id, created_at, updated_at) VALUES (25, 2, NOW(), NOW());

-- Game #26: Euro Truck Simulator 2
INSERT INTO games (id, steam_id, name, type, slug, short_description, required_age, is_free, have_dlc, icon, supported_languages, release_date, coming_soon, recommendations, achievements_count, positive_reviews, negative_reviews, total_reviews, positive_ratio, content_descriptors, is_active, created_at, updated_at) VALUES (26, 227300, 'Euro Truck Simulator 2', 'game', 'euro-truck-simulator-2', 'Travel across Europe as king of the road, a trucker who delivers important cargo across impressive distances! With dozens of cities to explore, your endurance, skill and speed will all be pushed to their limits.', 0, false, true, 'https://shared.akamai.steamstatic.com/store_item_assets/steam/apps/227300/d3c44cfff95e8223687121b05c80e594d35c4c53/header_alt_assets_7.jpg?t=1760622979', '[\"English\",\"German\",\"French\",\"Italian\",\"Korean\",\"Spanish - Spain\",\"Simplified Chinese\",\"Russian\",\"Japanese\",\"Portuguese - Portugal\",\"Polish\",\"Danish\",\"Dutch\",\"Finnish\",\"Norwegian\",\"Swedish\",\"Hungarian\",\"Czech\",\"Romanian\",\"Turkish\",\"Portuguese - Brazil\",\"Bulgarian\",\"Greek\",\"Ukrainian\",\"Traditional Chinese\",\"Catalan\",\"Lithuanian\",\"Serbian\",\"Slovak\",\"Slovenian\"]', '2012-10-12', false, 716673, 105, 265, 35, 300, 0.883, '{\"ids\":[],\"notes\":null}', true, NOW(), NOW());
INSERT INTO game_platforms (game_id, windows, mac, linux, created_at, updated_at) VALUES (26, true, true, true, NOW(), NOW());
INSERT INTO game_requirements (game_id, pc_requirements, mac_requirements, linux_requirements, created_at, updated_at) VALUES (26, 'Minimum: OS: Windows 10 64-bit Processor: Intel Core i5-6400 or AMD Ryzen 3 1200 or similar Memory: 8 GB RAM Graphics: NVIDIA GeForce GTX 660 or AMD Radeon RX 460 or Intel HD 630 (2GB VRAM) Hard Drive: 25 GB available space (Euro Truck Simulator 2 base game)', 'Minimum: OS: macOS 11 (Big Sur) Processor: Quad core CPU 3.3 GHz Memory: 8 GB RAM Graphics: Intel HD 630 or similar (2GB VRAM) Hard Drive: 25 GB available space (Euro Truck Simulator 2 base game)', 'Minimum: OS: Linux Ubuntu 12.04 Processor: Quad core CPU 3.3 GHz Memory: 8 GB RAM Graphics: Intel HD 630 or similar (2GB VRAM) Hard Drive: 25 GB available space (Euro Truck Simulator 2 base game) Additional Notes: recent binary ATI or NVidia drivers (MESA may not work reliably)', NOW(), NOW());
INSERT INTO game_community_ratings (game_id, toxicity_rate, cheater_rate, bug_rate, microtransaction_rate, bad_optimization_rate, not_recommended_rate, created_at, updated_at) VALUES (26, 0.023, 0.022, 0.009, 0.01, 0.01, 0.011, NOW(), NOW());
INSERT INTO game_media (game_id, media_id, name, thumbnail, webm, mp4, dash_av1, dash_h264, hls_h264, highlight, created_at, updated_at) VALUES (26, 256882174, 'Euro Truck Simulator 2 2022 Trailer', 'https://shared.akamai.steamstatic.com/store_item_assets/steam/apps/256882174/movie.293x165.jpg?t=1683632053', '{\"480\":\"https:\\/\\/video.akamai.steamstatic.com\\/store_trailers\\/256882174\\/movie480_vp9.webm?t=1683632053\",\"max\":\"https:\\/\\/video.akamai.steamstatic.com\\/store_trailers\\/256882174\\/movie_max_vp9.webm?t=1683632053\"}', '{\"480\":\"https:\\/\\/video.akamai.steamstatic.com\\/store_trailers\\/256882174\\/movie480.mp4?t=1683632053\",\"max\":\"https:\\/\\/video.akamai.steamstatic.com\\/store_trailers\\/256882174\\/movie_max.mp4?t=1683632053\"}', 'https://video.akamai.steamstatic.com/store_trailers/227300/455253/f717b44f949ed6c824778b30d516147bdaaad95a/1750482436/dash_av1.mpd?t=1683632053', 'https://video.akamai.steamstatic.com/store_trailers/227300/455253/f717b44f949ed6c824778b30d516147bdaaad95a/1750482436/dash_h264.mpd?t=1683632053', 'https://video.akamai.steamstatic.com/store_trailers/227300/455253/f717b44f949ed6c824778b30d516147bdaaad95a/1750482436/hls_264_master.m3u8?t=1683632053', true, NOW(), NOW());
INSERT INTO game_media (game_id, media_id, name, thumbnail, webm, mp4, dash_av1, dash_h264, hls_h264, highlight, created_at, updated_at) VALUES (26, 257079603, 'Euro Truck Simulator 2 - 1.53 Update', 'https://shared.akamai.steamstatic.com/store_item_assets/steam/apps/257079603/a089d756d0de589533512d13a0c5f130b028a607/movie_600x337.jpg?t=1733494612', '{\"480\":\"https:\\/\\/video.akamai.steamstatic.com\\/store_trailers\\/257079603\\/movie480_vp9.webm?t=1733494612\",\"max\":\"https:\\/\\/video.akamai.steamstatic.com\\/store_trailers\\/257079603\\/movie_max_vp9.webm?t=1733494612\"}', '{\"480\":\"https:\\/\\/video.akamai.steamstatic.com\\/store_trailers\\/257079603\\/movie480.mp4?t=1733494612\",\"max\":\"https:\\/\\/video.akamai.steamstatic.com\\/store_trailers\\/257079603\\/movie_max.mp4?t=1733494612\"}', 'https://video.akamai.steamstatic.com/store_trailers/227300/796071/aa1b75647133aedf0ecb196084b6e2121cee4f5d/1750482436/dash_av1.mpd?t=1733494612', 'https://video.akamai.steamstatic.com/store_trailers/227300/796071/aa1b75647133aedf0ecb196084b6e2121cee4f5d/1750482436/dash_h264.mpd?t=1733494612', 'https://video.akamai.steamstatic.com/store_trailers/227300/796071/aa1b75647133aedf0ecb196084b6e2121cee4f5d/1750482436/hls_264_master.m3u8?t=1733494612', true, NOW(), NOW());
INSERT INTO game_category (game_id, category_id, created_at, updated_at) VALUES (26, 39, NOW(), NOW());
INSERT INTO game_category (game_id, category_id, created_at, updated_at) VALUES (26, 24, NOW(), NOW());
INSERT INTO game_category (game_id, category_id, created_at, updated_at) VALUES (26, 7, NOW(), NOW());
INSERT INTO game_category (game_id, category_id, created_at, updated_at) VALUES (26, 26, NOW(), NOW());
INSERT INTO game_category (game_id, category_id, created_at, updated_at) VALUES (26, 41, NOW(), NOW());
INSERT INTO game_category (game_id, category_id, created_at, updated_at) VALUES (26, 45, NOW(), NOW());
INSERT INTO game_category (game_id, category_id, created_at, updated_at) VALUES (26, 47, NOW(), NOW());
INSERT INTO game_category (game_id, category_id, created_at, updated_at) VALUES (26, 28, NOW(), NOW());
INSERT INTO game_category (game_id, category_id, created_at, updated_at) VALUES (26, 42, NOW(), NOW());
INSERT INTO game_category (game_id, category_id, created_at, updated_at) VALUES (26, 18, NOW(), NOW());
INSERT INTO game_category (game_id, category_id, created_at, updated_at) VALUES (26, 32, NOW(), NOW());
INSERT INTO game_category (game_id, category_id, created_at, updated_at) VALUES (26, 34, NOW(), NOW());
INSERT INTO game_category (game_id, category_id, created_at, updated_at) VALUES (26, 31, NOW(), NOW());
INSERT INTO game_category (game_id, category_id, created_at, updated_at) VALUES (26, 12, NOW(), NOW());
INSERT INTO game_genre (game_id, genre_id, created_at, updated_at) VALUES (26, 11, NOW(), NOW());
INSERT INTO game_genre (game_id, genre_id, created_at, updated_at) VALUES (26, 16, NOW(), NOW());
INSERT INTO game_developer (game_id, developer_id, created_at, updated_at) VALUES (26, 88, NOW(), NOW());
INSERT INTO game_publisher (game_id, publisher_id, created_at, updated_at) VALUES (26, 68, NOW(), NOW());

-- Game #27: Baldur's Gate 3
INSERT INTO games (id, steam_id, name, type, slug, short_description, required_age, is_free, have_dlc, icon, supported_languages, release_date, coming_soon, recommendations, achievements_count, positive_reviews, negative_reviews, total_reviews, positive_ratio, content_descriptors, is_active, created_at, updated_at) VALUES (27, 1086940, 'Baldur\'s Gate 3', 'game', 'baldur-s-gate-3', 'Baldur’s Gate 3 is a story-rich, party-based RPG set in the universe of Dungeons &amp; Dragons, where your choices shape a tale of fellowship and betrayal, survival and sacrifice, and the lure of absolute power.', 17, false, true, 'https://shared.akamai.steamstatic.com/store_item_assets/steam/apps/1086940/48a2fcbda8565bb45025e98fd8ebde8a7203f6a0/header.jpg?t=1759825106', '[\"English *\",\"French\",\"German\",\"Spanish - Spain\",\"Polish\",\"Russian\",\"Simplified Chinese\",\"Turkish\",\"Portuguese - Brazil\",\"Italian\",\"Spanish - Latin America\",\"Traditional Chinese\",\"Ukrainian\",\"Korean\",\"Japanese * languages with full audio support\"]', '2023-08-03', false, 697423, 54, 235, 65, 300, 0.783, '{\"ids\":[1,2,5],\"notes\":\"This Game may contain content not appropriate for all ages. It contains General Mature Content, and may include Nudity or Sexual Content.\"}', true, NOW(), NOW());
INSERT INTO game_platforms (game_id, windows, mac, linux, created_at, updated_at) VALUES (27, true, true, false, NOW(), NOW());
INSERT INTO game_requirements (game_id, pc_requirements, mac_requirements, linux_requirements, created_at, updated_at) VALUES (27, 'Minimum: Requires a 64-bit processor and operating system OS: Windows 10 64-bit Processor: Intel I5 4690 / AMD FX 8350 / Snapdragon X Elite Memory: 8 GB RAM Graphics: Nvidia GTX 970 / RX 480 / Intel Arc A380 / Qualcomm Adreno X1 (4GB+ of VRAM) DirectX: Version 11 Storage: 150 GB available space Additional Notes: SSD required', 'Minimum: OS: macOS 14.7.1 or newer Processor: Apple M1 Memory: 8 GB RAM Graphics: Apple M1 Storage: 150 GB available space Additional Notes: Min specs can run the game on low to medium settings. Splitscreen will not run at an acceptable level of performance. SSD required.', 'Minimum:', NOW(), NOW());
INSERT INTO game_community_ratings (game_id, toxicity_rate, cheater_rate, bug_rate, microtransaction_rate, bad_optimization_rate, not_recommended_rate, created_at, updated_at) VALUES (27, 0.038, 0.044, 0.018, 0.003, 0.016, 0.082, NOW(), NOW());
INSERT INTO game_media (game_id, media_id, name, thumbnail, webm, mp4, dash_av1, dash_h264, hls_h264, highlight, created_at, updated_at) VALUES (27, 256987424, 'Baldur\'s Gate 3 - Accolades Trailer', 'https://shared.akamai.steamstatic.com/store_item_assets/steam/apps/256987424/movie.293x165.jpg?t=1702007645', '{\"480\":\"https:\\/\\/video.akamai.steamstatic.com\\/store_trailers\\/256987424\\/movie480_vp9.webm?t=1702007645\",\"max\":\"https:\\/\\/video.akamai.steamstatic.com\\/store_trailers\\/256987424\\/movie_max_vp9.webm?t=1702007645\"}', '{\"480\":\"https:\\/\\/video.akamai.steamstatic.com\\/store_trailers\\/256987424\\/movie480.mp4?t=1702007645\",\"max\":\"https:\\/\\/video.akamai.steamstatic.com\\/store_trailers\\/256987424\\/movie_max.mp4?t=1702007645\"}', 'https://video.akamai.steamstatic.com/store_trailers/1086940/637951/59ca25b847b0e471638d1e2474acf71b068d57f0/1750615003/dash_av1.mpd?t=1702007645', 'https://video.akamai.steamstatic.com/store_trailers/1086940/637951/59ca25b847b0e471638d1e2474acf71b068d57f0/1750615003/dash_h264.mpd?t=1702007645', 'https://video.akamai.steamstatic.com/store_trailers/1086940/637951/59ca25b847b0e471638d1e2474acf71b068d57f0/1750615003/hls_264_master.m3u8?t=1702007645', true, NOW(), NOW());
INSERT INTO game_media (game_id, media_id, name, thumbnail, webm, mp4, dash_av1, dash_h264, hls_h264, highlight, created_at, updated_at) VALUES (27, 256961600, 'Baldur\'s Gate 3 - Launch Trailer', 'https://shared.akamai.steamstatic.com/store_item_assets/steam/apps/256961600/movie.293x165.jpg?t=1695393579', '{\"480\":\"https:\\/\\/video.akamai.steamstatic.com\\/store_trailers\\/256961600\\/movie480_vp9.webm?t=1695393579\",\"max\":\"https:\\/\\/video.akamai.steamstatic.com\\/store_trailers\\/256961600\\/movie_max_vp9.webm?t=1695393579\"}', '{\"480\":\"https:\\/\\/video.akamai.steamstatic.com\\/store_trailers\\/256961600\\/movie480.mp4?t=1695393579\",\"max\":\"https:\\/\\/video.akamai.steamstatic.com\\/store_trailers\\/256961600\\/movie_max.mp4?t=1695393579\"}', 'https://video.akamai.steamstatic.com/store_trailers/1086940/593544/008e33be9c000c5fdb38e630f13b1d5917d4561d/1750615002/dash_av1.mpd?t=1695393579', 'https://video.akamai.steamstatic.com/store_trailers/1086940/593544/008e33be9c000c5fdb38e630f13b1d5917d4561d/1750615002/dash_h264.mpd?t=1695393579', 'https://video.akamai.steamstatic.com/store_trailers/1086940/593544/008e33be9c000c5fdb38e630f13b1d5917d4561d/1750615002/hls_264_master.m3u8?t=1695393579', true, NOW(), NOW());
INSERT INTO game_media (game_id, media_id, name, thumbnail, webm, mp4, dash_av1, dash_h264, hls_h264, highlight, created_at, updated_at) VALUES (27, 256957679, 'Baldur\'s Gate 3 - Release Teaser', 'https://shared.akamai.steamstatic.com/store_item_assets/steam/apps/256957679/movie.293x165.jpg?t=1692294107', '{\"480\":\"https:\\/\\/video.akamai.steamstatic.com\\/store_trailers\\/256957679\\/movie480_vp9.webm?t=1692294107\",\"max\":\"https:\\/\\/video.akamai.steamstatic.com\\/store_trailers\\/256957679\\/movie_max_vp9.webm?t=1692294107\"}', '{\"480\":\"https:\\/\\/video.akamai.steamstatic.com\\/store_trailers\\/256957679\\/movie480.mp4?t=1692294107\",\"max\":\"https:\\/\\/video.akamai.steamstatic.com\\/store_trailers\\/256957679\\/movie_max.mp4?t=1692294107\"}', 'https://video.akamai.steamstatic.com/store_trailers/1086940/586640/b3d5692dc27af2874f96d23ff281523f26bd5476/1750614981/dash_av1.mpd?t=1692294107', 'https://video.akamai.steamstatic.com/store_trailers/1086940/586640/b3d5692dc27af2874f96d23ff281523f26bd5476/1750614981/dash_h264.mpd?t=1692294107', 'https://video.akamai.steamstatic.com/store_trailers/1086940/586640/b3d5692dc27af2874f96d23ff281523f26bd5476/1750614981/hls_264_master.m3u8?t=1692294107', true, NOW(), NOW());
INSERT INTO game_media (game_id, media_id, name, thumbnail, webm, mp4, dash_av1, dash_h264, hls_h264, highlight, created_at, updated_at) VALUES (27, 256952190, 'Baldur\'s Gate 3 - First Look at the City', 'https://shared.akamai.steamstatic.com/store_item_assets/steam/apps/256952190/movie.293x165.jpg?t=1692294111', '{\"480\":\"https:\\/\\/video.akamai.steamstatic.com\\/store_trailers\\/256952190\\/movie480_vp9.webm?t=1692294111\",\"max\":\"https:\\/\\/video.akamai.steamstatic.com\\/store_trailers\\/256952190\\/movie_max_vp9.webm?t=1692294111\"}', '{\"480\":\"https:\\/\\/video.akamai.steamstatic.com\\/store_trailers\\/256952190\\/movie480.mp4?t=1692294111\",\"max\":\"https:\\/\\/video.akamai.steamstatic.com\\/store_trailers\\/256952190\\/movie_max.mp4?t=1692294111\"}', 'https://video.akamai.steamstatic.com/store_trailers/1086940/577019/052954500a03f7bfb69c9abf7c2969e00833b569/1750614972/dash_av1.mpd?t=1692294111', 'https://video.akamai.steamstatic.com/store_trailers/1086940/577019/052954500a03f7bfb69c9abf7c2969e00833b569/1750614972/dash_h264.mpd?t=1692294111', 'https://video.akamai.steamstatic.com/store_trailers/1086940/577019/052954500a03f7bfb69c9abf7c2969e00833b569/1750614972/hls_264_master.m3u8?t=1692294111', true, NOW(), NOW());
INSERT INTO game_media (game_id, media_id, name, thumbnail, webm, mp4, dash_av1, dash_h264, hls_h264, highlight, created_at, updated_at) VALUES (27, 256932354, 'Baldur\'s Gate 3 - Release Date Reveal Trailer', 'https://shared.akamai.steamstatic.com/store_item_assets/steam/apps/256932354/movie.293x165.jpg?t=1692294115', '{\"480\":\"https:\\/\\/video.akamai.steamstatic.com\\/store_trailers\\/256932354\\/movie480_vp9.webm?t=1692294115\",\"max\":\"https:\\/\\/video.akamai.steamstatic.com\\/store_trailers\\/256932354\\/movie_max_vp9.webm?t=1692294115\"}', '{\"480\":\"https:\\/\\/video.akamai.steamstatic.com\\/store_trailers\\/256932354\\/movie480.mp4?t=1692294115\",\"max\":\"https:\\/\\/video.akamai.steamstatic.com\\/store_trailers\\/256932354\\/movie_max.mp4?t=1692294115\"}', 'https://video.akamai.steamstatic.com/store_trailers/1086940/542118/27157a92e289b26416759be7b45bdfcf159dfd49/1750614949/dash_av1.mpd?t=1692294115', 'https://video.akamai.steamstatic.com/store_trailers/1086940/542118/27157a92e289b26416759be7b45bdfcf159dfd49/1750614949/dash_h264.mpd?t=1692294115', 'https://video.akamai.steamstatic.com/store_trailers/1086940/542118/27157a92e289b26416759be7b45bdfcf159dfd49/1750614949/hls_264_master.m3u8?t=1692294115', true, NOW(), NOW());
INSERT INTO game_media (game_id, media_id, name, thumbnail, webm, mp4, dash_av1, dash_h264, hls_h264, highlight, created_at, updated_at) VALUES (27, 256920587, 'Baldur\'s Gate 3 - The Game Awards Trailer', 'https://shared.akamai.steamstatic.com/store_item_assets/steam/apps/256920587/movie.293x165.jpg?t=1692294120', '{\"480\":\"https:\\/\\/video.akamai.steamstatic.com\\/store_trailers\\/256920587\\/movie480_vp9.webm?t=1692294120\",\"max\":\"https:\\/\\/video.akamai.steamstatic.com\\/store_trailers\\/256920587\\/movie_max_vp9.webm?t=1692294120\"}', '{\"480\":\"https:\\/\\/video.akamai.steamstatic.com\\/store_trailers\\/256920587\\/movie480.mp4?t=1692294120\",\"max\":\"https:\\/\\/video.akamai.steamstatic.com\\/store_trailers\\/256920587\\/movie_max.mp4?t=1692294120\"}', 'https://video.akamai.steamstatic.com/store_trailers/1086940/521182/53c2be911d121fc8ebda8bc9183e0fb55dbd53b7/1750614929/dash_av1.mpd?t=1692294120', 'https://video.akamai.steamstatic.com/store_trailers/1086940/521182/53c2be911d121fc8ebda8bc9183e0fb55dbd53b7/1750614929/dash_h264.mpd?t=1692294120', 'https://video.akamai.steamstatic.com/store_trailers/1086940/521182/53c2be911d121fc8ebda8bc9183e0fb55dbd53b7/1750614929/hls_264_master.m3u8?t=1692294120', true, NOW(), NOW());
INSERT INTO game_category (game_id, category_id, created_at, updated_at) VALUES (27, 39, NOW(), NOW());
INSERT INTO game_category (game_id, category_id, created_at, updated_at) VALUES (27, 24, NOW(), NOW());
INSERT INTO game_category (game_id, category_id, created_at, updated_at) VALUES (27, 7, NOW(), NOW());
INSERT INTO game_category (game_id, category_id, created_at, updated_at) VALUES (27, 26, NOW(), NOW());
INSERT INTO game_category (game_id, category_id, created_at, updated_at) VALUES (27, 20, NOW(), NOW());
INSERT INTO game_category (game_id, category_id, created_at, updated_at) VALUES (27, 10, NOW(), NOW());
INSERT INTO game_category (game_id, category_id, created_at, updated_at) VALUES (27, 41, NOW(), NOW());
INSERT INTO game_category (game_id, category_id, created_at, updated_at) VALUES (27, 13, NOW(), NOW());
INSERT INTO game_category (game_id, category_id, created_at, updated_at) VALUES (27, 45, NOW(), NOW());
INSERT INTO game_category (game_id, category_id, created_at, updated_at) VALUES (27, 2, NOW(), NOW());
INSERT INTO game_category (game_id, category_id, created_at, updated_at) VALUES (27, 3, NOW(), NOW());
INSERT INTO game_category (game_id, category_id, created_at, updated_at) VALUES (27, 8, NOW(), NOW());
INSERT INTO game_category (game_id, category_id, created_at, updated_at) VALUES (27, 11, NOW(), NOW());
INSERT INTO game_category (game_id, category_id, created_at, updated_at) VALUES (27, 1, NOW(), NOW());
INSERT INTO game_category (game_id, category_id, created_at, updated_at) VALUES (27, 29, NOW(), NOW());
INSERT INTO game_category (game_id, category_id, created_at, updated_at) VALUES (27, 35, NOW(), NOW());
INSERT INTO game_category (game_id, category_id, created_at, updated_at) VALUES (27, 49, NOW(), NOW());
INSERT INTO game_category (game_id, category_id, created_at, updated_at) VALUES (27, 50, NOW(), NOW());
INSERT INTO game_category (game_id, category_id, created_at, updated_at) VALUES (27, 51, NOW(), NOW());
INSERT INTO game_category (game_id, category_id, created_at, updated_at) VALUES (27, 42, NOW(), NOW());
INSERT INTO game_category (game_id, category_id, created_at, updated_at) VALUES (27, 33, NOW(), NOW());
INSERT INTO game_category (game_id, category_id, created_at, updated_at) VALUES (27, 31, NOW(), NOW());
INSERT INTO game_category (game_id, category_id, created_at, updated_at) VALUES (27, 12, NOW(), NOW());
INSERT INTO game_genre (game_id, genre_id, created_at, updated_at) VALUES (27, 2, NOW(), NOW());
INSERT INTO game_genre (game_id, genre_id, created_at, updated_at) VALUES (27, 14, NOW(), NOW());
INSERT INTO game_genre (game_id, genre_id, created_at, updated_at) VALUES (27, 18, NOW(), NOW());
INSERT INTO game_developer (game_id, developer_id, created_at, updated_at) VALUES (27, 58, NOW(), NOW());
INSERT INTO game_publisher (game_id, publisher_id, created_at, updated_at) VALUES (27, 46, NOW(), NOW());

-- Game #28: Geometry Dash
INSERT INTO games (id, steam_id, name, type, slug, short_description, required_age, is_free, have_dlc, icon, supported_languages, release_date, coming_soon, recommendations, achievements_count, positive_reviews, negative_reviews, total_reviews, positive_ratio, content_descriptors, is_active, created_at, updated_at) VALUES (28, 322170, 'Geometry Dash', 'game', 'geometry-dash', 'Jump and fly your way through danger in this rhythm-based action platformer!', 0, false, false, 'https://shared.akamai.steamstatic.com/store_item_assets/steam/apps/322170/header.jpg?t=1703006148', '[\"English\"]', '2014-12-22', false, 431556, 120, 243, 57, 300, 0.81, '{\"ids\":[],\"notes\":null}', true, NOW(), NOW());
INSERT INTO game_platforms (game_id, windows, mac, linux, created_at, updated_at) VALUES (28, true, true, false, NOW(), NOW());
INSERT INTO game_requirements (game_id, pc_requirements, mac_requirements, linux_requirements, created_at, updated_at) VALUES (28, 'Minimum: OS *: Windows XP Processor: 2.0+ GHz Memory: 512 MB RAM Graphics: OpenGL 2.0 support Storage: 100 MB available space', 'Minimum: OS: Mac OS X 10.7 Processor: 2.0+ GHz Memory: 512 MB RAM Graphics: OpenGL 2.0 support Storage: 100 MB available space', '', NOW(), NOW());
INSERT INTO game_community_ratings (game_id, toxicity_rate, cheater_rate, bug_rate, microtransaction_rate, bad_optimization_rate, not_recommended_rate, created_at, updated_at) VALUES (28, 0, 0, 0.033, 0.014, 0.046, 0.072, NOW(), NOW());
INSERT INTO game_media (game_id, media_id, name, thumbnail, webm, mp4, dash_av1, dash_h264, hls_h264, highlight, created_at, updated_at) VALUES (28, 2036304, 'Trailer', 'https://shared.akamai.steamstatic.com/store_item_assets/steam/apps/2036304/movie.293x165.jpg?t=1447366408', '{\"480\":\"https:\\/\\/video.akamai.steamstatic.com\\/store_trailers\\/2036304\\/movie480.webm?t=1447366408\",\"max\":\"https:\\/\\/video.akamai.steamstatic.com\\/store_trailers\\/2036304\\/movie_max.webm?t=1447366408\"}', '{\"480\":\"https:\\/\\/video.akamai.steamstatic.com\\/store_trailers\\/2036304\\/movie480.mp4?t=1447366408\",\"max\":\"https:\\/\\/video.akamai.steamstatic.com\\/store_trailers\\/2036304\\/movie_max.mp4?t=1447366408\"}', 'https://video.akamai.steamstatic.com/store_trailers/322170/29035/284ed61dccab2abafb237feefd9c67217532899a/1750507867/dash_av1.mpd?t=1447366408', 'https://video.akamai.steamstatic.com/store_trailers/322170/29035/284ed61dccab2abafb237feefd9c67217532899a/1750507867/dash_h264.mpd?t=1447366408', 'https://video.akamai.steamstatic.com/store_trailers/322170/29035/284ed61dccab2abafb237feefd9c67217532899a/1750507867/hls_264_master.m3u8?t=1447366408', true, NOW(), NOW());
INSERT INTO game_category (game_id, category_id, created_at, updated_at) VALUES (28, 39, NOW(), NOW());
INSERT INTO game_category (game_id, category_id, created_at, updated_at) VALUES (28, 41, NOW(), NOW());
INSERT INTO game_category (game_id, category_id, created_at, updated_at) VALUES (28, 45, NOW(), NOW());
INSERT INTO game_category (game_id, category_id, created_at, updated_at) VALUES (28, 28, NOW(), NOW());
INSERT INTO game_category (game_id, category_id, created_at, updated_at) VALUES (28, 18, NOW(), NOW());
INSERT INTO game_category (game_id, category_id, created_at, updated_at) VALUES (28, 32, NOW(), NOW());
INSERT INTO game_category (game_id, category_id, created_at, updated_at) VALUES (28, 34, NOW(), NOW());
INSERT INTO game_category (game_id, category_id, created_at, updated_at) VALUES (28, 12, NOW(), NOW());
INSERT INTO game_genre (game_id, genre_id, created_at, updated_at) VALUES (28, 1, NOW(), NOW());
INSERT INTO game_genre (game_id, genre_id, created_at, updated_at) VALUES (28, 11, NOW(), NOW());
INSERT INTO game_developer (game_id, developer_id, created_at, updated_at) VALUES (28, 85, NOW(), NOW());
INSERT INTO game_publisher (game_id, publisher_id, created_at, updated_at) VALUES (28, 66, NOW(), NOW());

-- Game #29: EA SPORTS FC™ 26
INSERT INTO games (id, steam_id, name, type, slug, short_description, required_age, is_free, have_dlc, icon, supported_languages, release_date, coming_soon, recommendations, achievements_count, positive_reviews, negative_reviews, total_reviews, positive_ratio, content_descriptors, is_active, created_at, updated_at) VALUES (29, 3405690, 'EA SPORTS FC™ 26', 'game', 'ea-sports-fc-26', 'The Club is Yours in EA SPORTS FC™ 26. Play your way with an overhauled gameplay experience powered by community feedback, Manager Live Challenges that bring fresh storylines to the new season, and Archetypes inspired by greats of the game.', 0, false, true, 'https://shared.akamai.steamstatic.com/store_item_assets/steam/apps/3405690/2d96aa1b06e453cd62dae9029d412f19e61932c3/header.jpg?t=1759332156', '[\"English *\",\"French *\",\"Italian *\",\"German *\",\"Spanish - Spain *\",\"Arabic *\",\"Dutch *\",\"Japanese *\",\"Korean *\",\"Polish *\",\"Portuguese - Brazil *\",\"Simplified Chinese *\",\"Spanish - Latin America *\",\"Turkish *\",\"Czech\",\"Danish\",\"Norwegian\",\"Portuguese - Portugal\",\"Russian\",\"Swedish\",\"Traditional Chinese * languages with full audio support\"]', '2025-09-25', false, 14240, 43, 35, 265, 300, 0.117, '{\"ids\":[],\"notes\":null}', true, NOW(), NOW());
INSERT INTO game_platforms (game_id, windows, mac, linux, created_at, updated_at) VALUES (29, true, false, false, NOW(), NOW());
INSERT INTO game_requirements (game_id, pc_requirements, mac_requirements, linux_requirements, created_at, updated_at) VALUES (29, 'Minimum: Requires a 64-bit processor and operating system OS: Windows 10/11 - 64-Bit (Latest Update). Processor: AMD Ryzen 5 1600 or Intel Core i5 6600k Memory: 8 GB RAM Graphics: AMD RX 570 or Nvidia GTX 1050 Ti DirectX: Version 12 Network: Broadband Internet connection Storage: 100 GB available space Sound Card: DirectX: 12 Compatible video card or equivalent (feature level 12_0)', 'Minimum:', 'Minimum:', NOW(), NOW());
INSERT INTO game_community_ratings (game_id, toxicity_rate, cheater_rate, bug_rate, microtransaction_rate, bad_optimization_rate, not_recommended_rate, created_at, updated_at) VALUES (29, 0.145, 0.191, 0.28, 0.115, 0.353, 0.406, NOW(), NOW());
INSERT INTO game_media (game_id, media_id, name, thumbnail, webm, mp4, dash_av1, dash_h264, hls_h264, highlight, created_at, updated_at) VALUES (29, 257194796, 'EA SPORTS FC™ 26 | Official Reveal Trailer', 'https://shared.akamai.steamstatic.com/store_item_assets/steam/apps/257194796/34d3f4af610e407a8e6a55afba81fdb281cc940e/movie_600x337.jpg?t=1758841183', '{\"480\":\"https:\\/\\/video.akamai.steamstatic.com\\/store_trailers\\/257194796\\/movie480_vp9.webm?t=1758841183\",\"max\":\"https:\\/\\/video.akamai.steamstatic.com\\/store_trailers\\/257194796\\/movie_max_vp9.webm?t=1758841183\"}', '{\"480\":\"https:\\/\\/video.akamai.steamstatic.com\\/store_trailers\\/257194796\\/movie480.mp4?t=1758841183\",\"max\":\"https:\\/\\/video.akamai.steamstatic.com\\/store_trailers\\/257194796\\/movie_max.mp4?t=1758841183\"}', 'https://video.akamai.steamstatic.com/store_trailers/3405690/237661147/3bb5c19649877457ec2f75c9fd2c2909189d80d3/1757381480/dash_av1.mpd?t=1758841183', 'https://video.akamai.steamstatic.com/store_trailers/3405690/237661147/3bb5c19649877457ec2f75c9fd2c2909189d80d3/1757381480/dash_h264.mpd?t=1758841183', 'https://video.akamai.steamstatic.com/store_trailers/3405690/237661147/3bb5c19649877457ec2f75c9fd2c2909189d80d3/1757381480/hls_264_master.m3u8?t=1758841183', true, NOW(), NOW());
INSERT INTO game_media (game_id, media_id, name, thumbnail, webm, mp4, dash_av1, dash_h264, hls_h264, highlight, created_at, updated_at) VALUES (29, 257209653, 'EA SPORTS FC 26 Official Launch Trailer | The Club is Yours', 'https://shared.akamai.steamstatic.com/store_item_assets/steam/apps/257209653/965a47d6c72f2261acb5547bf4c6e190eada561b/movie_600x337.jpg?t=1759272928', '{\"480\":\"https:\\/\\/video.akamai.steamstatic.com\\/store_trailers\\/257209653\\/movie480.webm?t=1759272928\",\"max\":\"https:\\/\\/video.akamai.steamstatic.com\\/store_trailers\\/257209653\\/movie_max.webm?t=1759272928\"}', '{\"480\":\"https:\\/\\/video.akamai.steamstatic.com\\/store_trailers\\/257209653\\/movie480.mp4?t=1759272928\",\"max\":\"https:\\/\\/video.akamai.steamstatic.com\\/store_trailers\\/257209653\\/movie_max.mp4?t=1759272928\"}', 'https://video.akamai.steamstatic.com/store_trailers/3405690/1511561457/f41eb818b7851cfc72dce9043ff16b7251bc9ab4/1759270894/dash_av1.mpd?t=1759272928', 'https://video.akamai.steamstatic.com/store_trailers/3405690/1511561457/f41eb818b7851cfc72dce9043ff16b7251bc9ab4/1759270894/dash_h264.mpd?t=1759272928', 'https://video.akamai.steamstatic.com/store_trailers/3405690/1511561457/f41eb818b7851cfc72dce9043ff16b7251bc9ab4/1759270894/hls_264_master.m3u8?t=1759272928', true, NOW(), NOW());
INSERT INTO game_category (game_id, category_id, created_at, updated_at) VALUES (29, 39, NOW(), NOW());
INSERT INTO game_category (game_id, category_id, created_at, updated_at) VALUES (29, 24, NOW(), NOW());
INSERT INTO game_category (game_id, category_id, created_at, updated_at) VALUES (29, 30, NOW(), NOW());
INSERT INTO game_category (game_id, category_id, created_at, updated_at) VALUES (29, 27, NOW(), NOW());
INSERT INTO game_category (game_id, category_id, created_at, updated_at) VALUES (29, 38, NOW(), NOW());
INSERT INTO game_category (game_id, category_id, created_at, updated_at) VALUES (29, 7, NOW(), NOW());
INSERT INTO game_category (game_id, category_id, created_at, updated_at) VALUES (29, 26, NOW(), NOW());
INSERT INTO game_category (game_id, category_id, created_at, updated_at) VALUES (29, 37, NOW(), NOW());
INSERT INTO game_category (game_id, category_id, created_at, updated_at) VALUES (29, 36, NOW(), NOW());
INSERT INTO game_category (game_id, category_id, created_at, updated_at) VALUES (29, 10, NOW(), NOW());
INSERT INTO game_category (game_id, category_id, created_at, updated_at) VALUES (29, 41, NOW(), NOW());
INSERT INTO game_category (game_id, category_id, created_at, updated_at) VALUES (29, 13, NOW(), NOW());
INSERT INTO game_category (game_id, category_id, created_at, updated_at) VALUES (29, 16, NOW(), NOW());
INSERT INTO game_category (game_id, category_id, created_at, updated_at) VALUES (29, 5, NOW(), NOW());
INSERT INTO game_category (game_id, category_id, created_at, updated_at) VALUES (29, 1, NOW(), NOW());
INSERT INTO game_category (game_id, category_id, created_at, updated_at) VALUES (29, 19, NOW(), NOW());
INSERT INTO game_category (game_id, category_id, created_at, updated_at) VALUES (29, 49, NOW(), NOW());
INSERT INTO game_category (game_id, category_id, created_at, updated_at) VALUES (29, 50, NOW(), NOW());
INSERT INTO game_category (game_id, category_id, created_at, updated_at) VALUES (29, 15, NOW(), NOW());
INSERT INTO game_genre (game_id, genre_id, created_at, updated_at) VALUES (29, 16, NOW(), NOW());
INSERT INTO game_genre (game_id, genre_id, created_at, updated_at) VALUES (29, 17, NOW(), NOW());
INSERT INTO game_developer (game_id, developer_id, created_at, updated_at) VALUES (29, 31, NOW(), NOW());
INSERT INTO game_developer (game_id, developer_id, created_at, updated_at) VALUES (29, 32, NOW(), NOW());
INSERT INTO game_publisher (game_id, publisher_id, created_at, updated_at) VALUES (29, 26, NOW(), NOW());

-- Game #30: Limbus Company
INSERT INTO games (id, steam_id, name, type, slug, short_description, required_age, is_free, have_dlc, icon, supported_languages, release_date, coming_soon, recommendations, achievements_count, positive_reviews, negative_reviews, total_reviews, positive_ratio, content_descriptors, is_active, created_at, updated_at) VALUES (30, 1973530, 'Limbus Company', 'game', 'limbus-company', 'As the Executive Manager of Limbus Company, lead your group of twelve Sinners, venture into the buried facilities of Lobotomy Corporation, and lay claim on the Golden Boughs.', 0, true, false, 'https://shared.akamai.steamstatic.com/store_item_assets/steam/apps/1973530/header.jpg?t=1747619569', '[\"English\",\"Japanese\",\"Korean * * languages with full audio support\"]', '2023-02-26', false, 0, 0, 213, 87, 300, 0.71, '{\"ids\":[2,5],\"notes\":\"This game contains content that is not suitable for all ages or that may be inappropriate for use in the workplace: frequent violence or bloodshed, general adult content\"}', true, NOW(), NOW());
INSERT INTO game_platforms (game_id, windows, mac, linux, created_at, updated_at) VALUES (30, true, false, false, NOW(), NOW());
INSERT INTO game_requirements (game_id, pc_requirements, mac_requirements, linux_requirements, created_at, updated_at) VALUES (30, 'Minimum: Requires a 64-bit processor and operating system OS: Windows 10 Processor: Intel Core i5 Memory: 8 GB RAM Graphics: GeForce GT 1030 DirectX: Version 10 Storage: 10 GB available space', 'Minimum:', 'Minimum:', NOW(), NOW());
INSERT INTO game_community_ratings (game_id, toxicity_rate, cheater_rate, bug_rate, microtransaction_rate, bad_optimization_rate, not_recommended_rate, created_at, updated_at) VALUES (30, 0, 0, 0.02, 0.033, 0.032, 0.095, NOW(), NOW());
INSERT INTO game_media (game_id, media_id, name, thumbnail, webm, mp4, dash_av1, dash_h264, hls_h264, highlight, created_at, updated_at) VALUES (30, 257141400, 'limbus_chapter_8', 'https://shared.akamai.steamstatic.com/store_item_assets/steam/apps/257141400/273b023ad522db619bb5347074211afd64104aaf/movie_600x337.jpg?t=1747619567', '{\"480\":\"https:\\/\\/video.akamai.steamstatic.com\\/store_trailers\\/257141400\\/movie480_vp9.webm?t=1747619567\",\"max\":\"https:\\/\\/video.akamai.steamstatic.com\\/store_trailers\\/257141400\\/movie_max_vp9.webm?t=1747619567\"}', '{\"480\":\"https:\\/\\/video.akamai.steamstatic.com\\/store_trailers\\/257141400\\/movie480.mp4?t=1747619567\",\"max\":\"https:\\/\\/video.akamai.steamstatic.com\\/store_trailers\\/257141400\\/movie_max.mp4?t=1747619567\"}', 'https://video.akamai.steamstatic.com/store_trailers/1973530/291072014/18d89d2039b5f205f8f45e5aba9924d413813f33/1750743348/dash_av1.mpd?t=1747619567', 'https://video.akamai.steamstatic.com/store_trailers/1973530/291072014/18d89d2039b5f205f8f45e5aba9924d413813f33/1750743348/dash_h264.mpd?t=1747619567', 'https://video.akamai.steamstatic.com/store_trailers/1973530/291072014/18d89d2039b5f205f8f45e5aba9924d413813f33/1750743348/hls_264_master.m3u8?t=1747619567', true, NOW(), NOW());
INSERT INTO game_media (game_id, media_id, name, thumbnail, webm, mp4, dash_av1, dash_h264, hls_h264, highlight, created_at, updated_at) VALUES (30, 257063548, 'limbus_chapter_7', 'https://shared.akamai.steamstatic.com/store_item_assets/steam/apps/257063548/b658d5c92d4d2516222acf10a44aaad674722bfb/movie_600x337.jpg?t=1728529308', '{\"480\":\"https:\\/\\/video.akamai.steamstatic.com\\/store_trailers\\/257063548\\/movie480_vp9.webm?t=1728529308\",\"max\":\"https:\\/\\/video.akamai.steamstatic.com\\/store_trailers\\/257063548\\/movie_max_vp9.webm?t=1728529308\"}', '{\"480\":\"https:\\/\\/video.akamai.steamstatic.com\\/store_trailers\\/257063548\\/movie480.mp4?t=1728529308\",\"max\":\"https:\\/\\/video.akamai.steamstatic.com\\/store_trailers\\/257063548\\/movie_max.mp4?t=1728529308\"}', 'https://video.akamai.steamstatic.com/store_trailers/1973530/769438/edb27c07946344430381af7e93b3e72b4dfe99c4/1750743342/dash_av1.mpd?t=1728529308', 'https://video.akamai.steamstatic.com/store_trailers/1973530/769438/edb27c07946344430381af7e93b3e72b4dfe99c4/1750743342/dash_h264.mpd?t=1728529308', 'https://video.akamai.steamstatic.com/store_trailers/1973530/769438/edb27c07946344430381af7e93b3e72b4dfe99c4/1750743342/hls_264_master.m3u8?t=1728529308', true, NOW(), NOW());
INSERT INTO game_media (game_id, media_id, name, thumbnail, webm, mp4, dash_av1, dash_h264, hls_h264, highlight, created_at, updated_at) VALUES (30, 256931329, 'limbus_main_trailer', 'https://shared.akamai.steamstatic.com/store_item_assets/steam/apps/256931329/movie.293x165.jpg?t=1728529324', '{\"480\":\"https:\\/\\/video.akamai.steamstatic.com\\/store_trailers\\/256931329\\/movie480_vp9.webm?t=1728529324\",\"max\":\"https:\\/\\/video.akamai.steamstatic.com\\/store_trailers\\/256931329\\/movie_max_vp9.webm?t=1728529324\"}', '{\"480\":\"https:\\/\\/video.akamai.steamstatic.com\\/store_trailers\\/256931329\\/movie480.mp4?t=1728529324\",\"max\":\"https:\\/\\/video.akamai.steamstatic.com\\/store_trailers\\/256931329\\/movie_max.mp4?t=1728529324\"}', 'https://video.akamai.steamstatic.com/store_trailers/1973530/540374/3b53284d033ca4c1b7e13f0894a62e3774bcaafe/1750743329/dash_av1.mpd?t=1728529324', 'https://video.akamai.steamstatic.com/store_trailers/1973530/540374/3b53284d033ca4c1b7e13f0894a62e3774bcaafe/1750743329/dash_h264.mpd?t=1728529324', 'https://video.akamai.steamstatic.com/store_trailers/1973530/540374/3b53284d033ca4c1b7e13f0894a62e3774bcaafe/1750743329/hls_264_master.m3u8?t=1728529324', true, NOW(), NOW());
INSERT INTO game_media (game_id, media_id, name, thumbnail, webm, mp4, dash_av1, dash_h264, hls_h264, highlight, created_at, updated_at) VALUES (30, 257010912, 'limbus_chapter_6', 'https://shared.akamai.steamstatic.com/store_item_assets/steam/apps/257010912/movie.293x165.jpg?t=1728529312', '{\"480\":\"https:\\/\\/video.akamai.steamstatic.com\\/store_trailers\\/257010912\\/movie480_vp9.webm?t=1728529312\",\"max\":\"https:\\/\\/video.akamai.steamstatic.com\\/store_trailers\\/257010912\\/movie_max_vp9.webm?t=1728529312\"}', '{\"480\":\"https:\\/\\/video.akamai.steamstatic.com\\/store_trailers\\/257010912\\/movie480.mp4?t=1728529312\",\"max\":\"https:\\/\\/video.akamai.steamstatic.com\\/store_trailers\\/257010912\\/movie_max.mp4?t=1728529312\"}', 'https://video.akamai.steamstatic.com/store_trailers/1973530/679131/f462015d200b19f491105bba4533dc78e161f0be/1750744343/dash_av1.mpd?t=1728529312', 'https://video.akamai.steamstatic.com/store_trailers/1973530/679131/f462015d200b19f491105bba4533dc78e161f0be/1750744343/dash_h264.mpd?t=1728529312', 'https://video.akamai.steamstatic.com/store_trailers/1973530/679131/f462015d200b19f491105bba4533dc78e161f0be/1750744343/hls_264_master.m3u8?t=1728529312', false, NOW(), NOW());
INSERT INTO game_media (game_id, media_id, name, thumbnail, webm, mp4, dash_av1, dash_h264, hls_h264, highlight, created_at, updated_at) VALUES (30, 256974020, 'limbus_chapter_5', 'https://shared.akamai.steamstatic.com/store_item_assets/steam/apps/256974020/movie.293x165.jpg?t=1728529316', '{\"480\":\"https:\\/\\/video.akamai.steamstatic.com\\/store_trailers\\/256974020\\/movie480_vp9.webm?t=1728529316\",\"max\":\"https:\\/\\/video.akamai.steamstatic.com\\/store_trailers\\/256974020\\/movie_max_vp9.webm?t=1728529316\"}', '{\"480\":\"https:\\/\\/video.akamai.steamstatic.com\\/store_trailers\\/256974020\\/movie480.mp4?t=1728529316\",\"max\":\"https:\\/\\/video.akamai.steamstatic.com\\/store_trailers\\/256974020\\/movie_max.mp4?t=1728529316\"}', 'https://video.akamai.steamstatic.com/store_trailers/1973530/615377/a7fec8eed9d5b1fbc03d6ea5cea3a5ea843b900e/1750743336/dash_av1.mpd?t=1728529316', 'https://video.akamai.steamstatic.com/store_trailers/1973530/615377/a7fec8eed9d5b1fbc03d6ea5cea3a5ea843b900e/1750743336/dash_h264.mpd?t=1728529316', 'https://video.akamai.steamstatic.com/store_trailers/1973530/615377/a7fec8eed9d5b1fbc03d6ea5cea3a5ea843b900e/1750743336/hls_264_master.m3u8?t=1728529316', false, NOW(), NOW());
INSERT INTO game_media (game_id, media_id, name, thumbnail, webm, mp4, dash_av1, dash_h264, hls_h264, highlight, created_at, updated_at) VALUES (30, 256949162, 'limbus_chapter_4', 'https://shared.akamai.steamstatic.com/store_item_assets/steam/apps/256949162/movie.293x165.jpg?t=1728529320', '{\"480\":\"https:\\/\\/video.akamai.steamstatic.com\\/store_trailers\\/256949162\\/movie480_vp9.webm?t=1728529320\",\"max\":\"https:\\/\\/video.akamai.steamstatic.com\\/store_trailers\\/256949162\\/movie_max_vp9.webm?t=1728529320\"}', '{\"480\":\"https:\\/\\/video.akamai.steamstatic.com\\/store_trailers\\/256949162\\/movie480.mp4?t=1728529320\",\"max\":\"https:\\/\\/video.akamai.steamstatic.com\\/store_trailers\\/256949162\\/movie_max.mp4?t=1728529320\"}', 'https://video.akamai.steamstatic.com/store_trailers/1973530/571861/fd441c319109c515dd982eca97ab2ec8d82c5d8a/1750743334/dash_av1.mpd?t=1728529320', 'https://video.akamai.steamstatic.com/store_trailers/1973530/571861/fd441c319109c515dd982eca97ab2ec8d82c5d8a/1750743334/dash_h264.mpd?t=1728529320', 'https://video.akamai.steamstatic.com/store_trailers/1973530/571861/fd441c319109c515dd982eca97ab2ec8d82c5d8a/1750743334/hls_264_master.m3u8?t=1728529320', false, NOW(), NOW());
INSERT INTO game_media (game_id, media_id, name, thumbnail, webm, mp4, dash_av1, dash_h264, hls_h264, highlight, created_at, updated_at) VALUES (30, 256931885, 'limbus_battle_1_trailer', 'https://shared.akamai.steamstatic.com/store_item_assets/steam/apps/256931885/movie.293x165.jpg?t=1676999501', '{\"480\":\"https:\\/\\/video.akamai.steamstatic.com\\/store_trailers\\/256931885\\/movie480_vp9.webm?t=1676999501\",\"max\":\"https:\\/\\/video.akamai.steamstatic.com\\/store_trailers\\/256931885\\/movie_max_vp9.webm?t=1676999501\"}', '{\"480\":\"https:\\/\\/video.akamai.steamstatic.com\\/store_trailers\\/256931885\\/movie480.mp4?t=1676999501\",\"max\":\"https:\\/\\/video.akamai.steamstatic.com\\/store_trailers\\/256931885\\/movie_max.mp4?t=1676999501\"}', 'https://video.akamai.steamstatic.com/store_trailers/1973530/541290/1550b944aa772ca92e7a0c25d48631281520e634/1750743331/dash_av1.mpd?t=1676999501', 'https://video.akamai.steamstatic.com/store_trailers/1973530/541290/1550b944aa772ca92e7a0c25d48631281520e634/1750743331/dash_h264.mpd?t=1676999501', 'https://video.akamai.steamstatic.com/store_trailers/1973530/541290/1550b944aa772ca92e7a0c25d48631281520e634/1750743331/hls_264_master.m3u8?t=1676999501', false, NOW(), NOW());
INSERT INTO game_media (game_id, media_id, name, thumbnail, webm, mp4, dash_av1, dash_h264, hls_h264, highlight, created_at, updated_at) VALUES (30, 256931888, 'limbus_battle_2_trailer', 'https://shared.akamai.steamstatic.com/store_item_assets/steam/apps/256931888/movie.293x165.jpg?t=1676999496', '{\"480\":\"https:\\/\\/video.akamai.steamstatic.com\\/store_trailers\\/256931888\\/movie480_vp9.webm?t=1676999496\",\"max\":\"https:\\/\\/video.akamai.steamstatic.com\\/store_trailers\\/256931888\\/movie_max_vp9.webm?t=1676999496\"}', '{\"480\":\"https:\\/\\/video.akamai.steamstatic.com\\/store_trailers\\/256931888\\/movie480.mp4?t=1676999496\",\"max\":\"https:\\/\\/video.akamai.steamstatic.com\\/store_trailers\\/256931888\\/movie_max.mp4?t=1676999496\"}', 'https://video.akamai.steamstatic.com/store_trailers/1973530/541294/5d58740b1f13cd807f1c03306811589c71f44e8b/1750743332/dash_av1.mpd?t=1676999496', 'https://video.akamai.steamstatic.com/store_trailers/1973530/541294/5d58740b1f13cd807f1c03306811589c71f44e8b/1750743332/dash_h264.mpd?t=1676999496', 'https://video.akamai.steamstatic.com/store_trailers/1973530/541294/5d58740b1f13cd807f1c03306811589c71f44e8b/1750743332/hls_264_master.m3u8?t=1676999496', false, NOW(), NOW());
INSERT INTO game_category (game_id, category_id, created_at, updated_at) VALUES (30, 39, NOW(), NOW());
INSERT INTO game_category (game_id, category_id, created_at, updated_at) VALUES (30, 16, NOW(), NOW());
INSERT INTO game_genre (game_id, genre_id, created_at, updated_at) VALUES (30, 1, NOW(), NOW());
INSERT INTO game_genre (game_id, genre_id, created_at, updated_at) VALUES (30, 14, NOW(), NOW());
INSERT INTO game_genre (game_id, genre_id, created_at, updated_at) VALUES (30, 18, NOW(), NOW());
INSERT INTO game_developer (game_id, developer_id, created_at, updated_at) VALUES (30, 77, NOW(), NOW());
INSERT INTO game_publisher (game_id, publisher_id, created_at, updated_at) VALUES (30, 61, NOW(), NOW());

-- Game #31: Left 4 Dead 2
INSERT INTO games (id, steam_id, name, type, slug, short_description, required_age, is_free, have_dlc, icon, supported_languages, release_date, coming_soon, recommendations, achievements_count, positive_reviews, negative_reviews, total_reviews, positive_ratio, content_descriptors, is_active, created_at, updated_at) VALUES (31, 550, 'Left 4 Dead 2', 'game', 'left-4-dead-2', 'Set in the zombie apocalypse, Left 4 Dead 2 (L4D2) is the highly anticipated sequel to the award-winning Left 4 Dead, the #1 co-op game of 2008. This co-operative action horror FPS takes you and your friends through the cities, swamps and cemeteries of the Deep South, from Savannah to New Orleans across five expansive campaigns.', 0, false, false, 'https://shared.akamai.steamstatic.com/store_item_assets/steam/apps/550/header.jpg?t=1745368562', '[\"Danish\",\"Dutch\",\"English *\",\"Finnish\",\"French *\",\"German *\",\"Italian\",\"Japanese\",\"Korean\",\"Norwegian\",\"Polish\",\"Portuguese - Portugal\",\"Russian *\",\"Simplified Chinese\",\"Spanish - Spain *\",\"Swedish\",\"Traditional Chinese\",\"Hungarian\",\"Turkish\",\"Bulgarian\",\"Czech\",\"Greek\",\"Portuguese - Brazil\",\"Romanian\",\"Spanish - Latin America\",\"Thai\",\"Ukrainian\",\"Vietnamese * languages with full audio support\"]', '2009-11-16', false, 760522, 101, 266, 34, 300, 0.887, '{\"ids\":[2,5],\"notes\":\"Left 4 Dead 2 features intense violence, blood and gore (including decapitation or dismemberment of zombie-like creatures) and some strong language.\"}', true, NOW(), NOW());
INSERT INTO game_platforms (game_id, windows, mac, linux, created_at, updated_at) VALUES (31, true, false, true, NOW(), NOW());
INSERT INTO game_requirements (game_id, pc_requirements, mac_requirements, linux_requirements, created_at, updated_at) VALUES (31, 'Minimum: OS *: Windows® 7 32/64-bit / Vista 32/64 / XP Processor: Pentium 4 3.0GHz Memory: 2 GB RAM Graphics: Video card with 128 MB, Shader model 2.0. ATI X800, NVidia 6600 or better DirectX: Version 9.0c Storage: 13 GB available space Sound Card: DirectX 9.0c compatible sound card', 'Minimum: OS: MacOS 10.7 Processor: Dual core Intel processor, 2GHz or better Memory: 2 GB RAM Graphics: ATI Radeon 2400 or higher / NVIDIA 8600M or higher / Intel HD Graphics 3000 Storage: 13 GB available space Additional Notes: Not supported: OS X 10.5.x, ATI X1600 or X1900 graphics, NVIDIA GeForce 7 graphics or Intel graphics less than Intel HD 3000.', 'Minimum: OS: Ubuntu 12.04 Processor: Dual core from Intel or AMD at 2.8 GHz Memory: 2 GB RAM Graphics: nVidia GeForce 8600/9600GT, ATI/AMD Radeon HD2600/3600 (Graphic Drivers: nVidia 310, AMD 12.11), OpenGL 2.1 Storage: 13 GB available space Sound Card: OpenAL Compatible Sound Card', NOW(), NOW());
INSERT INTO game_community_ratings (game_id, toxicity_rate, cheater_rate, bug_rate, microtransaction_rate, bad_optimization_rate, not_recommended_rate, created_at, updated_at) VALUES (31, 0.097, 0.073, 0.016, 0.009, 0.018, 0.049, NOW(), NOW());
INSERT INTO game_media (game_id, media_id, name, thumbnail, webm, mp4, dash_av1, dash_h264, hls_h264, highlight, created_at, updated_at) VALUES (31, 5952, 'Left 4 Dead - The Sacrifice Trailer', 'https://shared.akamai.steamstatic.com/store_item_assets/steam/apps/5952/movie.293x165.jpg?t=1682697457', '{\"480\":\"https:\\/\\/video.akamai.steamstatic.com\\/store_trailers\\/5952\\/movie480.webm?t=1682697457\",\"max\":\"https:\\/\\/video.akamai.steamstatic.com\\/store_trailers\\/5952\\/movie_max.webm?t=1682697457\"}', '{\"480\":\"https:\\/\\/video.akamai.steamstatic.com\\/store_trailers\\/5952\\/movie480.mp4?t=1682697457\",\"max\":\"https:\\/\\/video.akamai.steamstatic.com\\/store_trailers\\/5952\\/movie_max.mp4?t=1682697457\"}', 'https://video.akamai.steamstatic.com/store_trailers/550/4183/7fdfab73a52d6b4e69a693f77c66620c53086cbd/1749861554/dash_av1.mpd?t=1682697457', 'https://video.akamai.steamstatic.com/store_trailers/550/4183/7fdfab73a52d6b4e69a693f77c66620c53086cbd/1749861554/dash_h264.mpd?t=1682697457', 'https://video.akamai.steamstatic.com/store_trailers/550/4183/7fdfab73a52d6b4e69a693f77c66620c53086cbd/1749861554/hls_264_master.m3u8?t=1682697457', false, NOW(), NOW());
INSERT INTO game_media (game_id, media_id, name, thumbnail, webm, mp4, dash_av1, dash_h264, hls_h264, highlight, created_at, updated_at) VALUES (31, 5489, 'Left 4 Dead 2 - TV Spot 2', 'https://shared.akamai.steamstatic.com/store_item_assets/steam/apps/5489/movie.jpg?t=1447352698', '{\"480\":\"https:\\/\\/video.akamai.steamstatic.com\\/store_trailers\\/5489\\/movie480.webm?t=1447352698\",\"max\":\"https:\\/\\/video.akamai.steamstatic.com\\/store_trailers\\/5489\\/movie_max.webm?t=1447352698\"}', '{\"480\":\"https:\\/\\/video.akamai.steamstatic.com\\/store_trailers\\/5489\\/movie480.mp4?t=1447352698\",\"max\":\"https:\\/\\/video.akamai.steamstatic.com\\/store_trailers\\/5489\\/movie_max.mp4?t=1447352698\"}', 'https://video.akamai.steamstatic.com/store_trailers/550/2835/ca3dc2781658e9eaa5129781204f7b126f04ecf7/1749861554/dash_av1.mpd?t=1447352698', 'https://video.akamai.steamstatic.com/store_trailers/550/2835/ca3dc2781658e9eaa5129781204f7b126f04ecf7/1749861554/dash_h264.mpd?t=1447352698', 'https://video.akamai.steamstatic.com/store_trailers/550/2835/ca3dc2781658e9eaa5129781204f7b126f04ecf7/1749861554/hls_264_master.m3u8?t=1447352698', false, NOW(), NOW());
INSERT INTO game_media (game_id, media_id, name, thumbnail, webm, mp4, dash_av1, dash_h264, hls_h264, highlight, created_at, updated_at) VALUES (31, 5268, 'Left 4 Dead 2 Teaser', 'https://shared.akamai.steamstatic.com/store_item_assets/steam/apps/5268/movie.jpg?t=1447352170', '{\"480\":\"https:\\/\\/video.akamai.steamstatic.com\\/store_trailers\\/5268\\/movie480.webm?t=1447352170\",\"max\":\"https:\\/\\/video.akamai.steamstatic.com\\/store_trailers\\/5268\\/movie_max.webm?t=1447352170\"}', '{\"480\":\"https:\\/\\/video.akamai.steamstatic.com\\/store_trailers\\/5268\\/movie480.mp4?t=1447352170\",\"max\":\"https:\\/\\/video.akamai.steamstatic.com\\/store_trailers\\/5268\\/movie_max.mp4?t=1447352170\"}', 'https://video.akamai.steamstatic.com/store_trailers/550/2063/5a66ec1afd41bc64a8a84354bd9755acdb83b75e/1750107723/dash_av1.mpd?t=1447352170', 'https://video.akamai.steamstatic.com/store_trailers/550/2063/5a66ec1afd41bc64a8a84354bd9755acdb83b75e/1750107723/dash_h264.mpd?t=1447352170', 'https://video.akamai.steamstatic.com/store_trailers/550/2063/5a66ec1afd41bc64a8a84354bd9755acdb83b75e/1750107723/hls_264_master.m3u8?t=1447352170', false, NOW(), NOW());
INSERT INTO game_category (game_id, category_id, created_at, updated_at) VALUES (31, 39, NOW(), NOW());
INSERT INTO game_category (game_id, category_id, created_at, updated_at) VALUES (31, 24, NOW(), NOW());
INSERT INTO game_category (game_id, category_id, created_at, updated_at) VALUES (31, 30, NOW(), NOW());
INSERT INTO game_category (game_id, category_id, created_at, updated_at) VALUES (31, 27, NOW(), NOW());
INSERT INTO game_category (game_id, category_id, created_at, updated_at) VALUES (31, 7, NOW(), NOW());
INSERT INTO game_category (game_id, category_id, created_at, updated_at) VALUES (31, 26, NOW(), NOW());
INSERT INTO game_category (game_id, category_id, created_at, updated_at) VALUES (31, 41, NOW(), NOW());
INSERT INTO game_category (game_id, category_id, created_at, updated_at) VALUES (31, 13, NOW(), NOW());
INSERT INTO game_category (game_id, category_id, created_at, updated_at) VALUES (31, 45, NOW(), NOW());
INSERT INTO game_category (game_id, category_id, created_at, updated_at) VALUES (31, 4, NOW(), NOW());
INSERT INTO game_category (game_id, category_id, created_at, updated_at) VALUES (31, 47, NOW(), NOW());
INSERT INTO game_category (game_id, category_id, created_at, updated_at) VALUES (31, 3, NOW(), NOW());
INSERT INTO game_category (game_id, category_id, created_at, updated_at) VALUES (31, 8, NOW(), NOW());
INSERT INTO game_category (game_id, category_id, created_at, updated_at) VALUES (31, 11, NOW(), NOW());
INSERT INTO game_category (game_id, category_id, created_at, updated_at) VALUES (31, 1, NOW(), NOW());
INSERT INTO game_category (game_id, category_id, created_at, updated_at) VALUES (31, 29, NOW(), NOW());
INSERT INTO game_category (game_id, category_id, created_at, updated_at) VALUES (31, 49, NOW(), NOW());
INSERT INTO game_category (game_id, category_id, created_at, updated_at) VALUES (31, 51, NOW(), NOW());
INSERT INTO game_category (game_id, category_id, created_at, updated_at) VALUES (31, 42, NOW(), NOW());
INSERT INTO game_category (game_id, category_id, created_at, updated_at) VALUES (31, 54, NOW(), NOW());
INSERT INTO game_category (game_id, category_id, created_at, updated_at) VALUES (31, 40, NOW(), NOW());
INSERT INTO game_category (game_id, category_id, created_at, updated_at) VALUES (31, 17, NOW(), NOW());
INSERT INTO game_category (game_id, category_id, created_at, updated_at) VALUES (31, 9, NOW(), NOW());
INSERT INTO game_category (game_id, category_id, created_at, updated_at) VALUES (31, 32, NOW(), NOW());
INSERT INTO game_category (game_id, category_id, created_at, updated_at) VALUES (31, 34, NOW(), NOW());
INSERT INTO game_category (game_id, category_id, created_at, updated_at) VALUES (31, 33, NOW(), NOW());
INSERT INTO game_category (game_id, category_id, created_at, updated_at) VALUES (31, 31, NOW(), NOW());
INSERT INTO game_category (game_id, category_id, created_at, updated_at) VALUES (31, 12, NOW(), NOW());
INSERT INTO game_category (game_id, category_id, created_at, updated_at) VALUES (31, 44, NOW(), NOW());
INSERT INTO game_genre (game_id, genre_id, created_at, updated_at) VALUES (31, 1, NOW(), NOW());
INSERT INTO game_developer (game_id, developer_id, created_at, updated_at) VALUES (31, 107, NOW(), NOW());
INSERT INTO game_publisher (game_id, publisher_id, created_at, updated_at) VALUES (31, 82, NOW(), NOW());

-- Game #32: Overwatch® 2
INSERT INTO games (id, steam_id, name, type, slug, short_description, required_age, is_free, have_dlc, icon, supported_languages, release_date, coming_soon, recommendations, achievements_count, positive_reviews, negative_reviews, total_reviews, positive_ratio, content_descriptors, is_active, created_at, updated_at) VALUES (32, 2357570, 'Overwatch® 2', 'game', 'overwatch-2', 'Overwatch 2 is a critically acclaimed, team-based shooter game set in an optimistic future with an evolving roster of heroes. Team up with friends and jump in today.', 0, true, true, 'https://shared.akamai.steamstatic.com/store_item_assets/steam/apps/2357570/087a8e54a6fa8cd090cf4d40316938d4791b4440/header_alt_assets_17.jpg?t=1760744539', '[\"English *\",\"French *\",\"Italian *\",\"German *\",\"Spanish - Spain *\",\"Japanese *\",\"Korean *\",\"Polish *\",\"Portuguese - Brazil *\",\"Russian *\",\"Spanish - Latin America *\",\"Traditional Chinese *\",\"Simplified Chinese * * languages with full audio support\"]', '2023-08-10', false, 231, 164, 109, 191, 300, 0.363, '{\"ids\":[],\"notes\":null}', true, NOW(), NOW());
INSERT INTO game_platforms (game_id, windows, mac, linux, created_at, updated_at) VALUES (32, true, false, false, NOW(), NOW());
INSERT INTO game_requirements (game_id, pc_requirements, mac_requirements, linux_requirements, created_at, updated_at) VALUES (32, 'Minimum: Requires a 64-bit processor and operating system OS: Windows® 10 64-bit (latest Service Pack) Processor: Intel® Core™ i3 or AMD Phenom™ X3 8650 Memory: 6 GB RAM Graphics: NVIDIA® GeForce® GTX 600 series, AMD Radeon™ HD 7000 series DirectX: Version 11 Network: Broadband Internet connection Storage: 50 GB available space', 'Minimum:', 'Minimum:', NOW(), NOW());
INSERT INTO game_community_ratings (game_id, toxicity_rate, cheater_rate, bug_rate, microtransaction_rate, bad_optimization_rate, not_recommended_rate, created_at, updated_at) VALUES (32, 0.186, 0.114, 0.054, 0.068, 0.079, 0.198, NOW(), NOW());
INSERT INTO game_media (game_id, media_id, name, thumbnail, webm, mp4, dash_av1, dash_h264, hls_h264, highlight, created_at, updated_at) VALUES (32, 257217431, 'Season 19 Launch Trailer', 'https://shared.akamai.steamstatic.com/store_item_assets/steam/apps/257217431/7649719ad433d48e81f6729d7cc76c6542f7e6fe/movie_600x337.jpg?t=1760464735', '{\"480\":\"https:\\/\\/video.akamai.steamstatic.com\\/store_trailers\\/257217431\\/movie480.webm?t=1760464735\",\"max\":\"https:\\/\\/video.akamai.steamstatic.com\\/store_trailers\\/257217431\\/movie_max.webm?t=1760464735\"}', '{\"480\":\"https:\\/\\/video.akamai.steamstatic.com\\/store_trailers\\/257217431\\/movie480.mp4?t=1760464735\",\"max\":\"https:\\/\\/video.akamai.steamstatic.com\\/store_trailers\\/257217431\\/movie_max.mp4?t=1760464735\"}', 'https://video.akamai.steamstatic.com/store_trailers/2357570/987227109/c06c89fec505b8b29abaaab4dc730edd2cd80c94/1760391828/dash_av1.mpd?t=1760464735', 'https://video.akamai.steamstatic.com/store_trailers/2357570/987227109/c06c89fec505b8b29abaaab4dc730edd2cd80c94/1760391828/dash_h264.mpd?t=1760464735', 'https://video.akamai.steamstatic.com/store_trailers/2357570/987227109/c06c89fec505b8b29abaaab4dc730edd2cd80c94/1760391828/hls_264_master.m3u8?t=1760464735', true, NOW(), NOW());
INSERT INTO game_media (game_id, media_id, name, thumbnail, webm, mp4, dash_av1, dash_h264, hls_h264, highlight, created_at, updated_at) VALUES (32, 257188804, 'Aqua Hero Trailer', 'https://shared.akamai.steamstatic.com/store_item_assets/steam/apps/257188804/8f7c1501b5aafc9320dc9b185b5b69c20235f62f/movie_600x337.jpg?t=1756231247', '{\"480\":\"https:\\/\\/video.akamai.steamstatic.com\\/store_trailers\\/257188804\\/movie480_vp9.webm?t=1756231247\",\"max\":\"https:\\/\\/video.akamai.steamstatic.com\\/store_trailers\\/257188804\\/movie_max_vp9.webm?t=1756231247\"}', '{\"480\":\"https:\\/\\/video.akamai.steamstatic.com\\/store_trailers\\/257188804\\/movie480.mp4?t=1756231247\",\"max\":\"https:\\/\\/video.akamai.steamstatic.com\\/store_trailers\\/257188804\\/movie_max.mp4?t=1756231247\"}', 'https://video.akamai.steamstatic.com/store_trailers/2357570/2069963556/305617bae5d35e4ea7ac1433a3d812ca6ad1879e/1756155715/dash_av1.mpd?t=1756231247', 'https://video.akamai.steamstatic.com/store_trailers/2357570/2069963556/305617bae5d35e4ea7ac1433a3d812ca6ad1879e/1756155715/dash_h264.mpd?t=1756231247', 'https://video.akamai.steamstatic.com/store_trailers/2357570/2069963556/305617bae5d35e4ea7ac1433a3d812ca6ad1879e/1756155715/hls_264_master.m3u8?t=1756231247', true, NOW(), NOW());
INSERT INTO game_media (game_id, media_id, name, thumbnail, webm, mp4, dash_av1, dash_h264, hls_h264, highlight, created_at, updated_at) VALUES (32, 257011581, 'Freja Hero Trailer', 'https://shared.akamai.steamstatic.com/store_item_assets/steam/apps/257011581/a31aa03b8efc89689a00b679305b0489cc56fbad/movie_600x337.jpg?t=1748894495', '{\"480\":\"https:\\/\\/video.akamai.steamstatic.com\\/store_trailers\\/257011581\\/movie480_vp9.webm?t=1748894495\",\"max\":\"https:\\/\\/video.akamai.steamstatic.com\\/store_trailers\\/257011581\\/movie_max_vp9.webm?t=1748894495\"}', '{\"480\":\"https:\\/\\/video.akamai.steamstatic.com\\/store_trailers\\/257011581\\/movie480.mp4?t=1748894495\",\"max\":\"https:\\/\\/video.akamai.steamstatic.com\\/store_trailers\\/257011581\\/movie_max.mp4?t=1748894495\"}', 'https://video.akamai.steamstatic.com/store_trailers/2357570/1391852/6473e68e2c35cbc8bd8f5b1ed408c2f22d004075/1750812793/dash_av1.mpd?t=1748894495', 'https://video.akamai.steamstatic.com/store_trailers/2357570/1391852/6473e68e2c35cbc8bd8f5b1ed408c2f22d004075/1750812793/dash_h264.mpd?t=1748894495', 'https://video.akamai.steamstatic.com/store_trailers/2357570/1391852/6473e68e2c35cbc8bd8f5b1ed408c2f22d004075/1750812793/hls_264_master.m3u8?t=1748894495', false, NOW(), NOW());
INSERT INTO game_media (game_id, media_id, name, thumbnail, webm, mp4, dash_av1, dash_h264, hls_h264, highlight, created_at, updated_at) VALUES (32, 256980013, 'Freja Gameplay', 'https://shared.akamai.steamstatic.com/store_item_assets/steam/apps/256980013/ef51d83f5f07098dadbaa1909a1f89079b7d9184/movie_600x337.jpg?t=1748894522', '{\"480\":\"https:\\/\\/video.akamai.steamstatic.com\\/store_trailers\\/256980013\\/movie480_vp9.webm?t=1748894522\",\"max\":\"https:\\/\\/video.akamai.steamstatic.com\\/store_trailers\\/256980013\\/movie_max_vp9.webm?t=1748894522\"}', '{\"480\":\"https:\\/\\/video.akamai.steamstatic.com\\/store_trailers\\/256980013\\/movie480.mp4?t=1748894522\",\"max\":\"https:\\/\\/video.akamai.steamstatic.com\\/store_trailers\\/256980013\\/movie_max.mp4?t=1748894522\"}', 'https://video.akamai.steamstatic.com/store_trailers/2357570/631401527/02b9e8470692b240a69da75c1a577a36fd3c6f49/1750812793/dash_av1.mpd?t=1748894522', 'https://video.akamai.steamstatic.com/store_trailers/2357570/631401527/02b9e8470692b240a69da75c1a577a36fd3c6f49/1750812793/dash_h264.mpd?t=1748894522', 'https://video.akamai.steamstatic.com/store_trailers/2357570/631401527/02b9e8470692b240a69da75c1a577a36fd3c6f49/1750812793/hls_264_master.m3u8?t=1748894522', false, NOW(), NOW());
INSERT INTO game_media (game_id, media_id, name, thumbnail, webm, mp4, dash_av1, dash_h264, hls_h264, highlight, created_at, updated_at) VALUES (32, 256980016, 'Hazard Hero', 'https://shared.akamai.steamstatic.com/store_item_assets/steam/apps/256980016/f1011302bdbf9e7f3a9f94b267b2cbfbfdaddf49/movie_600x337.jpg?t=1748894552', '{\"480\":\"https:\\/\\/video.akamai.steamstatic.com\\/store_trailers\\/256980016\\/movie480_vp9.webm?t=1748894552\",\"max\":\"https:\\/\\/video.akamai.steamstatic.com\\/store_trailers\\/256980016\\/movie_max_vp9.webm?t=1748894552\"}', '{\"480\":\"https:\\/\\/video.akamai.steamstatic.com\\/store_trailers\\/256980016\\/movie480.mp4?t=1748894552\",\"max\":\"https:\\/\\/video.akamai.steamstatic.com\\/store_trailers\\/256980016\\/movie_max.mp4?t=1748894552\"}', 'https://video.akamai.steamstatic.com/store_trailers/2357570/1731108196/4bbac756081e2e2a336dc797c570c9eb7a6d13d5/1750812793/dash_av1.mpd?t=1748894552', 'https://video.akamai.steamstatic.com/store_trailers/2357570/1731108196/4bbac756081e2e2a336dc797c570c9eb7a6d13d5/1750812793/dash_h264.mpd?t=1748894552', 'https://video.akamai.steamstatic.com/store_trailers/2357570/1731108196/4bbac756081e2e2a336dc797c570c9eb7a6d13d5/1750812793/hls_264_master.m3u8?t=1748894552', false, NOW(), NOW());
INSERT INTO game_category (game_id, category_id, created_at, updated_at) VALUES (32, 24, NOW(), NOW());
INSERT INTO game_category (game_id, category_id, created_at, updated_at) VALUES (32, 30, NOW(), NOW());
INSERT INTO game_category (game_id, category_id, created_at, updated_at) VALUES (32, 27, NOW(), NOW());
INSERT INTO game_category (game_id, category_id, created_at, updated_at) VALUES (32, 7, NOW(), NOW());
INSERT INTO game_category (game_id, category_id, created_at, updated_at) VALUES (32, 26, NOW(), NOW());
INSERT INTO game_category (game_id, category_id, created_at, updated_at) VALUES (32, 10, NOW(), NOW());
INSERT INTO game_category (game_id, category_id, created_at, updated_at) VALUES (32, 41, NOW(), NOW());
INSERT INTO game_category (game_id, category_id, created_at, updated_at) VALUES (32, 13, NOW(), NOW());
INSERT INTO game_category (game_id, category_id, created_at, updated_at) VALUES (32, 16, NOW(), NOW());
INSERT INTO game_genre (game_id, genre_id, created_at, updated_at) VALUES (32, 1, NOW(), NOW());
INSERT INTO game_genre (game_id, genre_id, created_at, updated_at) VALUES (32, 9, NOW(), NOW());
INSERT INTO game_developer (game_id, developer_id, created_at, updated_at) VALUES (32, 14, NOW(), NOW());
INSERT INTO game_publisher (game_id, publisher_id, created_at, updated_at) VALUES (32, 14, NOW(), NOW());

-- Game #33: Red Dead Redemption 2
INSERT INTO games (id, steam_id, name, type, slug, short_description, required_age, is_free, have_dlc, icon, supported_languages, release_date, coming_soon, recommendations, achievements_count, positive_reviews, negative_reviews, total_reviews, positive_ratio, content_descriptors, is_active, created_at, updated_at) VALUES (33, 1174180, 'Red Dead Redemption 2', 'game', 'red-dead-redemption-2', 'Arthur Morgan and the Van der Linde Gang are outlaws on the run. With federal agents and bounty hunters massing on their heels, the gang must rob, steal, and fight their way across the rugged heartland in order to survive.', 17, false, false, 'https://shared.akamai.steamstatic.com/store_item_assets/steam/apps/1174180/header.jpg?t=1759502961', '[\"English *\",\"French\",\"Italian\",\"German\",\"Spanish - Spain\",\"Japanese\",\"Korean\",\"Polish\",\"Russian\",\"Simplified Chinese\",\"Spanish - Latin America\",\"Traditional Chinese\",\"Portuguese - Brazil * languages with full audio support\"]', '2019-12-05', false, 731261, 51, 241, 59, 300, 0.803, '{\"ids\":[5],\"notes\":null}', true, NOW(), NOW());
INSERT INTO game_platforms (game_id, windows, mac, linux, created_at, updated_at) VALUES (33, true, false, false, NOW(), NOW());
INSERT INTO game_requirements (game_id, pc_requirements, mac_requirements, linux_requirements, created_at, updated_at) VALUES (33, 'Minimum: Requires a 64-bit processor and operating system OS: Windows 10 - 64-bit Processor: Intel® Core™ i5-2500K / AMD FX-6300 Memory: 8 GB RAM Graphics: Nvidia GeForce GTX 770 2GB / AMD Radeon R9 280 3GB Network: Broadband Internet connection Storage: 150 GB available space Sound Card: Direct X Compatible', 'Minimum:', 'Minimum:', NOW(), NOW());
INSERT INTO game_community_ratings (game_id, toxicity_rate, cheater_rate, bug_rate, microtransaction_rate, bad_optimization_rate, not_recommended_rate, created_at, updated_at) VALUES (33, 0.057, 0.075, 0.042, 0.013, 0.053, 0.068, NOW(), NOW());
INSERT INTO game_media (game_id, media_id, name, thumbnail, webm, mp4, dash_av1, dash_h264, hls_h264, highlight, created_at, updated_at) VALUES (33, 256767979, 'RDR2 Launch Trailer (US)', 'https://shared.akamai.steamstatic.com/store_item_assets/steam/apps/256767979/movie.293x165.jpg?t=1574881964', '{\"480\":\"https:\\/\\/video.akamai.steamstatic.com\\/store_trailers\\/256767979\\/movie480.webm?t=1574881964\",\"max\":\"https:\\/\\/video.akamai.steamstatic.com\\/store_trailers\\/256767979\\/movie_max.webm?t=1574881964\"}', '{\"480\":\"https:\\/\\/video.akamai.steamstatic.com\\/store_trailers\\/256767979\\/movie480.mp4?t=1574881964\",\"max\":\"https:\\/\\/video.akamai.steamstatic.com\\/store_trailers\\/256767979\\/movie_max.mp4?t=1574881964\"}', 'https://video.akamai.steamstatic.com/store_trailers/1174180/254050/b2cc520c692391e65f2d09067f95001dcf4b434d/1750634049/dash_av1.mpd?t=1574881964', 'https://video.akamai.steamstatic.com/store_trailers/1174180/254050/b2cc520c692391e65f2d09067f95001dcf4b434d/1750634049/dash_h264.mpd?t=1574881964', 'https://video.akamai.steamstatic.com/store_trailers/1174180/254050/b2cc520c692391e65f2d09067f95001dcf4b434d/1750634049/hls_264_master.m3u8?t=1574881964', true, NOW(), NOW());
INSERT INTO game_media (game_id, media_id, name, thumbnail, webm, mp4, dash_av1, dash_h264, hls_h264, highlight, created_at, updated_at) VALUES (33, 256767971, 'RDR2 60 FPS Trailer (US)', 'https://shared.akamai.steamstatic.com/store_item_assets/steam/apps/256767971/movie.293x165.jpg?t=1574881973', '{\"480\":\"https:\\/\\/video.akamai.steamstatic.com\\/store_trailers\\/256767971\\/movie480.webm?t=1574881973\",\"max\":\"https:\\/\\/video.akamai.steamstatic.com\\/store_trailers\\/256767971\\/movie_max.webm?t=1574881973\"}', '{\"480\":\"https:\\/\\/video.akamai.steamstatic.com\\/store_trailers\\/256767971\\/movie480.mp4?t=1574881973\",\"max\":\"https:\\/\\/video.akamai.steamstatic.com\\/store_trailers\\/256767971\\/movie_max.mp4?t=1574881973\"}', 'https://video.akamai.steamstatic.com/store_trailers/1174180/254038/f9d6239440402cbc2d1a8dac68da112c9c7f45a9/1750634048/dash_av1.mpd?t=1574881973', 'https://video.akamai.steamstatic.com/store_trailers/1174180/254038/f9d6239440402cbc2d1a8dac68da112c9c7f45a9/1750634048/dash_h264.mpd?t=1574881973', 'https://video.akamai.steamstatic.com/store_trailers/1174180/254038/f9d6239440402cbc2d1a8dac68da112c9c7f45a9/1750634048/hls_264_master.m3u8?t=1574881973', true, NOW(), NOW());
INSERT INTO game_category (game_id, category_id, created_at, updated_at) VALUES (33, 39, NOW(), NOW());
INSERT INTO game_category (game_id, category_id, created_at, updated_at) VALUES (33, 24, NOW(), NOW());
INSERT INTO game_category (game_id, category_id, created_at, updated_at) VALUES (33, 30, NOW(), NOW());
INSERT INTO game_category (game_id, category_id, created_at, updated_at) VALUES (33, 27, NOW(), NOW());
INSERT INTO game_category (game_id, category_id, created_at, updated_at) VALUES (33, 7, NOW(), NOW());
INSERT INTO game_category (game_id, category_id, created_at, updated_at) VALUES (33, 26, NOW(), NOW());
INSERT INTO game_category (game_id, category_id, created_at, updated_at) VALUES (33, 41, NOW(), NOW());
INSERT INTO game_category (game_id, category_id, created_at, updated_at) VALUES (33, 16, NOW(), NOW());
INSERT INTO game_category (game_id, category_id, created_at, updated_at) VALUES (33, 28, NOW(), NOW());
INSERT INTO game_category (game_id, category_id, created_at, updated_at) VALUES (33, 32, NOW(), NOW());
INSERT INTO game_category (game_id, category_id, created_at, updated_at) VALUES (33, 34, NOW(), NOW());
INSERT INTO game_genre (game_id, genre_id, created_at, updated_at) VALUES (33, 1, NOW(), NOW());
INSERT INTO game_genre (game_id, genre_id, created_at, updated_at) VALUES (33, 2, NOW(), NOW());
INSERT INTO game_developer (game_id, developer_id, created_at, updated_at) VALUES (33, 86, NOW(), NOW());
INSERT INTO game_publisher (game_id, publisher_id, created_at, updated_at) VALUES (33, 67, NOW(), NOW());

-- Game #34: VRChat
INSERT INTO games (id, steam_id, name, type, slug, short_description, required_age, is_free, have_dlc, icon, supported_languages, release_date, coming_soon, recommendations, achievements_count, positive_reviews, negative_reviews, total_reviews, positive_ratio, content_descriptors, is_active, created_at, updated_at) VALUES (34, 438100, 'VRChat', 'game', 'vrchat', 'Join our growing community as you explore, play, and help craft the future of social VR. Create worlds and custom avatars. Welcome to VRChat.', 0, true, false, 'https://shared.akamai.steamstatic.com/store_item_assets/steam/apps/438100/header.jpg?t=1761266400', '[\"English\",\"French\",\"Italian\",\"German\",\"Spanish - Spain\",\"Japanese\",\"Polish\",\"Portuguese - Brazil\",\"Russian\",\"Simplified Chinese\",\"Traditional Chinese\"]', '2017-02-01', false, 149, 0, 66, 234, 300, 0.22, '{\"ids\":[],\"notes\":null}', true, NOW(), NOW());
INSERT INTO game_platforms (game_id, windows, mac, linux, created_at, updated_at) VALUES (34, true, false, false, NOW(), NOW());
INSERT INTO game_requirements (game_id, pc_requirements, mac_requirements, linux_requirements, created_at, updated_at) VALUES (34, 'Minimum: Requires a 64-bit processor and operating system OS: Windows 10/11 Processor: Intel® i5-4590 / AMD FX 8350 equivalent or greater Memory: 4 GB RAM Graphics: NVIDIA GeForce® GTX 970 / AMD Radeon™ R9 290 equivalent or greater DirectX: Version 11 Network: Broadband Internet connection Storage: 1 GB available space VR Support: SteamVR', 'Minimum:', 'Minimum:', NOW(), NOW());
INSERT INTO game_community_ratings (game_id, toxicity_rate, cheater_rate, bug_rate, microtransaction_rate, bad_optimization_rate, not_recommended_rate, created_at, updated_at) VALUES (34, 0.225, 0.135, 0.037, 0.019, 0.04, 0.054, NOW(), NOW());
INSERT INTO game_media (game_id, media_id, name, thumbnail, webm, mp4, dash_av1, dash_h264, hls_h264, highlight, created_at, updated_at) VALUES (34, 256738338, 'VRChat: Create, Share, Play', 'https://shared.akamai.steamstatic.com/store_item_assets/steam/apps/256738338/2c25d8f4e2c0b7930e74ef9d5182eeff1a44e3a4/movie_600x337.jpg?t=1753401420', '{\"480\":\"https:\\/\\/video.akamai.steamstatic.com\\/store_trailers\\/256738338\\/movie480_vp9.webm?t=1753401420\",\"max\":\"https:\\/\\/video.akamai.steamstatic.com\\/store_trailers\\/256738338\\/movie_max_vp9.webm?t=1753401420\"}', '{\"480\":\"https:\\/\\/video.akamai.steamstatic.com\\/store_trailers\\/256738338\\/movie480.mp4?t=1753401420\",\"max\":\"https:\\/\\/video.akamai.steamstatic.com\\/store_trailers\\/256738338\\/movie_max.mp4?t=1753401420\"}', 'https://video.akamai.steamstatic.com/store_trailers/438100/857316145/968c80671784eef5aa58a1e0185982130f77d230/1753399782/dash_av1.mpd?t=1753401420', 'https://video.akamai.steamstatic.com/store_trailers/438100/857316145/968c80671784eef5aa58a1e0185982130f77d230/1753399782/dash_h264.mpd?t=1753401420', 'https://video.akamai.steamstatic.com/store_trailers/438100/857316145/968c80671784eef5aa58a1e0185982130f77d230/1753399782/hls_264_master.m3u8?t=1753401420', true, NOW(), NOW());
INSERT INTO game_media (game_id, media_id, name, thumbnail, webm, mp4, dash_av1, dash_h264, hls_h264, highlight, created_at, updated_at) VALUES (34, 257221918, 'VRChat: Spookality 2025', 'https://shared.akamai.steamstatic.com/store_item_assets/steam/apps/257221918/cddd06472a447d1fa383f1d9bd189e62b37cbbfe/movie_600x337.jpg?t=1761266400', '{\"480\":\"https:\\/\\/video.akamai.steamstatic.com\\/store_trailers\\/257221918\\/movie480.webm?t=1761266400\",\"max\":\"https:\\/\\/video.akamai.steamstatic.com\\/store_trailers\\/257221918\\/movie_max.webm?t=1761266400\"}', '{\"480\":\"https:\\/\\/video.akamai.steamstatic.com\\/store_trailers\\/257221918\\/movie480.mp4?t=1761266400\",\"max\":\"https:\\/\\/video.akamai.steamstatic.com\\/store_trailers\\/257221918\\/movie_max.mp4?t=1761266400\"}', 'https://video.akamai.steamstatic.com/store_trailers/438100/2137066857/ba425d63b57a232cfefebe7aa7b334ffdaaf3037/1761264470/dash_av1.mpd?t=1761266400', 'https://video.akamai.steamstatic.com/store_trailers/438100/2137066857/ba425d63b57a232cfefebe7aa7b334ffdaaf3037/1761264470/dash_h264.mpd?t=1761266400', 'https://video.akamai.steamstatic.com/store_trailers/438100/2137066857/ba425d63b57a232cfefebe7aa7b334ffdaaf3037/1761264470/hls_264_master.m3u8?t=1761266400', true, NOW(), NOW());
INSERT INTO game_category (game_id, category_id, created_at, updated_at) VALUES (34, 24, NOW(), NOW());
INSERT INTO game_category (game_id, category_id, created_at, updated_at) VALUES (34, 22, NOW(), NOW());
INSERT INTO game_category (game_id, category_id, created_at, updated_at) VALUES (34, 30, NOW(), NOW());
INSERT INTO game_category (game_id, category_id, created_at, updated_at) VALUES (34, 27, NOW(), NOW());
INSERT INTO game_category (game_id, category_id, created_at, updated_at) VALUES (34, 7, NOW(), NOW());
INSERT INTO game_category (game_id, category_id, created_at, updated_at) VALUES (34, 26, NOW(), NOW());
INSERT INTO game_category (game_id, category_id, created_at, updated_at) VALUES (34, 10, NOW(), NOW());
INSERT INTO game_category (game_id, category_id, created_at, updated_at) VALUES (34, 13, NOW(), NOW());
INSERT INTO game_category (game_id, category_id, created_at, updated_at) VALUES (34, 52, NOW(), NOW());
INSERT INTO game_category (game_id, category_id, created_at, updated_at) VALUES (34, 53, NOW(), NOW());
INSERT INTO game_category (game_id, category_id, created_at, updated_at) VALUES (34, 16, NOW(), NOW());
INSERT INTO game_genre (game_id, genre_id, created_at, updated_at) VALUES (34, 2, NOW(), NOW());
INSERT INTO game_genre (game_id, genre_id, created_at, updated_at) VALUES (34, 5, NOW(), NOW());
INSERT INTO game_genre (game_id, genre_id, created_at, updated_at) VALUES (34, 12, NOW(), NOW());
INSERT INTO game_genre (game_id, genre_id, created_at, updated_at) VALUES (34, 16, NOW(), NOW());
INSERT INTO game_genre (game_id, genre_id, created_at, updated_at) VALUES (34, 17, NOW(), NOW());
INSERT INTO game_genre (game_id, genre_id, created_at, updated_at) VALUES (34, 9, NOW(), NOW());
INSERT INTO game_genre (game_id, genre_id, created_at, updated_at) VALUES (34, 7, NOW(), NOW());
INSERT INTO game_developer (game_id, developer_id, created_at, updated_at) VALUES (34, 106, NOW(), NOW());
INSERT INTO game_publisher (game_id, publisher_id, created_at, updated_at) VALUES (34, 81, NOW(), NOW());

-- Game #35: skate.
INSERT INTO games (id, steam_id, name, type, slug, short_description, required_age, is_free, have_dlc, icon, supported_languages, release_date, coming_soon, recommendations, achievements_count, positive_reviews, negative_reviews, total_reviews, positive_ratio, content_descriptors, is_active, created_at, updated_at) VALUES (35, 3354750, 'skate.', 'game', 'skate', 'Experience improved Flick-It controls, the rich physics based skateboarding gameplay that provides those “only in skate.™“ moments and off-board exploration for full freedom in the online multiplayer world of San Vansterdam.', 0, true, true, 'https://shared.akamai.steamstatic.com/store_item_assets/steam/apps/3354750/79c5a87b61a396cc6e6b69e3a083727f175dea83/header.jpg?t=1761172849', '[\"English *\",\"French *\",\"Italian\",\"German *\",\"Spanish - Spain\",\"Japanese\",\"Korean\",\"Portuguese - Brazil\",\"Simplified Chinese\",\"Traditional Chinese * languages with full audio support\"]', '2025-09-16', false, 215, 21, 55, 225, 280, 0.196, '{\"ids\":[],\"notes\":null}', true, NOW(), NOW());
INSERT INTO game_platforms (game_id, windows, mac, linux, created_at, updated_at) VALUES (35, true, false, false, NOW(), NOW());
INSERT INTO game_requirements (game_id, pc_requirements, mac_requirements, linux_requirements, created_at, updated_at) VALUES (35, 'Minimum: Requires a 64-bit processor and operating system OS: Win 10 64 Bit, non-launch version Processor: Intel Core i5-6600k or AMD Ryzen 3 3100 Memory: 8 GB RAM Graphics: GeForce GTX 1050 Ti or Radeon RX 460 (4GB) DirectX: Version 12 Network: Broadband Internet connection Storage: 25 GB available space', 'Minimum:', 'Minimum:', NOW(), NOW());
INSERT INTO game_community_ratings (game_id, toxicity_rate, cheater_rate, bug_rate, microtransaction_rate, bad_optimization_rate, not_recommended_rate, created_at, updated_at) VALUES (35, 0.094, 0.125, 0.201, 0.079, 0.218, 0.366, NOW(), NOW());
INSERT INTO game_media (game_id, media_id, name, thumbnail, webm, mp4, dash_av1, dash_h264, hls_h264, highlight, created_at, updated_at) VALUES (35, 257219451, 'skate. | Early Access Season 1 Trailer', 'https://shared.akamai.steamstatic.com/store_item_assets/steam/apps/257219451/84a7fa49f560bdb1a5cb161ae87b6c5bb5b15b9e/movie_600x337.jpg?t=1760741161', '{\"480\":\"https:\\/\\/video.akamai.steamstatic.com\\/store_trailers\\/257219451\\/movie480.webm?t=1760741161\",\"max\":\"https:\\/\\/video.akamai.steamstatic.com\\/store_trailers\\/257219451\\/movie_max.webm?t=1760741161\"}', '{\"480\":\"https:\\/\\/video.akamai.steamstatic.com\\/store_trailers\\/257219451\\/movie480.mp4?t=1760741161\",\"max\":\"https:\\/\\/video.akamai.steamstatic.com\\/store_trailers\\/257219451\\/movie_max.mp4?t=1760741161\"}', 'https://video.akamai.steamstatic.com/store_trailers/3354750/1660808055/155adb3611306a9b67d039354414abc175aa6165/1760740205/dash_av1.mpd?t=1760741161', 'https://video.akamai.steamstatic.com/store_trailers/3354750/1660808055/155adb3611306a9b67d039354414abc175aa6165/1760740205/dash_h264.mpd?t=1760741161', 'https://video.akamai.steamstatic.com/store_trailers/3354750/1660808055/155adb3611306a9b67d039354414abc175aa6165/1760740205/hls_264_master.m3u8?t=1760741161', true, NOW(), NOW());
INSERT INTO game_media (game_id, media_id, name, thumbnail, webm, mp4, dash_av1, dash_h264, hls_h264, highlight, created_at, updated_at) VALUES (35, 257219452, 'skate. | Early Access Season 1 skate.Pass Spotlight', 'https://shared.akamai.steamstatic.com/store_item_assets/steam/apps/257219452/de8ebe55e14b798653a0ad513f29d0bb41643dcb/movie_600x337.jpg?t=1760741163', '{\"480\":\"https:\\/\\/video.akamai.steamstatic.com\\/store_trailers\\/257219452\\/movie480.webm?t=1760741163\",\"max\":\"https:\\/\\/video.akamai.steamstatic.com\\/store_trailers\\/257219452\\/movie_max.webm?t=1760741163\"}', '{\"480\":\"https:\\/\\/video.akamai.steamstatic.com\\/store_trailers\\/257219452\\/movie480.mp4?t=1760741163\",\"max\":\"https:\\/\\/video.akamai.steamstatic.com\\/store_trailers\\/257219452\\/movie_max.mp4?t=1760741163\"}', 'https://video.akamai.steamstatic.com/store_trailers/3354750/2031138291/6db0bb7b97c4318a670f268cc65381c98b7b607b/1760740206/dash_av1.mpd?t=1760741163', 'https://video.akamai.steamstatic.com/store_trailers/3354750/2031138291/6db0bb7b97c4318a670f268cc65381c98b7b607b/1760740206/dash_h264.mpd?t=1760741163', 'https://video.akamai.steamstatic.com/store_trailers/3354750/2031138291/6db0bb7b97c4318a670f268cc65381c98b7b607b/1760740206/hls_264_master.m3u8?t=1760741163', true, NOW(), NOW());
INSERT INTO game_media (game_id, media_id, name, thumbnail, webm, mp4, dash_av1, dash_h264, hls_h264, highlight, created_at, updated_at) VALUES (35, 257194624, 'SKT_Gameplay_1STP_STEAM_1080p_16x9_29-97fps_LF_ENG_WW', 'https://shared.akamai.steamstatic.com/store_item_assets/steam/apps/257194624/939301fd1233276a55133a96401c3c22bca4b2b8/movie_600x337.jpg?t=1758582363', '{\"480\":\"https:\\/\\/video.akamai.steamstatic.com\\/store_trailers\\/257194624\\/movie480_vp9.webm?t=1758582363\",\"max\":\"https:\\/\\/video.akamai.steamstatic.com\\/store_trailers\\/257194624\\/movie_max_vp9.webm?t=1758582363\"}', '{\"480\":\"https:\\/\\/video.akamai.steamstatic.com\\/store_trailers\\/257194624\\/movie480.mp4?t=1758582363\",\"max\":\"https:\\/\\/video.akamai.steamstatic.com\\/store_trailers\\/257194624\\/movie_max.mp4?t=1758582363\"}', 'https://video.akamai.steamstatic.com/store_trailers/3354750/1826588960/c3e537358791b3495dbb1d9646208cab60672b7b/1757349412/dash_av1.mpd?t=1758582363', 'https://video.akamai.steamstatic.com/store_trailers/3354750/1826588960/c3e537358791b3495dbb1d9646208cab60672b7b/1757349412/dash_h264.mpd?t=1758582363', 'https://video.akamai.steamstatic.com/store_trailers/3354750/1826588960/c3e537358791b3495dbb1d9646208cab60672b7b/1757349412/hls_264_master.m3u8?t=1758582363', true, NOW(), NOW());
INSERT INTO game_media (game_id, media_id, name, thumbnail, webm, mp4, dash_av1, dash_h264, hls_h264, highlight, created_at, updated_at) VALUES (35, 257199533, 'SKT_LaunchFilm_1STP_STEAM_1080p_16x9_29-97fps_LF_ENG_WW ', 'https://shared.akamai.steamstatic.com/store_item_assets/steam/apps/257199533/9e6b84655b6dd1ac738a95e80603c2fc5aecad71/movie_600x337.jpg?t=1758582365', '{\"480\":\"https:\\/\\/video.akamai.steamstatic.com\\/store_trailers\\/257199533\\/movie480_vp9.webm?t=1758582365\",\"max\":\"https:\\/\\/video.akamai.steamstatic.com\\/store_trailers\\/257199533\\/movie_max_vp9.webm?t=1758582365\"}', '{\"480\":\"https:\\/\\/video.akamai.steamstatic.com\\/store_trailers\\/257199533\\/movie480.mp4?t=1758582365\",\"max\":\"https:\\/\\/video.akamai.steamstatic.com\\/store_trailers\\/257199533\\/movie_max.mp4?t=1758582365\"}', 'https://video.akamai.steamstatic.com/store_trailers/3354750/1566378581/8d18dfefbf43ccbf119fd305b069cbecdeadb0a8/1758096211/dash_av1.mpd?t=1758582365', 'https://video.akamai.steamstatic.com/store_trailers/3354750/1566378581/8d18dfefbf43ccbf119fd305b069cbecdeadb0a8/1758096211/dash_h264.mpd?t=1758582365', 'https://video.akamai.steamstatic.com/store_trailers/3354750/1566378581/8d18dfefbf43ccbf119fd305b069cbecdeadb0a8/1758096211/hls_264_master.m3u8?t=1758582365', true, NOW(), NOW());
INSERT INTO game_category (game_id, category_id, created_at, updated_at) VALUES (35, 24, NOW(), NOW());
INSERT INTO game_category (game_id, category_id, created_at, updated_at) VALUES (35, 22, NOW(), NOW());
INSERT INTO game_category (game_id, category_id, created_at, updated_at) VALUES (35, 30, NOW(), NOW());
INSERT INTO game_category (game_id, category_id, created_at, updated_at) VALUES (35, 27, NOW(), NOW());
INSERT INTO game_category (game_id, category_id, created_at, updated_at) VALUES (35, 7, NOW(), NOW());
INSERT INTO game_category (game_id, category_id, created_at, updated_at) VALUES (35, 26, NOW(), NOW());
INSERT INTO game_category (game_id, category_id, created_at, updated_at) VALUES (35, 10, NOW(), NOW());
INSERT INTO game_category (game_id, category_id, created_at, updated_at) VALUES (35, 41, NOW(), NOW());
INSERT INTO game_category (game_id, category_id, created_at, updated_at) VALUES (35, 13, NOW(), NOW());
INSERT INTO game_category (game_id, category_id, created_at, updated_at) VALUES (35, 16, NOW(), NOW());
INSERT INTO game_category (game_id, category_id, created_at, updated_at) VALUES (35, 3, NOW(), NOW());
INSERT INTO game_category (game_id, category_id, created_at, updated_at) VALUES (35, 11, NOW(), NOW());
INSERT INTO game_category (game_id, category_id, created_at, updated_at) VALUES (35, 49, NOW(), NOW());
INSERT INTO game_category (game_id, category_id, created_at, updated_at) VALUES (35, 15, NOW(), NOW());
INSERT INTO game_genre (game_id, genre_id, created_at, updated_at) VALUES (35, 1, NOW(), NOW());
INSERT INTO game_genre (game_id, genre_id, created_at, updated_at) VALUES (35, 17, NOW(), NOW());
INSERT INTO game_genre (game_id, genre_id, created_at, updated_at) VALUES (35, 9, NOW(), NOW());
INSERT INTO game_genre (game_id, genre_id, created_at, updated_at) VALUES (35, 7, NOW(), NOW());
INSERT INTO game_developer (game_id, developer_id, created_at, updated_at) VALUES (35, 42, NOW(), NOW());
INSERT INTO game_publisher (game_id, publisher_id, created_at, updated_at) VALUES (35, 26, NOW(), NOW());

-- Game #36: R.E.P.O.
INSERT INTO games (id, steam_id, name, type, slug, short_description, required_age, is_free, have_dlc, icon, supported_languages, release_date, coming_soon, recommendations, achievements_count, positive_reviews, negative_reviews, total_reviews, positive_ratio, content_descriptors, is_active, created_at, updated_at) VALUES (36, 3241660, 'R.E.P.O.', 'game', 'r-e-p-o', 'An online co-op horror game with up to 6 players. Locate valuable, fully physics-based objects and handle them with care as you retrieve and extract to satisfy your creator\'s desires.', 0, false, false, 'https://shared.akamai.steamstatic.com/store_item_assets/steam/apps/3241660/1ea445e044a2d5b09cfa8291350b63ebed6e5741/header.jpg?t=1761334930', '[\"English * * languages with full audio support\"]', '2025-02-26', false, 197476, 0, 225, 75, 300, 0.75, '{\"ids\":[],\"notes\":null}', true, NOW(), NOW());
INSERT INTO game_platforms (game_id, windows, mac, linux, created_at, updated_at) VALUES (36, true, false, false, NOW(), NOW());
INSERT INTO game_requirements (game_id, pc_requirements, mac_requirements, linux_requirements, created_at, updated_at) VALUES (36, 'Minimum: OS: Windows 10 Processor: Core i5 6600 Memory: 8 GB RAM Graphics: GTX 970 DirectX: Version 10 Network: Broadband Internet connection Storage: 1 GB available space', '', '', NOW(), NOW());
INSERT INTO game_community_ratings (game_id, toxicity_rate, cheater_rate, bug_rate, microtransaction_rate, bad_optimization_rate, not_recommended_rate, created_at, updated_at) VALUES (36, 0.075, 0.056, 0.033, 0.013, 0.039, 0.096, NOW(), NOW());
INSERT INTO game_media (game_id, media_id, name, thumbnail, webm, mp4, dash_av1, dash_h264, hls_h264, highlight, created_at, updated_at) VALUES (36, 257160735, 'Museum Update Trailer', 'https://shared.akamai.steamstatic.com/store_item_assets/steam/apps/257160735/dbe991f3700a237189b08462c00d3bfe01225f29/movie_600x337.jpg?t=1750942486', '{\"480\":\"https:\\/\\/video.akamai.steamstatic.com\\/store_trailers\\/257160735\\/movie480_vp9.webm?t=1750942486\",\"max\":\"https:\\/\\/video.akamai.steamstatic.com\\/store_trailers\\/257160735\\/movie_max_vp9.webm?t=1750942486\"}', '{\"480\":\"https:\\/\\/video.akamai.steamstatic.com\\/store_trailers\\/257160735\\/movie480.mp4?t=1750942486\",\"max\":\"https:\\/\\/video.akamai.steamstatic.com\\/store_trailers\\/257160735\\/movie_max.mp4?t=1750942486\"}', 'https://video.akamai.steamstatic.com/store_trailers/3241660/1712185787/041955a4953a5c97735ef35f583196904e126ee3/1750845117/dash_av1.mpd?t=1750942486', 'https://video.akamai.steamstatic.com/store_trailers/3241660/1712185787/041955a4953a5c97735ef35f583196904e126ee3/1750845117/dash_h264.mpd?t=1750942486', 'https://video.akamai.steamstatic.com/store_trailers/3241660/1712185787/041955a4953a5c97735ef35f583196904e126ee3/1750845117/hls_264_master.m3u8?t=1750942486', true, NOW(), NOW());
INSERT INTO game_media (game_id, media_id, name, thumbnail, webm, mp4, dash_av1, dash_h264, hls_h264, highlight, created_at, updated_at) VALUES (36, 257102296, 'Release Trailer', 'https://shared.akamai.steamstatic.com/store_item_assets/steam/apps/257102296/6bcb19015c3c9099a3af17e8cbea7866dfc05234/movie_600x337.jpg?t=1750942483', '{\"480\":\"https:\\/\\/video.akamai.steamstatic.com\\/store_trailers\\/257102296\\/movie480_vp9.webm?t=1750942483\",\"max\":\"https:\\/\\/video.akamai.steamstatic.com\\/store_trailers\\/257102296\\/movie_max_vp9.webm?t=1750942483\"}', '{\"480\":\"https:\\/\\/video.akamai.steamstatic.com\\/store_trailers\\/257102296\\/movie480.mp4?t=1750942483\",\"max\":\"https:\\/\\/video.akamai.steamstatic.com\\/store_trailers\\/257102296\\/movie_max.mp4?t=1750942483\"}', 'https://video.akamai.steamstatic.com/store_trailers/3241660/835161/c897cc391cd03bc74fb7149e9d3373357aa7db2c/1750825077/dash_av1.mpd?t=1750942483', 'https://video.akamai.steamstatic.com/store_trailers/3241660/835161/c897cc391cd03bc74fb7149e9d3373357aa7db2c/1750825077/dash_h264.mpd?t=1750942483', 'https://video.akamai.steamstatic.com/store_trailers/3241660/835161/c897cc391cd03bc74fb7149e9d3373357aa7db2c/1750825077/hls_264_master.m3u8?t=1750942483', true, NOW(), NOW());
INSERT INTO game_category (game_id, category_id, created_at, updated_at) VALUES (36, 39, NOW(), NOW());
INSERT INTO game_category (game_id, category_id, created_at, updated_at) VALUES (36, 24, NOW(), NOW());
INSERT INTO game_category (game_id, category_id, created_at, updated_at) VALUES (36, 7, NOW(), NOW());
INSERT INTO game_category (game_id, category_id, created_at, updated_at) VALUES (36, 26, NOW(), NOW());
INSERT INTO game_category (game_id, category_id, created_at, updated_at) VALUES (36, 3, NOW(), NOW());
INSERT INTO game_category (game_id, category_id, created_at, updated_at) VALUES (36, 11, NOW(), NOW());
INSERT INTO game_category (game_id, category_id, created_at, updated_at) VALUES (36, 29, NOW(), NOW());
INSERT INTO game_category (game_id, category_id, created_at, updated_at) VALUES (36, 49, NOW(), NOW());
INSERT INTO game_category (game_id, category_id, created_at, updated_at) VALUES (36, 42, NOW(), NOW());
INSERT INTO game_category (game_id, category_id, created_at, updated_at) VALUES (36, 12, NOW(), NOW());
INSERT INTO game_genre (game_id, genre_id, created_at, updated_at) VALUES (36, 1, NOW(), NOW());
INSERT INTO game_genre (game_id, genre_id, created_at, updated_at) VALUES (36, 7, NOW(), NOW());
INSERT INTO game_developer (game_id, developer_id, created_at, updated_at) VALUES (36, 111, NOW(), NOW());
INSERT INTO game_publisher (game_id, publisher_id, created_at, updated_at) VALUES (36, 88, NOW(), NOW());

-- Game #37: Hearts of Iron IV
INSERT INTO games (id, steam_id, name, type, slug, short_description, required_age, is_free, have_dlc, icon, supported_languages, release_date, coming_soon, recommendations, achievements_count, positive_reviews, negative_reviews, total_reviews, positive_ratio, content_descriptors, is_active, created_at, updated_at) VALUES (37, 394360, 'Hearts of Iron IV', 'game', 'hearts-of-iron-iv', 'Victory is at your fingertips! Your ability to lead your nation is your supreme weapon, the strategy game Hearts of Iron IV lets you take command of any nation in World War II; the most engaging conflict in world history.', 0, false, true, 'https://shared.akamai.steamstatic.com/store_item_assets/steam/apps/394360/67bbd0057627fc2244793bcdd09260c2539499cf/header.jpg?t=1759231436', '[\"English\",\"French\",\"German\",\"Polish\",\"Portuguese - Brazil\",\"Russian\",\"Spanish - Spain\",\"Japanese\",\"Simplified Chinese\"]', '2016-06-06', false, 257069, 249, 134, 166, 300, 0.447, '{\"ids\":[],\"notes\":null}', true, NOW(), NOW());
INSERT INTO game_platforms (game_id, windows, mac, linux, created_at, updated_at) VALUES (37, true, true, true, NOW(), NOW());
INSERT INTO game_requirements (game_id, pc_requirements, mac_requirements, linux_requirements, created_at, updated_at) VALUES (37, 'Minimum: OS: Windows® 10 Home 64 Bit Processor: Intel® Core™ i5 750 | AMD® FX 4300 Memory: 4 GB RAM Graphics: Nvidia® GeForce™ GTX 470 (1.28GB) | AMD® HD 5850 (1GB) | Intel Iris Xe G7 (Tiger Lake) | AMD® Radeon™ RX Vega 11 DirectX: Version 9.0c Storage: 2 GB available space Sound Card: Direct X- compatible soundcard. Additional Notes: Mouse and keyboard are required. / Latest available WHQL drivers from both manufacturers/ Internet Connection or LAN for multiplayer, Up to 32 other players in multiplayer mode.', 'Minimum: OS: OS: macOS 10.14 (Mojave) Processor: Intel Core i5 @ 2.60 GHz or better Memory: 4 GB RAM Graphics: ATI Radeon HD 6970M Storage: 2 GB available space Additional Notes: Mouse and keyboard are required. / Latest available proprietary drivers / Internet Connection or LAN for multiplayer, Up to 32 other players in multiplayer mode.', 'Minimum: OS: OS: Ubuntu 20.04 Processor: Intel Core 2 Quad Q9400 @ 2.66 GHz / AMD Athlon II X4 650 @ 3.20 GHz Memory: 4 GB RAM Graphics: ATI Radeon HD 5850 or NVIDIA GeForce GTX470 with 1GB VRAM / Latest available proprietary drivers from both manufacturers Storage: 2 GB available space Additional Notes: Controller support: 3-button mouse, keyboard, and speakers are required. / Internet Connection or LAN for multiplayer, Up to 32 other players in multiplayer mode.', NOW(), NOW());
INSERT INTO game_community_ratings (game_id, toxicity_rate, cheater_rate, bug_rate, microtransaction_rate, bad_optimization_rate, not_recommended_rate, created_at, updated_at) VALUES (37, 0.047, 0.061, 0.015, 0.058, 0.021, 0.04, NOW(), NOW());
INSERT INTO game_media (game_id, media_id, name, thumbnail, webm, mp4, dash_av1, dash_h264, hls_h264, highlight, created_at, updated_at) VALUES (37, 257012977, 'Hearts of Iron IV - Trailer', 'https://shared.akamai.steamstatic.com/store_item_assets/steam/apps/257012977/movie.293x165.jpg?t=1712235668', '{\"480\":\"https:\\/\\/video.akamai.steamstatic.com\\/store_trailers\\/257012977\\/movie480_vp9.webm?t=1712235668\",\"max\":\"https:\\/\\/video.akamai.steamstatic.com\\/store_trailers\\/257012977\\/movie_max_vp9.webm?t=1712235668\"}', '{\"480\":\"https:\\/\\/video.akamai.steamstatic.com\\/store_trailers\\/257012977\\/movie480.mp4?t=1712235668\",\"max\":\"https:\\/\\/video.akamai.steamstatic.com\\/store_trailers\\/257012977\\/movie_max.mp4?t=1712235668\"}', 'https://video.akamai.steamstatic.com/store_trailers/394360/682731/bd7bbea629ccbef568dd3c4d8552ba6e05b3c0ed/1750525316/dash_av1.mpd?t=1712235668', 'https://video.akamai.steamstatic.com/store_trailers/394360/682731/bd7bbea629ccbef568dd3c4d8552ba6e05b3c0ed/1750525316/dash_h264.mpd?t=1712235668', 'https://video.akamai.steamstatic.com/store_trailers/394360/682731/bd7bbea629ccbef568dd3c4d8552ba6e05b3c0ed/1750525316/hls_264_master.m3u8?t=1712235668', true, NOW(), NOW());
INSERT INTO game_category (game_id, category_id, created_at, updated_at) VALUES (37, 39, NOW(), NOW());
INSERT INTO game_category (game_id, category_id, created_at, updated_at) VALUES (37, 24, NOW(), NOW());
INSERT INTO game_category (game_id, category_id, created_at, updated_at) VALUES (37, 7, NOW(), NOW());
INSERT INTO game_category (game_id, category_id, created_at, updated_at) VALUES (37, 10, NOW(), NOW());
INSERT INTO game_category (game_id, category_id, created_at, updated_at) VALUES (37, 41, NOW(), NOW());
INSERT INTO game_category (game_id, category_id, created_at, updated_at) VALUES (37, 45, NOW(), NOW());
INSERT INTO game_category (game_id, category_id, created_at, updated_at) VALUES (37, 47, NOW(), NOW());
INSERT INTO game_category (game_id, category_id, created_at, updated_at) VALUES (37, 42, NOW(), NOW());
INSERT INTO game_category (game_id, category_id, created_at, updated_at) VALUES (37, 34, NOW(), NOW());
INSERT INTO game_category (game_id, category_id, created_at, updated_at) VALUES (37, 12, NOW(), NOW());
INSERT INTO game_genre (game_id, genre_id, created_at, updated_at) VALUES (37, 16, NOW(), NOW());
INSERT INTO game_genre (game_id, genre_id, created_at, updated_at) VALUES (37, 18, NOW(), NOW());
INSERT INTO game_developer (game_id, developer_id, created_at, updated_at) VALUES (37, 73, NOW(), NOW());
INSERT INTO game_publisher (game_id, publisher_id, created_at, updated_at) VALUES (37, 57, NOW(), NOW());

-- Game #38: Monster Hunter Wilds
INSERT INTO games (id, steam_id, name, type, slug, short_description, required_age, is_free, have_dlc, icon, supported_languages, release_date, coming_soon, recommendations, achievements_count, positive_reviews, negative_reviews, total_reviews, positive_ratio, content_descriptors, is_active, created_at, updated_at) VALUES (38, 2246340, 'Monster Hunter Wilds', 'game', 'monster-hunter-wilds', 'The unbridled force of nature runs wild and relentless, with environments transforming drastically from one moment to the next. This is a story of monsters and humans and their struggles to live in harmony in a world of duality.', 0, false, true, 'https://shared.akamai.steamstatic.com/store_item_assets/steam/apps/2246340/header.jpg?t=1761091530', '[\"English *\",\"French *\",\"Italian *\",\"German *\",\"Spanish - Spain *\",\"Arabic\",\"Spanish - Latin America\",\"Portuguese - Brazil *\",\"Polish\",\"Russian *\",\"Simplified Chinese *\",\"Traditional Chinese\",\"Japanese *\",\"Korean * languages with full audio support\"]', '2025-02-27', false, 176154, 50, 26, 274, 300, 0.087, '{\"ids\":[],\"notes\":null}', true, NOW(), NOW());
INSERT INTO game_platforms (game_id, windows, mac, linux, created_at, updated_at) VALUES (38, true, false, false, NOW(), NOW());
INSERT INTO game_requirements (game_id, pc_requirements, mac_requirements, linux_requirements, created_at, updated_at) VALUES (38, 'Minimum: Requires a 64-bit processor and operating system OS: Windows®10 (64-bit Required)/Windows®11 (64-bit Required) Processor: Intel® Core™ i5-10400 or Intel® Core™ i3-12100 or AMD Ryzen™ 5 3600 Memory: 16 GB RAM Graphics: NVIDIA® GeForce® GTX 1660(VRAM 6GB) or AMD Radeon™ RX 5500 XT(VRAM 8GB) DirectX: Version 12 Network: Broadband Internet connection Storage: 75 GB available space Additional Notes: SSD required. This game is expected to run at 1080p (upscaled from 720 native resolution) / 30 fps under the &quot;Lowest&quot; graphics setting. DirectStorage supported.', 'Minimum:', 'Minimum:', NOW(), NOW());
INSERT INTO game_community_ratings (game_id, toxicity_rate, cheater_rate, bug_rate, microtransaction_rate, bad_optimization_rate, not_recommended_rate, created_at, updated_at) VALUES (38, 0.067, 0.1, 0.333, 0.009, 0.486, 0.255, NOW(), NOW());
INSERT INTO game_media (game_id, media_id, name, thumbnail, webm, mp4, dash_av1, dash_h264, hls_h264, highlight, created_at, updated_at) VALUES (38, 257205917, '07_MHWilds_TU3_Multi_EN-US_ESRB_1080p', 'https://shared.akamai.steamstatic.com/store_item_assets/steam/apps/257205917/9dfa3c12cb51aefbc31d546a232181be24c19322/movie_600x337.jpg?t=1758783949', '{\"480\":\"https:\\/\\/video.akamai.steamstatic.com\\/store_trailers\\/257205917\\/movie480_vp9.webm?t=1758783949\",\"max\":\"https:\\/\\/video.akamai.steamstatic.com\\/store_trailers\\/257205917\\/movie_max_vp9.webm?t=1758783949\"}', '{\"480\":\"https:\\/\\/video.akamai.steamstatic.com\\/store_trailers\\/257205917\\/movie480.mp4?t=1758783949\",\"max\":\"https:\\/\\/video.akamai.steamstatic.com\\/store_trailers\\/257205917\\/movie_max.mp4?t=1758783949\"}', 'https://video.akamai.steamstatic.com/store_trailers/2246340/579320992/dc9315ec7e14950467a8e26e21a8a8a614da7f6d/1758776323/dash_av1.mpd?t=1758783949', 'https://video.akamai.steamstatic.com/store_trailers/2246340/579320992/dc9315ec7e14950467a8e26e21a8a8a614da7f6d/1758776323/dash_h264.mpd?t=1758783949', 'https://video.akamai.steamstatic.com/store_trailers/2246340/579320992/dc9315ec7e14950467a8e26e21a8a8a614da7f6d/1758776323/hls_264_master.m3u8?t=1758783949', true, NOW(), NOW());
INSERT INTO game_media (game_id, media_id, name, thumbnail, webm, mp4, dash_av1, dash_h264, hls_h264, highlight, created_at, updated_at) VALUES (38, 257162156, '07_MHWilds_TU2_Multi_EN-US_ESRB_1080p', 'https://shared.akamai.steamstatic.com/store_item_assets/steam/apps/257162156/7abdbb66cc73fe48c5d83286a334fb9e83c6bbe5/movie_600x337.jpg?t=1750999186', '{\"480\":\"https:\\/\\/video.akamai.steamstatic.com\\/store_trailers\\/257162156\\/movie480_vp9.webm?t=1750999186\",\"max\":\"https:\\/\\/video.akamai.steamstatic.com\\/store_trailers\\/257162156\\/movie_max_vp9.webm?t=1750999186\"}', '{\"480\":\"https:\\/\\/video.akamai.steamstatic.com\\/store_trailers\\/257162156\\/movie480.mp4?t=1750999186\",\"max\":\"https:\\/\\/video.akamai.steamstatic.com\\/store_trailers\\/257162156\\/movie_max.mp4?t=1750999186\"}', 'https://video.akamai.steamstatic.com/store_trailers/2246340/46243492/f084146664e26fb528c7cf2752cc3f32117ad7e4/1750990489/dash_av1.mpd?t=1750999186', 'https://video.akamai.steamstatic.com/store_trailers/2246340/46243492/f084146664e26fb528c7cf2752cc3f32117ad7e4/1750990489/dash_h264.mpd?t=1750999186', 'https://video.akamai.steamstatic.com/store_trailers/2246340/46243492/f084146664e26fb528c7cf2752cc3f32117ad7e4/1750990489/hls_264_master.m3u8?t=1750999186', true, NOW(), NOW());
INSERT INTO game_media (game_id, media_id, name, thumbnail, webm, mp4, dash_av1, dash_h264, hls_h264, highlight, created_at, updated_at) VALUES (38, 257118559, '07_MHWilds_TU1_Multi_US_1080p', 'https://shared.akamai.steamstatic.com/store_item_assets/steam/apps/257118559/d9f67f524a5de835fc81740acae8e4178c4dc8d9/movie_600x337.jpg?t=1742961800', '{\"480\":\"https:\\/\\/video.akamai.steamstatic.com\\/store_trailers\\/257118559\\/movie480_vp9.webm?t=1742961800\",\"max\":\"https:\\/\\/video.akamai.steamstatic.com\\/store_trailers\\/257118559\\/movie_max_vp9.webm?t=1742961800\"}', '{\"480\":\"https:\\/\\/video.akamai.steamstatic.com\\/store_trailers\\/257118559\\/movie480.mp4?t=1742961800\",\"max\":\"https:\\/\\/video.akamai.steamstatic.com\\/store_trailers\\/257118559\\/movie_max.mp4?t=1742961800\"}', 'https://video.akamai.steamstatic.com/store_trailers/2246340/857809/52bde5e6b2f90e92134bf224f1fd247654224ef8/1748034680/dash_av1.mpd?t=1742961800', 'https://video.akamai.steamstatic.com/store_trailers/2246340/857809/52bde5e6b2f90e92134bf224f1fd247654224ef8/1748034680/dash_h264.mpd?t=1742961800', 'https://video.akamai.steamstatic.com/store_trailers/2246340/857809/52bde5e6b2f90e92134bf224f1fd247654224ef8/1748034680/hls_264_master.m3u8?t=1742961800', true, NOW(), NOW());
INSERT INTO game_media (game_id, media_id, name, thumbnail, webm, mp4, dash_av1, dash_h264, hls_h264, highlight, created_at, updated_at) VALUES (38, 257108899, '07_MHWilds_StoryPV_Multi_US_1080p', 'https://shared.akamai.steamstatic.com/store_item_assets/steam/apps/257108899/b6cc301baf2b1a852fb956fb6ac547046e48b0ce/movie_600x337.jpg?t=1740977481', '{\"480\":\"https:\\/\\/video.akamai.steamstatic.com\\/store_trailers\\/257108899\\/movie480_vp9.webm?t=1740977481\",\"max\":\"https:\\/\\/video.akamai.steamstatic.com\\/store_trailers\\/257108899\\/movie_max_vp9.webm?t=1740977481\"}', '{\"480\":\"https:\\/\\/video.akamai.steamstatic.com\\/store_trailers\\/257108899\\/movie480.mp4?t=1740977481\",\"max\":\"https:\\/\\/video.akamai.steamstatic.com\\/store_trailers\\/257108899\\/movie_max.mp4?t=1740977481\"}', 'https://video.akamai.steamstatic.com/store_trailers/2246340/842763/d2686dfdc37346f52f517d4bba88a0efffea2aef/1748034115/dash_av1.mpd?t=1740977481', 'https://video.akamai.steamstatic.com/store_trailers/2246340/842763/d2686dfdc37346f52f517d4bba88a0efffea2aef/1748034115/dash_h264.mpd?t=1740977481', 'https://video.akamai.steamstatic.com/store_trailers/2246340/842763/d2686dfdc37346f52f517d4bba88a0efffea2aef/1748034115/hls_264_master.m3u8?t=1740977481', true, NOW(), NOW());
INSERT INTO game_media (game_id, media_id, name, thumbnail, webm, mp4, dash_av1, dash_h264, hls_h264, highlight, created_at, updated_at) VALUES (38, 257097899, '07_MHWilds_PV7_Multi_US_1080p_re', 'https://shared.akamai.steamstatic.com/store_item_assets/steam/apps/257097899/14271d82fae23158bde2f51f4af8216d6046ed3a/movie_600x337.jpg?t=1739425873', '{\"480\":\"https:\\/\\/video.akamai.steamstatic.com\\/store_trailers\\/257097899\\/movie480_vp9.webm?t=1739425873\",\"max\":\"https:\\/\\/video.akamai.steamstatic.com\\/store_trailers\\/257097899\\/movie_max_vp9.webm?t=1739425873\"}', '{\"480\":\"https:\\/\\/video.akamai.steamstatic.com\\/store_trailers\\/257097899\\/movie480.mp4?t=1739425873\",\"max\":\"https:\\/\\/video.akamai.steamstatic.com\\/store_trailers\\/257097899\\/movie_max.mp4?t=1739425873\"}', 'https://video.akamai.steamstatic.com/store_trailers/2246340/828219/8eb677142bfa1b9e1f21a431e87bc991c5300d04/1748033264/dash_av1.mpd?t=1739425873', 'https://video.akamai.steamstatic.com/store_trailers/2246340/828219/8eb677142bfa1b9e1f21a431e87bc991c5300d04/1748033264/dash_h264.mpd?t=1739425873', 'https://video.akamai.steamstatic.com/store_trailers/2246340/828219/8eb677142bfa1b9e1f21a431e87bc991c5300d04/1748033264/hls_264_master.m3u8?t=1739425873', true, NOW(), NOW());
INSERT INTO game_media (game_id, media_id, name, thumbnail, webm, mp4, dash_av1, dash_h264, hls_h264, highlight, created_at, updated_at) VALUES (38, 257094891, '07_MHWilds_PV6_Multi_US_1080p', 'https://shared.akamai.steamstatic.com/store_item_assets/steam/apps/257094891/9b5f62e4a58338d475f11a7d95921f0c8f09e5e7/movie_600x337.jpg?t=1739425915', '{\"480\":\"https:\\/\\/video.akamai.steamstatic.com\\/store_trailers\\/257094891\\/movie480_vp9.webm?t=1739425915\",\"max\":\"https:\\/\\/video.akamai.steamstatic.com\\/store_trailers\\/257094891\\/movie_max_vp9.webm?t=1739425915\"}', '{\"480\":\"https:\\/\\/video.akamai.steamstatic.com\\/store_trailers\\/257094891\\/movie480.mp4?t=1739425915\",\"max\":\"https:\\/\\/video.akamai.steamstatic.com\\/store_trailers\\/257094891\\/movie_max.mp4?t=1739425915\"}', 'https://video.akamai.steamstatic.com/store_trailers/2246340/823305/f4d85843196d20fe75c73a7b124bdb28ce490156/1748032899/dash_av1.mpd?t=1739425915', 'https://video.akamai.steamstatic.com/store_trailers/2246340/823305/f4d85843196d20fe75c73a7b124bdb28ce490156/1748032899/dash_h264.mpd?t=1739425915', 'https://video.akamai.steamstatic.com/store_trailers/2246340/823305/f4d85843196d20fe75c73a7b124bdb28ce490156/1748032899/hls_264_master.m3u8?t=1739425915', true, NOW(), NOW());
INSERT INTO game_media (game_id, media_id, name, thumbnail, webm, mp4, dash_av1, dash_h264, hls_h264, highlight, created_at, updated_at) VALUES (38, 257068942, '07_MHWilds_PV5_Multi_US_1080p', 'https://shared.akamai.steamstatic.com/store_item_assets/steam/apps/257068942/587ceff321831e80b8a2cdace618249c1f6ac209/movie_600x337.jpg?t=1730266615', '{\"480\":\"https:\\/\\/video.akamai.steamstatic.com\\/store_trailers\\/257068942\\/movie480_vp9.webm?t=1730266615\",\"max\":\"https:\\/\\/video.akamai.steamstatic.com\\/store_trailers\\/257068942\\/movie_max_vp9.webm?t=1730266615\"}', '{\"480\":\"https:\\/\\/video.akamai.steamstatic.com\\/store_trailers\\/257068942\\/movie480.mp4?t=1730266615\",\"max\":\"https:\\/\\/video.akamai.steamstatic.com\\/store_trailers\\/257068942\\/movie_max.mp4?t=1730266615\"}', 'https://video.akamai.steamstatic.com/store_trailers/2246340/778041/ec63e0e498415252e76dec82aba5c04003fc91ed/1748031278/dash_av1.mpd?t=1730266615', 'https://video.akamai.steamstatic.com/store_trailers/2246340/778041/ec63e0e498415252e76dec82aba5c04003fc91ed/1748031278/dash_h264.mpd?t=1730266615', 'https://video.akamai.steamstatic.com/store_trailers/2246340/778041/ec63e0e498415252e76dec82aba5c04003fc91ed/1748031278/hls_264_master.m3u8?t=1730266615', true, NOW(), NOW());
INSERT INTO game_media (game_id, media_id, name, thumbnail, webm, mp4, dash_av1, dash_h264, hls_h264, highlight, created_at, updated_at) VALUES (38, 257069240, '07_MHWilds_PV4_Multi_US_1080p_0926', 'https://shared.akamai.steamstatic.com/store_item_assets/steam/apps/257069240/aba4ff6100abadd9343ce4bbf03ddee17b652faf/movie_600x337.jpg?t=1730266687', '{\"480\":\"https:\\/\\/video.akamai.steamstatic.com\\/store_trailers\\/257069240\\/movie480_vp9.webm?t=1730266687\",\"max\":\"https:\\/\\/video.akamai.steamstatic.com\\/store_trailers\\/257069240\\/movie_max_vp9.webm?t=1730266687\"}', '{\"480\":\"https:\\/\\/video.akamai.steamstatic.com\\/store_trailers\\/257069240\\/movie480.mp4?t=1730266687\",\"max\":\"https:\\/\\/video.akamai.steamstatic.com\\/store_trailers\\/257069240\\/movie_max.mp4?t=1730266687\"}', 'https://video.akamai.steamstatic.com/store_trailers/2246340/778501/32f11d57bde2b00c4e4a2c7c4b4e2f9c6cabd78f/1748032586/dash_av1.mpd?t=1730266687', 'https://video.akamai.steamstatic.com/store_trailers/2246340/778501/32f11d57bde2b00c4e4a2c7c4b4e2f9c6cabd78f/1748032586/dash_h264.mpd?t=1730266687', 'https://video.akamai.steamstatic.com/store_trailers/2246340/778501/32f11d57bde2b00c4e4a2c7c4b4e2f9c6cabd78f/1748032586/hls_264_master.m3u8?t=1730266687', true, NOW(), NOW());
INSERT INTO game_media (game_id, media_id, name, thumbnail, webm, mp4, dash_av1, dash_h264, hls_h264, highlight, created_at, updated_at) VALUES (38, 257069222, '07_MHWilds_PV3_Multi_EN_1080p', 'https://shared.akamai.steamstatic.com/store_item_assets/steam/apps/257069222/ad718a00c58fef2be8371dfd0891afa20729bba3/movie_600x337.jpg?t=1730266759', '{\"480\":\"https:\\/\\/video.akamai.steamstatic.com\\/store_trailers\\/257069222\\/movie480_vp9.webm?t=1730266759\",\"max\":\"https:\\/\\/video.akamai.steamstatic.com\\/store_trailers\\/257069222\\/movie_max_vp9.webm?t=1730266759\"}', '{\"480\":\"https:\\/\\/video.akamai.steamstatic.com\\/store_trailers\\/257069222\\/movie480.mp4?t=1730266759\",\"max\":\"https:\\/\\/video.akamai.steamstatic.com\\/store_trailers\\/257069222\\/movie_max.mp4?t=1730266759\"}', 'https://video.akamai.steamstatic.com/store_trailers/2246340/778482/a546ca46b395374b608d5ea091db50133a3bcc8c/1748031840/dash_av1.mpd?t=1730266759', 'https://video.akamai.steamstatic.com/store_trailers/2246340/778482/a546ca46b395374b608d5ea091db50133a3bcc8c/1748031840/dash_h264.mpd?t=1730266759', 'https://video.akamai.steamstatic.com/store_trailers/2246340/778482/a546ca46b395374b608d5ea091db50133a3bcc8c/1748031840/hls_264_master.m3u8?t=1730266759', true, NOW(), NOW());
INSERT INTO game_media (game_id, media_id, name, thumbnail, webm, mp4, dash_av1, dash_h264, hls_h264, highlight, created_at, updated_at) VALUES (38, 257027131, '07_MHWilds_PV1_Multi_EN-ESRB_1080P', 'https://shared.akamai.steamstatic.com/store_item_assets/steam/apps/257027131/movie.293x165.jpg?t=1717124020', '{\"480\":\"https:\\/\\/video.akamai.steamstatic.com\\/store_trailers\\/257027131\\/movie480_vp9.webm?t=1717124020\",\"max\":\"https:\\/\\/video.akamai.steamstatic.com\\/store_trailers\\/257027131\\/movie_max_vp9.webm?t=1717124020\"}', '{\"480\":\"https:\\/\\/video.akamai.steamstatic.com\\/store_trailers\\/257027131\\/movie480.mp4?t=1717124020\",\"max\":\"https:\\/\\/video.akamai.steamstatic.com\\/store_trailers\\/257027131\\/movie_max.mp4?t=1717124020\"}', 'https://video.akamai.steamstatic.com/store_trailers/2246340/707269/c5c5323b5864052515570378903d982e30274191/1748070502/dash_av1.mpd?t=1717124020', 'https://video.akamai.steamstatic.com/store_trailers/2246340/707269/c5c5323b5864052515570378903d982e30274191/1748070502/dash_h264.mpd?t=1717124020', 'https://video.akamai.steamstatic.com/store_trailers/2246340/707269/c5c5323b5864052515570378903d982e30274191/1748070502/hls_264_master.m3u8?t=1717124020', true, NOW(), NOW());
INSERT INTO game_media (game_id, media_id, name, thumbnail, webm, mp4, dash_av1, dash_h264, hls_h264, highlight, created_at, updated_at) VALUES (38, 256988606, '07_MHWilds_AnnouncePV_Multi_EN_1080P', 'https://shared.akamai.steamstatic.com/store_item_assets/steam/apps/256988606/movie.293x165.jpg?t=1702947706', '{\"480\":\"https:\\/\\/video.akamai.steamstatic.com\\/store_trailers\\/256988606\\/movie480_vp9.webm?t=1702947706\",\"max\":\"https:\\/\\/video.akamai.steamstatic.com\\/store_trailers\\/256988606\\/movie_max_vp9.webm?t=1702947706\"}', '{\"480\":\"https:\\/\\/video.akamai.steamstatic.com\\/store_trailers\\/256988606\\/movie480.mp4?t=1702947706\",\"max\":\"https:\\/\\/video.akamai.steamstatic.com\\/store_trailers\\/256988606\\/movie_max.mp4?t=1702947706\"}', 'https://video.akamai.steamstatic.com/store_trailers/2246340/639891/ad16cfd910b726ead3fd3413c8f7e2f984563eb1/1748031159/dash_av1.mpd?t=1702947706', 'https://video.akamai.steamstatic.com/store_trailers/2246340/639891/ad16cfd910b726ead3fd3413c8f7e2f984563eb1/1748031159/dash_h264.mpd?t=1702947706', 'https://video.akamai.steamstatic.com/store_trailers/2246340/639891/ad16cfd910b726ead3fd3413c8f7e2f984563eb1/1748031159/hls_264_master.m3u8?t=1702947706', true, NOW(), NOW());
INSERT INTO game_category (game_id, category_id, created_at, updated_at) VALUES (38, 39, NOW(), NOW());
INSERT INTO game_category (game_id, category_id, created_at, updated_at) VALUES (38, 24, NOW(), NOW());
INSERT INTO game_category (game_id, category_id, created_at, updated_at) VALUES (38, 7, NOW(), NOW());
INSERT INTO game_category (game_id, category_id, created_at, updated_at) VALUES (38, 26, NOW(), NOW());
INSERT INTO game_category (game_id, category_id, created_at, updated_at) VALUES (38, 10, NOW(), NOW());
INSERT INTO game_category (game_id, category_id, created_at, updated_at) VALUES (38, 41, NOW(), NOW());
INSERT INTO game_category (game_id, category_id, created_at, updated_at) VALUES (38, 13, NOW(), NOW());
INSERT INTO game_category (game_id, category_id, created_at, updated_at) VALUES (38, 45, NOW(), NOW());
INSERT INTO game_category (game_id, category_id, created_at, updated_at) VALUES (38, 2, NOW(), NOW());
INSERT INTO game_category (game_id, category_id, created_at, updated_at) VALUES (38, 3, NOW(), NOW());
INSERT INTO game_category (game_id, category_id, created_at, updated_at) VALUES (38, 8, NOW(), NOW());
INSERT INTO game_category (game_id, category_id, created_at, updated_at) VALUES (38, 11, NOW(), NOW());
INSERT INTO game_category (game_id, category_id, created_at, updated_at) VALUES (38, 19, NOW(), NOW());
INSERT INTO game_category (game_id, category_id, created_at, updated_at) VALUES (38, 49, NOW(), NOW());
INSERT INTO game_category (game_id, category_id, created_at, updated_at) VALUES (38, 50, NOW(), NOW());
INSERT INTO game_category (game_id, category_id, created_at, updated_at) VALUES (38, 51, NOW(), NOW());
INSERT INTO game_category (game_id, category_id, created_at, updated_at) VALUES (38, 42, NOW(), NOW());
INSERT INTO game_category (game_id, category_id, created_at, updated_at) VALUES (38, 15, NOW(), NOW());
INSERT INTO game_category (game_id, category_id, created_at, updated_at) VALUES (38, 12, NOW(), NOW());
INSERT INTO game_genre (game_id, genre_id, created_at, updated_at) VALUES (38, 1, NOW(), NOW());
INSERT INTO game_genre (game_id, genre_id, created_at, updated_at) VALUES (38, 2, NOW(), NOW());
INSERT INTO game_genre (game_id, genre_id, created_at, updated_at) VALUES (38, 14, NOW(), NOW());
INSERT INTO game_developer (game_id, developer_id, created_at, updated_at) VALUES (38, 17, NOW(), NOW());
INSERT INTO game_publisher (game_id, publisher_id, created_at, updated_at) VALUES (38, 16, NOW(), NOW());

-- Game #39: Cyberpunk 2077
INSERT INTO games (id, steam_id, name, type, slug, short_description, required_age, is_free, have_dlc, icon, supported_languages, release_date, coming_soon, recommendations, achievements_count, positive_reviews, negative_reviews, total_reviews, positive_ratio, content_descriptors, is_active, created_at, updated_at) VALUES (39, 1091500, 'Cyberpunk 2077', 'game', 'cyberpunk-2077', 'Cyberpunk 2077 is an open-world, action-adventure RPG set in the dark future of Night City — a dangerous megalopolis obsessed with power, glamor, and ceaseless body modification.', 17, false, true, 'https://shared.akamai.steamstatic.com/store_item_assets/steam/apps/1091500/e9047d8ec47ae3d94bb8b464fb0fc9e9972b4ac7/header.jpg?t=1756209867', '[\"English *\",\"French *\",\"Italian *\",\"German *\",\"Spanish - Spain *\",\"Arabic\",\"Czech\",\"Hungarian\",\"Japanese *\",\"Korean *\",\"Polish *\",\"Portuguese - Brazil *\",\"Russian *\",\"Simplified Chinese *\",\"Spanish - Latin America\",\"Thai\",\"Traditional Chinese\",\"Turkish\",\"Ukrainian * languages with full audio support\"]', '2020-12-09', false, 801161, 57, 238, 62, 300, 0.793, '{\"ids\":[1,2,5],\"notes\":\"Cyberpunk 2077 contains strong language, intense violence, blood and gore, as well as nudity and sexual material.\\r\\n\"}', true, NOW(), NOW());
INSERT INTO game_platforms (game_id, windows, mac, linux, created_at, updated_at) VALUES (39, true, true, false, NOW(), NOW());
INSERT INTO game_requirements (game_id, pc_requirements, mac_requirements, linux_requirements, created_at, updated_at) VALUES (39, 'Minimum: Requires a 64-bit processor and operating system OS: 64-bit Windows 10 Processor: Core i7-6700 or Ryzen 5 1600 Memory: 12 GB RAM Graphics: GeForce GTX 1060 6GB or Radeon RX 580 8GB or Arc A380 DirectX: Version 12 Storage: 70 GB available space Additional Notes: SSD required. Attention: In this game you will encounter a variety of visual effects that may provide seizures or loss of consciousness in a minority of people. If you or someone you know experiences any of the above symptoms while playing, stop and seek medical attention immediately.', 'Minimum: Requires an Apple processor OS: macOS: 15.5 or later Processor: M1 Memory: 16 GB RAM Storage: 92 GB available space', 'Minimum:', NOW(), NOW());
INSERT INTO game_community_ratings (game_id, toxicity_rate, cheater_rate, bug_rate, microtransaction_rate, bad_optimization_rate, not_recommended_rate, created_at, updated_at) VALUES (39, 0, 0, 0.035, 0.015, 0.058, 0.104, NOW(), NOW());
INSERT INTO game_media (game_id, media_id, name, thumbnail, webm, mp4, dash_av1, dash_h264, hls_h264, highlight, created_at, updated_at) VALUES (39, 257082775, 'Cyberpunk 2077: Ultimate Edition — City of Dreams', 'https://shared.akamai.steamstatic.com/store_item_assets/steam/apps/257082775/885331d24a8e88a0a90903f588835ed38b2f82cf/movie_600x337.jpg?t=1734434767', '{\"480\":\"https:\\/\\/video.akamai.steamstatic.com\\/store_trailers\\/257082775\\/movie480_vp9.webm?t=1734434767\",\"max\":\"https:\\/\\/video.akamai.steamstatic.com\\/store_trailers\\/257082775\\/movie_max_vp9.webm?t=1734434767\"}', '{\"480\":\"https:\\/\\/video.akamai.steamstatic.com\\/store_trailers\\/257082775\\/movie480.mp4?t=1734434767\",\"max\":\"https:\\/\\/video.akamai.steamstatic.com\\/store_trailers\\/257082775\\/movie_max.mp4?t=1734434767\"}', 'https://video.akamai.steamstatic.com/store_trailers/1091500/801198/1b8aa4d59e19e69218c59bf1a6d9d23daedb01ab/1750617889/dash_av1.mpd?t=1734434767', 'https://video.akamai.steamstatic.com/store_trailers/1091500/801198/1b8aa4d59e19e69218c59bf1a6d9d23daedb01ab/1750617889/dash_h264.mpd?t=1734434767', 'https://video.akamai.steamstatic.com/store_trailers/1091500/801198/1b8aa4d59e19e69218c59bf1a6d9d23daedb01ab/1750617889/hls_264_master.m3u8?t=1734434767', true, NOW(), NOW());
INSERT INTO game_media (game_id, media_id, name, thumbnail, webm, mp4, dash_av1, dash_h264, hls_h264, highlight, created_at, updated_at) VALUES (39, 256987122, '027_2_1_UpdateTrailer_EN_ESRB M_16x9_1080', 'https://shared.akamai.steamstatic.com/store_item_assets/steam/apps/256987122/movie.293x165.jpg?t=1701872775', '{\"480\":\"https:\\/\\/video.akamai.steamstatic.com\\/store_trailers\\/256987122\\/movie480_vp9.webm?t=1701872775\",\"max\":\"https:\\/\\/video.akamai.steamstatic.com\\/store_trailers\\/256987122\\/movie_max_vp9.webm?t=1701872775\"}', '{\"480\":\"https:\\/\\/video.akamai.steamstatic.com\\/store_trailers\\/256987122\\/movie480.mp4?t=1701872775\",\"max\":\"https:\\/\\/video.akamai.steamstatic.com\\/store_trailers\\/256987122\\/movie_max.mp4?t=1701872775\"}', 'https://video.akamai.steamstatic.com/store_trailers/1091500/637423/44479aeec630d03dd9af567048ac1d7f055d8d3c/1750617739/dash_av1.mpd?t=1701872775', 'https://video.akamai.steamstatic.com/store_trailers/1091500/637423/44479aeec630d03dd9af567048ac1d7f055d8d3c/1750617739/dash_h264.mpd?t=1701872775', 'https://video.akamai.steamstatic.com/store_trailers/1091500/637423/44479aeec630d03dd9af567048ac1d7f055d8d3c/1750617739/hls_264_master.m3u8?t=1701872775', true, NOW(), NOW());
INSERT INTO game_media (game_id, media_id, name, thumbnail, webm, mp4, dash_av1, dash_h264, hls_h264, highlight, created_at, updated_at) VALUES (39, 256983890, '001 BaseGame Accolades Trailer EN ESRB-M 16x9 1080', 'https://shared.akamai.steamstatic.com/store_item_assets/steam/apps/256983890/movie.293x165.jpg?t=1700653190', '{\"480\":\"https:\\/\\/video.akamai.steamstatic.com\\/store_trailers\\/256983890\\/movie480_vp9.webm?t=1700653190\",\"max\":\"https:\\/\\/video.akamai.steamstatic.com\\/store_trailers\\/256983890\\/movie_max_vp9.webm?t=1700653190\"}', '{\"480\":\"https:\\/\\/video.akamai.steamstatic.com\\/store_trailers\\/256983890\\/movie480.mp4?t=1700653190\",\"max\":\"https:\\/\\/video.akamai.steamstatic.com\\/store_trailers\\/256983890\\/movie_max.mp4?t=1700653190\"}', 'https://video.akamai.steamstatic.com/store_trailers/1091500/632017/2db7b2d525405284f2067818e73af9c4b41c0a93/1750617625/dash_av1.mpd?t=1700653190', 'https://video.akamai.steamstatic.com/store_trailers/1091500/632017/2db7b2d525405284f2067818e73af9c4b41c0a93/1750617625/dash_h264.mpd?t=1700653190', 'https://video.akamai.steamstatic.com/store_trailers/1091500/632017/2db7b2d525405284f2067818e73af9c4b41c0a93/1750617625/hls_264_master.m3u8?t=1700653190', true, NOW(), NOW());
INSERT INTO game_media (game_id, media_id, name, thumbnail, webm, mp4, dash_av1, dash_h264, hls_h264, highlight, created_at, updated_at) VALUES (39, 256977937, '006_EP1_2.0_trailer_ES-MX_ESRB-ES M_16x9_1080', 'https://shared.akamai.steamstatic.com/store_item_assets/steam/apps/256977937/movie.293x165.jpg?t=1698157619', '{\"480\":\"https:\\/\\/video.akamai.steamstatic.com\\/store_trailers\\/256977937\\/movie480_vp9.webm?t=1698157619\",\"max\":\"https:\\/\\/video.akamai.steamstatic.com\\/store_trailers\\/256977937\\/movie_max_vp9.webm?t=1698157619\"}', '{\"480\":\"https:\\/\\/video.akamai.steamstatic.com\\/store_trailers\\/256977937\\/movie480.mp4?t=1698157619\",\"max\":\"https:\\/\\/video.akamai.steamstatic.com\\/store_trailers\\/256977937\\/movie_max.mp4?t=1698157619\"}', 'https://video.akamai.steamstatic.com/store_trailers/1091500/622166/58525c61321ec58ceaaf6080cbd50af808325adb/1750617832/dash_av1.mpd?t=1698157619', 'https://video.akamai.steamstatic.com/store_trailers/1091500/622166/58525c61321ec58ceaaf6080cbd50af808325adb/1750617832/dash_h264.mpd?t=1698157619', 'https://video.akamai.steamstatic.com/store_trailers/1091500/622166/58525c61321ec58ceaaf6080cbd50af808325adb/1750617832/hls_264_master.m3u8?t=1698157619', true, NOW(), NOW());
INSERT INTO game_media (game_id, media_id, name, thumbnail, webm, mp4, dash_av1, dash_h264, hls_h264, highlight, created_at, updated_at) VALUES (39, 256979869, '093_NWTP_trailer_EN_ESRB M_16x9_1080_', 'https://shared.akamai.steamstatic.com/store_item_assets/steam/apps/256979869/movie.293x165.jpg?t=1699262705', '{\"480\":\"https:\\/\\/video.akamai.steamstatic.com\\/store_trailers\\/256979869\\/movie480_vp9.webm?t=1699262705\",\"max\":\"https:\\/\\/video.akamai.steamstatic.com\\/store_trailers\\/256979869\\/movie_max_vp9.webm?t=1699262705\"}', '{\"480\":\"https:\\/\\/video.akamai.steamstatic.com\\/store_trailers\\/256979869\\/movie480.mp4?t=1699262705\",\"max\":\"https:\\/\\/video.akamai.steamstatic.com\\/store_trailers\\/256979869\\/movie_max.mp4?t=1699262705\"}', 'https://video.akamai.steamstatic.com/store_trailers/1091500/625489/b17c143a0048fc22ae864431e9e3c1bcf57d4d74/1750617472/dash_av1.mpd?t=1699262705', 'https://video.akamai.steamstatic.com/store_trailers/1091500/625489/b17c143a0048fc22ae864431e9e3c1bcf57d4d74/1750617472/dash_h264.mpd?t=1699262705', 'https://video.akamai.steamstatic.com/store_trailers/1091500/625489/b17c143a0048fc22ae864431e9e3c1bcf57d4d74/1750617472/hls_264_master.m3u8?t=1699262705', true, NOW(), NOW());
INSERT INTO game_media (game_id, media_id, name, thumbnail, webm, mp4, dash_av1, dash_h264, hls_h264, highlight, created_at, updated_at) VALUES (39, 256975572, '061_BuildVideos_Ninja_EN_ESRB M_16x9_1080__Burned in Subs', 'https://shared.akamai.steamstatic.com/store_item_assets/steam/apps/256975572/movie.293x165.jpg?t=1697117131', '{\"480\":\"https:\\/\\/video.akamai.steamstatic.com\\/store_trailers\\/256975572\\/movie480_vp9.webm?t=1697117131\",\"max\":\"https:\\/\\/video.akamai.steamstatic.com\\/store_trailers\\/256975572\\/movie_max_vp9.webm?t=1697117131\"}', '{\"480\":\"https:\\/\\/video.akamai.steamstatic.com\\/store_trailers\\/256975572\\/movie480.mp4?t=1697117131\",\"max\":\"https:\\/\\/video.akamai.steamstatic.com\\/store_trailers\\/256975572\\/movie_max.mp4?t=1697117131\"}', 'https://video.akamai.steamstatic.com/store_trailers/1091500/617915/f4c202638dc4d036ae7d83bc39b9ffff3a14381a/1750617267/dash_av1.mpd?t=1697117131', 'https://video.akamai.steamstatic.com/store_trailers/1091500/617915/f4c202638dc4d036ae7d83bc39b9ffff3a14381a/1750617267/dash_h264.mpd?t=1697117131', 'https://video.akamai.steamstatic.com/store_trailers/1091500/617915/f4c202638dc4d036ae7d83bc39b9ffff3a14381a/1750617267/hls_264_master.m3u8?t=1697117131', true, NOW(), NOW());
INSERT INTO game_media (game_id, media_id, name, thumbnail, webm, mp4, dash_av1, dash_h264, hls_h264, highlight, created_at, updated_at) VALUES (39, 256975543, '043_BuildVideos_Netrunner_EN_ESRB M_16x9_1080__Burned in Subs', 'https://shared.akamai.steamstatic.com/store_item_assets/steam/apps/256975543/movie.293x165.jpg?t=1697117219', '{\"480\":\"https:\\/\\/video.akamai.steamstatic.com\\/store_trailers\\/256975543\\/movie480_vp9.webm?t=1697117219\",\"max\":\"https:\\/\\/video.akamai.steamstatic.com\\/store_trailers\\/256975543\\/movie_max_vp9.webm?t=1697117219\"}', '{\"480\":\"https:\\/\\/video.akamai.steamstatic.com\\/store_trailers\\/256975543\\/movie480.mp4?t=1697117219\",\"max\":\"https:\\/\\/video.akamai.steamstatic.com\\/store_trailers\\/256975543\\/movie_max.mp4?t=1697117219\"}', 'https://video.akamai.steamstatic.com/store_trailers/1091500/617869/6d5bfa601e1a0b55bbab076519e8d58051d5c67a/1750617143/dash_av1.mpd?t=1697117219', 'https://video.akamai.steamstatic.com/store_trailers/1091500/617869/6d5bfa601e1a0b55bbab076519e8d58051d5c67a/1750617143/dash_h264.mpd?t=1697117219', 'https://video.akamai.steamstatic.com/store_trailers/1091500/617869/6d5bfa601e1a0b55bbab076519e8d58051d5c67a/1750617143/hls_264_master.m3u8?t=1697117219', true, NOW(), NOW());
INSERT INTO game_media (game_id, media_id, name, thumbnail, webm, mp4, dash_av1, dash_h264, hls_h264, highlight, created_at, updated_at) VALUES (39, 256975513, '025_BuildVideos_Solo_EN_ESRB M_16x9_1080__Burned in Subs', 'https://shared.akamai.steamstatic.com/store_item_assets/steam/apps/256975513/movie.293x165.jpg?t=1697117307', '{\"480\":\"https:\\/\\/video.akamai.steamstatic.com\\/store_trailers\\/256975513\\/movie480_vp9.webm?t=1697117307\",\"max\":\"https:\\/\\/video.akamai.steamstatic.com\\/store_trailers\\/256975513\\/movie_max_vp9.webm?t=1697117307\"}', '{\"480\":\"https:\\/\\/video.akamai.steamstatic.com\\/store_trailers\\/256975513\\/movie480.mp4?t=1697117307\",\"max\":\"https:\\/\\/video.akamai.steamstatic.com\\/store_trailers\\/256975513\\/movie_max.mp4?t=1697117307\"}', 'https://video.akamai.steamstatic.com/store_trailers/1091500/617828/d305abab0585fada89479e7366067b2e01d47131/1750616848/dash_av1.mpd?t=1697117307', 'https://video.akamai.steamstatic.com/store_trailers/1091500/617828/d305abab0585fada89479e7366067b2e01d47131/1750616848/dash_h264.mpd?t=1697117307', 'https://video.akamai.steamstatic.com/store_trailers/1091500/617828/d305abab0585fada89479e7366067b2e01d47131/1750616848/hls_264_master.m3u8?t=1697117307', true, NOW(), NOW());
INSERT INTO game_media (game_id, media_id, name, thumbnail, webm, mp4, dash_av1, dash_h264, hls_h264, highlight, created_at, updated_at) VALUES (39, 256904407, '046_CP_ER_trailer_EN_ESRB M_16x9_1080__', 'https://shared.akamai.steamstatic.com/store_item_assets/steam/apps/256904407/movie.293x165.jpg?t=1662480414', '{\"480\":\"https:\\/\\/video.akamai.steamstatic.com\\/store_trailers\\/256904407\\/movie480_vp9.webm?t=1662480414\",\"max\":\"https:\\/\\/video.akamai.steamstatic.com\\/store_trailers\\/256904407\\/movie_max_vp9.webm?t=1662480414\"}', '{\"480\":\"https:\\/\\/video.akamai.steamstatic.com\\/store_trailers\\/256904407\\/movie480.mp4?t=1662480414\",\"max\":\"https:\\/\\/video.akamai.steamstatic.com\\/store_trailers\\/256904407\\/movie_max.mp4?t=1662480414\"}', 'https://video.akamai.steamstatic.com/store_trailers/1091500/493757/640c26dd46206782f94b2b3fc26743f00a279a63/1750616555/dash_av1.mpd?t=1662480414', 'https://video.akamai.steamstatic.com/store_trailers/1091500/493757/640c26dd46206782f94b2b3fc26743f00a279a63/1750616555/dash_h264.mpd?t=1662480414', 'https://video.akamai.steamstatic.com/store_trailers/1091500/493757/640c26dd46206782f94b2b3fc26743f00a279a63/1750616555/hls_264_master.m3u8?t=1662480414', true, NOW(), NOW());
INSERT INTO game_media (game_id, media_id, name, thumbnail, webm, mp4, dash_av1, dash_h264, hls_h264, highlight, created_at, updated_at) VALUES (39, 256876052, '170_CPNG_LOBI_EN_ESRB M_16x9_1080_PC__', 'https://shared.akamai.steamstatic.com/store_item_assets/steam/apps/256876052/movie.293x165.jpg?t=1646231501', '{\"480\":\"https:\\/\\/video.akamai.steamstatic.com\\/store_trailers\\/256876052\\/movie480_vp9.webm?t=1646231501\",\"max\":\"https:\\/\\/video.akamai.steamstatic.com\\/store_trailers\\/256876052\\/movie_max_vp9.webm?t=1646231501\"}', '{\"480\":\"https:\\/\\/video.akamai.steamstatic.com\\/store_trailers\\/256876052\\/movie480.mp4?t=1646231501\",\"max\":\"https:\\/\\/video.akamai.steamstatic.com\\/store_trailers\\/256876052\\/movie_max.mp4?t=1646231501\"}', 'https://video.akamai.steamstatic.com/store_trailers/1091500/443827/2239c34828b15de73e5a37215c58c74fa09046ad/1750616477/dash_av1.mpd?t=1646231501', 'https://video.akamai.steamstatic.com/store_trailers/1091500/443827/2239c34828b15de73e5a37215c58c74fa09046ad/1750616477/dash_h264.mpd?t=1646231501', 'https://video.akamai.steamstatic.com/store_trailers/1091500/443827/2239c34828b15de73e5a37215c58c74fa09046ad/1750616477/hls_264_master.m3u8?t=1646231501', true, NOW(), NOW());
INSERT INTO game_media (game_id, media_id, name, thumbnail, webm, mp4, dash_av1, dash_h264, hls_h264, highlight, created_at, updated_at) VALUES (39, 256810255, '022_CP_Gameplay_Trailer_EN_ESRB M_16x9_1080__', 'https://shared.akamai.steamstatic.com/store_item_assets/steam/apps/256810255/movie.293x165.jpg?t=1611328033', '{\"480\":\"https:\\/\\/video.akamai.steamstatic.com\\/store_trailers\\/256810255\\/movie480_vp9.webm?t=1611328033\",\"max\":\"https:\\/\\/video.akamai.steamstatic.com\\/store_trailers\\/256810255\\/movie_max_vp9.webm?t=1611328033\"}', '{\"480\":\"https:\\/\\/video.akamai.steamstatic.com\\/store_trailers\\/256810255\\/movie480.mp4?t=1611328033\",\"max\":\"https:\\/\\/video.akamai.steamstatic.com\\/store_trailers\\/256810255\\/movie_max.mp4?t=1611328033\"}', 'https://video.akamai.steamstatic.com/store_trailers/1091500/327940/9edc84cbd6af95da2b01274b2fe5fa99e116e58e/1750616176/dash_av1.mpd?t=1611328033', 'https://video.akamai.steamstatic.com/store_trailers/1091500/327940/9edc84cbd6af95da2b01274b2fe5fa99e116e58e/1750616176/dash_h264.mpd?t=1611328033', 'https://video.akamai.steamstatic.com/store_trailers/1091500/327940/9edc84cbd6af95da2b01274b2fe5fa99e116e58e/1750616176/hls_264_master.m3u8?t=1611328033', true, NOW(), NOW());
INSERT INTO game_media (game_id, media_id, name, thumbnail, webm, mp4, dash_av1, dash_h264, hls_h264, highlight, created_at, updated_at) VALUES (39, 256812919, '024_CP_Launch_Trailer_EN_ESRB M_16x9_1080__', 'https://shared.akamai.steamstatic.com/store_item_assets/steam/apps/256812919/movie.293x165.jpg?t=1611326855', '{\"480\":\"https:\\/\\/video.akamai.steamstatic.com\\/store_trailers\\/256812919\\/movie480_vp9.webm?t=1611326855\",\"max\":\"https:\\/\\/video.akamai.steamstatic.com\\/store_trailers\\/256812919\\/movie_max_vp9.webm?t=1611326855\"}', '{\"480\":\"https:\\/\\/video.akamai.steamstatic.com\\/store_trailers\\/256812919\\/movie480.mp4?t=1611326855\",\"max\":\"https:\\/\\/video.akamai.steamstatic.com\\/store_trailers\\/256812919\\/movie_max.mp4?t=1611326855\"}', 'https://video.akamai.steamstatic.com/store_trailers/1091500/332451/a97aa3b993ea2c37aa8ef31e961c3f2f6cf36920/1750616278/dash_av1.mpd?t=1611326855', 'https://video.akamai.steamstatic.com/store_trailers/1091500/332451/a97aa3b993ea2c37aa8ef31e961c3f2f6cf36920/1750616278/dash_h264.mpd?t=1611326855', 'https://video.akamai.steamstatic.com/store_trailers/1091500/332451/a97aa3b993ea2c37aa8ef31e961c3f2f6cf36920/1750616278/hls_264_master.m3u8?t=1611326855', true, NOW(), NOW());
INSERT INTO game_category (game_id, category_id, created_at, updated_at) VALUES (39, 39, NOW(), NOW());
INSERT INTO game_category (game_id, category_id, created_at, updated_at) VALUES (39, 41, NOW(), NOW());
INSERT INTO game_category (game_id, category_id, created_at, updated_at) VALUES (39, 13, NOW(), NOW());
INSERT INTO game_category (game_id, category_id, created_at, updated_at) VALUES (39, 45, NOW(), NOW());
INSERT INTO game_category (game_id, category_id, created_at, updated_at) VALUES (39, 2, NOW(), NOW());
INSERT INTO game_category (game_id, category_id, created_at, updated_at) VALUES (39, 3, NOW(), NOW());
INSERT INTO game_category (game_id, category_id, created_at, updated_at) VALUES (39, 8, NOW(), NOW());
INSERT INTO game_category (game_id, category_id, created_at, updated_at) VALUES (39, 11, NOW(), NOW());
INSERT INTO game_category (game_id, category_id, created_at, updated_at) VALUES (39, 1, NOW(), NOW());
INSERT INTO game_category (game_id, category_id, created_at, updated_at) VALUES (39, 29, NOW(), NOW());
INSERT INTO game_category (game_id, category_id, created_at, updated_at) VALUES (39, 35, NOW(), NOW());
INSERT INTO game_category (game_id, category_id, created_at, updated_at) VALUES (39, 49, NOW(), NOW());
INSERT INTO game_category (game_id, category_id, created_at, updated_at) VALUES (39, 50, NOW(), NOW());
INSERT INTO game_category (game_id, category_id, created_at, updated_at) VALUES (39, 51, NOW(), NOW());
INSERT INTO game_category (game_id, category_id, created_at, updated_at) VALUES (39, 42, NOW(), NOW());
INSERT INTO game_category (game_id, category_id, created_at, updated_at) VALUES (39, 12, NOW(), NOW());
INSERT INTO game_genre (game_id, genre_id, created_at, updated_at) VALUES (39, 14, NOW(), NOW());
INSERT INTO game_developer (game_id, developer_id, created_at, updated_at) VALUES (39, 18, NOW(), NOW());
INSERT INTO game_publisher (game_id, publisher_id, created_at, updated_at) VALUES (39, 17, NOW(), NOW());

-- Game #40: BeamNG.drive
INSERT INTO games (id, steam_id, name, type, slug, short_description, required_age, is_free, have_dlc, icon, supported_languages, release_date, coming_soon, recommendations, achievements_count, positive_reviews, negative_reviews, total_reviews, positive_ratio, content_descriptors, is_active, created_at, updated_at) VALUES (40, 284160, 'BeamNG.drive', 'game', 'beamng-drive', 'A dynamic soft-body physics vehicle simulator capable of doing just about anything.', 0, false, false, 'https://shared.akamai.steamstatic.com/store_item_assets/steam/apps/284160/header.jpg?t=1760983471', '[\"English\",\"French\",\"Japanese\",\"Korean\",\"Portuguese - Portugal\",\"Portuguese - Brazil\",\"Russian\",\"Simplified Chinese\",\"Spanish - Latin America\",\"Traditional Chinese\",\"Spanish - Spain\",\"German\",\"Polish\"]', '2015-05-29', false, 321965, 5, 269, 31, 300, 0.897, '{\"ids\":[],\"notes\":null}', true, NOW(), NOW());
INSERT INTO game_platforms (game_id, windows, mac, linux, created_at, updated_at) VALUES (40, true, false, false, NOW(), NOW());
INSERT INTO game_requirements (game_id, pc_requirements, mac_requirements, linux_requirements, created_at, updated_at) VALUES (40, 'Minimum: Requires a 64-bit processor and operating system OS: Windows 10 64 Bit Processor: AMD Ryzen 5 1600 / Intel Core i5 8400 Memory: 16 GB RAM Graphics: AMD Radeon RX 570 / Nvidia GeForce GTX 1060 DirectX: Version 11 Storage: 55 GB available space', 'Minimum:', 'Minimum:', NOW(), NOW());
INSERT INTO game_community_ratings (game_id, toxicity_rate, cheater_rate, bug_rate, microtransaction_rate, bad_optimization_rate, not_recommended_rate, created_at, updated_at) VALUES (40, 0, 0, 0.056, 0.003, 0.043, 0.041, NOW(), NOW());
INSERT INTO game_media (game_id, media_id, name, thumbnail, webm, mp4, dash_av1, dash_h264, hls_h264, highlight, created_at, updated_at) VALUES (40, 257056227, 'Showcase Trailer', 'https://shared.akamai.steamstatic.com/store_item_assets/steam/apps/257056227/movie.293x165.jpg?t=1726679700', '{\"480\":\"https:\\/\\/video.akamai.steamstatic.com\\/store_trailers\\/257056227\\/movie480_vp9.webm?t=1726679700\",\"max\":\"https:\\/\\/video.akamai.steamstatic.com\\/store_trailers\\/257056227\\/movie_max_vp9.webm?t=1726679700\"}', '{\"480\":\"https:\\/\\/video.akamai.steamstatic.com\\/store_trailers\\/257056227\\/movie480.mp4?t=1726679700\",\"max\":\"https:\\/\\/video.akamai.steamstatic.com\\/store_trailers\\/257056227\\/movie_max.mp4?t=1726679700\"}', 'https://video.akamai.steamstatic.com/store_trailers/284160/757638/a00637fca41f0def6f8ed03b142736fd4d4dacfb/1750489692/dash_av1.mpd?t=1726679700', 'https://video.akamai.steamstatic.com/store_trailers/284160/757638/a00637fca41f0def6f8ed03b142736fd4d4dacfb/1750489692/dash_h264.mpd?t=1726679700', 'https://video.akamai.steamstatic.com/store_trailers/284160/757638/a00637fca41f0def6f8ed03b142736fd4d4dacfb/1750489692/hls_264_master.m3u8?t=1726679700', true, NOW(), NOW());
INSERT INTO game_media (game_id, media_id, name, thumbnail, webm, mp4, dash_av1, dash_h264, hls_h264, highlight, created_at, updated_at) VALUES (40, 256985226, 'BeamNG Levels', 'https://shared.akamai.steamstatic.com/store_item_assets/steam/apps/256985226/movie.293x165.jpg?t=1702416467', '{\"480\":\"https:\\/\\/video.akamai.steamstatic.com\\/store_trailers\\/256985226\\/movie480_vp9.webm?t=1702416467\",\"max\":\"https:\\/\\/video.akamai.steamstatic.com\\/store_trailers\\/256985226\\/movie_max_vp9.webm?t=1702416467\"}', '{\"480\":\"https:\\/\\/video.akamai.steamstatic.com\\/store_trailers\\/256985226\\/movie480.mp4?t=1702416467\",\"max\":\"https:\\/\\/video.akamai.steamstatic.com\\/store_trailers\\/256985226\\/movie_max.mp4?t=1702416467\"}', 'https://video.akamai.steamstatic.com/store_trailers/284160/634428/64bd84aa9188a776106de3e45645aa6179ad2363/1750489686/dash_av1.mpd?t=1702416467', 'https://video.akamai.steamstatic.com/store_trailers/284160/634428/64bd84aa9188a776106de3e45645aa6179ad2363/1750489686/dash_h264.mpd?t=1702416467', 'https://video.akamai.steamstatic.com/store_trailers/284160/634428/64bd84aa9188a776106de3e45645aa6179ad2363/1750489686/hls_264_master.m3u8?t=1702416467', true, NOW(), NOW());
INSERT INTO game_media (game_id, media_id, name, thumbnail, webm, mp4, dash_av1, dash_h264, hls_h264, highlight, created_at, updated_at) VALUES (40, 256770596, 'Ibishu Hopper Crawler', 'https://shared.akamai.steamstatic.com/store_item_assets/steam/apps/256770596/movie.293x165.jpg?t=1576834314', '{\"480\":\"https:\\/\\/video.akamai.steamstatic.com\\/store_trailers\\/256770596\\/movie480.webm?t=1576834314\",\"max\":\"https:\\/\\/video.akamai.steamstatic.com\\/store_trailers\\/256770596\\/movie_max.webm?t=1576834314\"}', '{\"480\":\"https:\\/\\/video.akamai.steamstatic.com\\/store_trailers\\/256770596\\/movie480.mp4?t=1576834314\",\"max\":\"https:\\/\\/video.akamai.steamstatic.com\\/store_trailers\\/256770596\\/movie_max.mp4?t=1576834314\"}', 'https://video.akamai.steamstatic.com/store_trailers/284160/258472/156d858ae69cef3e60e4ad225151e73c69b0eefd/1750489691/dash_av1.mpd?t=1576834314', 'https://video.akamai.steamstatic.com/store_trailers/284160/258472/156d858ae69cef3e60e4ad225151e73c69b0eefd/1750489691/dash_h264.mpd?t=1576834314', 'https://video.akamai.steamstatic.com/store_trailers/284160/258472/156d858ae69cef3e60e4ad225151e73c69b0eefd/1750489691/hls_264_master.m3u8?t=1576834314', true, NOW(), NOW());
INSERT INTO game_media (game_id, media_id, name, thumbnail, webm, mp4, dash_av1, dash_h264, hls_h264, highlight, created_at, updated_at) VALUES (40, 256770600, 'Italy Map Trailer', 'https://shared.akamai.steamstatic.com/store_item_assets/steam/apps/256770600/movie.293x165.jpg?t=1576834355', '{\"480\":\"https:\\/\\/video.akamai.steamstatic.com\\/store_trailers\\/256770600\\/movie480.webm?t=1576834355\",\"max\":\"https:\\/\\/video.akamai.steamstatic.com\\/store_trailers\\/256770600\\/movie_max.webm?t=1576834355\"}', '{\"480\":\"https:\\/\\/video.akamai.steamstatic.com\\/store_trailers\\/256770600\\/movie480.mp4?t=1576834355\",\"max\":\"https:\\/\\/video.akamai.steamstatic.com\\/store_trailers\\/256770600\\/movie_max.mp4?t=1576834355\"}', 'https://video.akamai.steamstatic.com/store_trailers/284160/258477/5f26c6c322a599458c0cea76cb5803b789707d07/1750489653/dash_av1.mpd?t=1576834355', 'https://video.akamai.steamstatic.com/store_trailers/284160/258477/5f26c6c322a599458c0cea76cb5803b789707d07/1750489653/dash_h264.mpd?t=1576834355', 'https://video.akamai.steamstatic.com/store_trailers/284160/258477/5f26c6c322a599458c0cea76cb5803b789707d07/1750489653/hls_264_master.m3u8?t=1576834355', true, NOW(), NOW());
INSERT INTO game_media (game_id, media_id, name, thumbnail, webm, mp4, dash_av1, dash_h264, hls_h264, highlight, created_at, updated_at) VALUES (40, 256770602, 'Autobello Piccolina Trailer', 'https://shared.akamai.steamstatic.com/store_item_assets/steam/apps/256770602/movie.293x165.jpg?t=1576847856', '{\"480\":\"https:\\/\\/video.akamai.steamstatic.com\\/store_trailers\\/256770602\\/movie480.webm?t=1576847856\",\"max\":\"https:\\/\\/video.akamai.steamstatic.com\\/store_trailers\\/256770602\\/movie_max.webm?t=1576847856\"}', '{\"480\":\"https:\\/\\/video.akamai.steamstatic.com\\/store_trailers\\/256770602\\/movie480.mp4?t=1576847856\",\"max\":\"https:\\/\\/video.akamai.steamstatic.com\\/store_trailers\\/256770602\\/movie_max.mp4?t=1576847856\"}', 'https://video.akamai.steamstatic.com/store_trailers/284160/258479/cf473cf5899b5d8aaf166acd86621a045c035418/1750489680/dash_av1.mpd?t=1576847856', 'https://video.akamai.steamstatic.com/store_trailers/284160/258479/cf473cf5899b5d8aaf166acd86621a045c035418/1750489680/dash_h264.mpd?t=1576847856', 'https://video.akamai.steamstatic.com/store_trailers/284160/258479/cf473cf5899b5d8aaf166acd86621a045c035418/1750489680/hls_264_master.m3u8?t=1576847856', true, NOW(), NOW());
INSERT INTO game_media (game_id, media_id, name, thumbnail, webm, mp4, dash_av1, dash_h264, hls_h264, highlight, created_at, updated_at) VALUES (40, 256770598, 'Tech Showcase 2019', 'https://shared.akamai.steamstatic.com/store_item_assets/steam/apps/256770598/movie.293x165.jpg?t=1576834364', '{\"480\":\"https:\\/\\/video.akamai.steamstatic.com\\/store_trailers\\/256770598\\/movie480.webm?t=1576834364\",\"max\":\"https:\\/\\/video.akamai.steamstatic.com\\/store_trailers\\/256770598\\/movie_max.webm?t=1576834364\"}', '{\"480\":\"https:\\/\\/video.akamai.steamstatic.com\\/store_trailers\\/256770598\\/movie480.mp4?t=1576834364\",\"max\":\"https:\\/\\/video.akamai.steamstatic.com\\/store_trailers\\/256770598\\/movie_max.mp4?t=1576834364\"}', 'https://video.akamai.steamstatic.com/store_trailers/284160/258475/d15d4c345430ce722566a626ad82ab1721e9f698/1750489645/dash_av1.mpd?t=1576834364', 'https://video.akamai.steamstatic.com/store_trailers/284160/258475/d15d4c345430ce722566a626ad82ab1721e9f698/1750489645/dash_h264.mpd?t=1576834364', 'https://video.akamai.steamstatic.com/store_trailers/284160/258475/d15d4c345430ce722566a626ad82ab1721e9f698/1750489645/hls_264_master.m3u8?t=1576834364', true, NOW(), NOW());
INSERT INTO game_category (game_id, category_id, created_at, updated_at) VALUES (40, 39, NOW(), NOW());
INSERT INTO game_category (game_id, category_id, created_at, updated_at) VALUES (40, 41, NOW(), NOW());
INSERT INTO game_category (game_id, category_id, created_at, updated_at) VALUES (40, 45, NOW(), NOW());
INSERT INTO game_category (game_id, category_id, created_at, updated_at) VALUES (40, 3, NOW(), NOW());
INSERT INTO game_category (game_id, category_id, created_at, updated_at) VALUES (40, 11, NOW(), NOW());
INSERT INTO game_category (game_id, category_id, created_at, updated_at) VALUES (40, 19, NOW(), NOW());
INSERT INTO game_category (game_id, category_id, created_at, updated_at) VALUES (40, 49, NOW(), NOW());
INSERT INTO game_category (game_id, category_id, created_at, updated_at) VALUES (40, 51, NOW(), NOW());
INSERT INTO game_category (game_id, category_id, created_at, updated_at) VALUES (40, 28, NOW(), NOW());
INSERT INTO game_category (game_id, category_id, created_at, updated_at) VALUES (40, 42, NOW(), NOW());
INSERT INTO game_category (game_id, category_id, created_at, updated_at) VALUES (40, 18, NOW(), NOW());
INSERT INTO game_category (game_id, category_id, created_at, updated_at) VALUES (40, 32, NOW(), NOW());
INSERT INTO game_category (game_id, category_id, created_at, updated_at) VALUES (40, 34, NOW(), NOW());
INSERT INTO game_category (game_id, category_id, created_at, updated_at) VALUES (40, 31, NOW(), NOW());
INSERT INTO game_category (game_id, category_id, created_at, updated_at) VALUES (40, 12, NOW(), NOW());
INSERT INTO game_genre (game_id, genre_id, created_at, updated_at) VALUES (40, 15, NOW(), NOW());
INSERT INTO game_genre (game_id, genre_id, created_at, updated_at) VALUES (40, 16, NOW(), NOW());
INSERT INTO game_genre (game_id, genre_id, created_at, updated_at) VALUES (40, 7, NOW(), NOW());
INSERT INTO game_developer (game_id, developer_id, created_at, updated_at) VALUES (40, 10, NOW(), NOW());
INSERT INTO game_publisher (game_id, publisher_id, created_at, updated_at) VALUES (40, 11, NOW(), NOW());

-- Game #41: Phasmophobia
INSERT INTO games (id, steam_id, name, type, slug, short_description, required_age, is_free, have_dlc, icon, supported_languages, release_date, coming_soon, recommendations, achievements_count, positive_reviews, negative_reviews, total_reviews, positive_ratio, content_descriptors, is_active, created_at, updated_at) VALUES (41, 739630, 'Phasmophobia', 'game', 'phasmophobia', 'Phasmophobia is a 4 player online co-op psychological horror. Paranormal activity is on the rise and it’s up to you and your team to use all the ghost-hunting equipment at your disposal in order to gather as much evidence as you can.', 0, false, false, 'https://shared.akamai.steamstatic.com/store_item_assets/steam/apps/739630/1047b825d7de47313526559ac7d571de52ef1267/header_alt_assets_4.jpg?t=1760011077', '[\"English *\",\"Portuguese - Portugal\",\"Spanish - Spain\",\"Portuguese - Brazil\",\"German\",\"French\",\"Italian\",\"Bulgarian\",\"Czech\",\"Danish\",\"Dutch\",\"Finnish\",\"Greek\",\"Hungarian\",\"Japanese\",\"Korean\",\"Norwegian\",\"Polish\",\"Romanian\",\"Russian\",\"Simplified Chinese\",\"Swedish\",\"Traditional Chinese\",\"Turkish\",\"Ukrainian\",\"Catalan * languages with full audio support\"]', '2020-09-18', false, 644112, 54, 116, 184, 300, 0.387, '{\"ids\":[],\"notes\":null}', true, NOW(), NOW());
INSERT INTO game_platforms (game_id, windows, mac, linux, created_at, updated_at) VALUES (41, true, false, false, NOW(), NOW());
INSERT INTO game_requirements (game_id, pc_requirements, mac_requirements, linux_requirements, created_at, updated_at) VALUES (41, 'Minimum: Requires a 64-bit processor and operating system OS: Windows 10 64Bit Processor: Intel Core i5-4590 / AMD Ryzen 5 2600 Memory: 8 GB RAM Graphics: NVIDIA GTX 970 / AMD Radeon R9 390 DirectX: Version 11 Storage: 21 GB available space VR Support: OpenXR Additional Notes: Minimum Specs are for VR, lower specs may work for Non-VR.', 'Minimum:', 'Minimum:', NOW(), NOW());
INSERT INTO game_community_ratings (game_id, toxicity_rate, cheater_rate, bug_rate, microtransaction_rate, bad_optimization_rate, not_recommended_rate, created_at, updated_at) VALUES (41, 0.056, 0.043, 0.067, 0.008, 0.081, 0.227, NOW(), NOW());
INSERT INTO game_media (game_id, media_id, name, thumbnail, webm, mp4, dash_av1, dash_h264, hls_h264, highlight, created_at, updated_at) VALUES (41, 257214797, 'Crimson Eye 2025 Launch Trailer', 'https://shared.akamai.steamstatic.com/store_item_assets/steam/apps/257214797/ae11bfcfed2a09d5eb1b8c42f65ba6ee3284d9a4/movie_600x337.jpg?t=1760010930', '{\"480\":\"https:\\/\\/video.akamai.steamstatic.com\\/store_trailers\\/257214797\\/movie480.webm?t=1760010930\",\"max\":\"https:\\/\\/video.akamai.steamstatic.com\\/store_trailers\\/257214797\\/movie_max.webm?t=1760010930\"}', '{\"480\":\"https:\\/\\/video.akamai.steamstatic.com\\/store_trailers\\/257214797\\/movie480.mp4?t=1760010930\",\"max\":\"https:\\/\\/video.akamai.steamstatic.com\\/store_trailers\\/257214797\\/movie_max.mp4?t=1760010930\"}', 'https://video.akamai.steamstatic.com/store_trailers/739630/1552881570/335070f744f9106ae5e54bd713a68015e6a43f75/1760010483/dash_av1.mpd?t=1760010930', 'https://video.akamai.steamstatic.com/store_trailers/739630/1552881570/335070f744f9106ae5e54bd713a68015e6a43f75/1760010483/dash_h264.mpd?t=1760010930', 'https://video.akamai.steamstatic.com/store_trailers/739630/1552881570/335070f744f9106ae5e54bd713a68015e6a43f75/1760010483/hls_264_master.m3u8?t=1760010930', true, NOW(), NOW());
INSERT INTO game_media (game_id, media_id, name, thumbnail, webm, mp4, dash_av1, dash_h264, hls_h264, highlight, created_at, updated_at) VALUES (41, 257182182, 'Grafton Farmhouse Rework Trailer', 'https://shared.akamai.steamstatic.com/store_item_assets/steam/apps/257182182/fe4766396c4c00ebff365caa48a25b0a39f1f827/movie_600x337.jpg?t=1755017515', '{\"480\":\"https:\\/\\/video.akamai.steamstatic.com\\/store_trailers\\/257182182\\/movie480_vp9.webm?t=1755017515\",\"max\":\"https:\\/\\/video.akamai.steamstatic.com\\/store_trailers\\/257182182\\/movie_max_vp9.webm?t=1755017515\"}', '{\"480\":\"https:\\/\\/video.akamai.steamstatic.com\\/store_trailers\\/257182182\\/movie480.mp4?t=1755017515\",\"max\":\"https:\\/\\/video.akamai.steamstatic.com\\/store_trailers\\/257182182\\/movie_max.mp4?t=1755017515\"}', 'https://video.akamai.steamstatic.com/store_trailers/739630/1008284278/05cce59606f4eecc01fbd4c394affb26688c3cd7/1755014328/dash_av1.mpd?t=1755017515', 'https://video.akamai.steamstatic.com/store_trailers/739630/1008284278/05cce59606f4eecc01fbd4c394affb26688c3cd7/1755014328/dash_h264.mpd?t=1755017515', 'https://video.akamai.steamstatic.com/store_trailers/739630/1008284278/05cce59606f4eecc01fbd4c394affb26688c3cd7/1755014328/hls_264_master.m3u8?t=1755017515', true, NOW(), NOW());
INSERT INTO game_media (game_id, media_id, name, thumbnail, webm, mp4, dash_av1, dash_h264, hls_h264, highlight, created_at, updated_at) VALUES (41, 257162354, 'Chronicle Trailer', 'https://shared.akamai.steamstatic.com/store_item_assets/steam/apps/257162354/e7d67524627b70715026c683f736a281ab85244e/movie_600x337.jpg?t=1751054305', '{\"480\":\"https:\\/\\/video.akamai.steamstatic.com\\/store_trailers\\/257162354\\/movie480_vp9.webm?t=1751054305\",\"max\":\"https:\\/\\/video.akamai.steamstatic.com\\/store_trailers\\/257162354\\/movie_max_vp9.webm?t=1751054305\"}', '{\"480\":\"https:\\/\\/video.akamai.steamstatic.com\\/store_trailers\\/257162354\\/movie480.mp4?t=1751054305\",\"max\":\"https:\\/\\/video.akamai.steamstatic.com\\/store_trailers\\/257162354\\/movie_max.mp4?t=1751054305\"}', 'https://video.akamai.steamstatic.com/store_trailers/739630/2083657862/575d9030b435c49ad063715dc31098f8c9502486/1751023288/dash_av1.mpd?t=1751054305', 'https://video.akamai.steamstatic.com/store_trailers/739630/2083657862/575d9030b435c49ad063715dc31098f8c9502486/1751023288/dash_h264.mpd?t=1751054305', 'https://video.akamai.steamstatic.com/store_trailers/739630/2083657862/575d9030b435c49ad063715dc31098f8c9502486/1751023288/hls_264_master.m3u8?t=1751054305', true, NOW(), NOW());
INSERT INTO game_media (game_id, media_id, name, thumbnail, webm, mp4, dash_av1, dash_h264, hls_h264, highlight, created_at, updated_at) VALUES (41, 256906135, 'Apocalypse Trailer', 'https://shared.akamai.steamstatic.com/store_item_assets/steam/apps/256906135/movie.293x165.jpg?t=1663254571', '{\"480\":\"https:\\/\\/video.akamai.steamstatic.com\\/store_trailers\\/256906135\\/movie480_vp9.webm?t=1663254571\",\"max\":\"https:\\/\\/video.akamai.steamstatic.com\\/store_trailers\\/256906135\\/movie_max_vp9.webm?t=1663254571\"}', '{\"480\":\"https:\\/\\/video.akamai.steamstatic.com\\/store_trailers\\/256906135\\/movie480.mp4?t=1663254571\",\"max\":\"https:\\/\\/video.akamai.steamstatic.com\\/store_trailers\\/256906135\\/movie_max.mp4?t=1663254571\"}', 'https://video.akamai.steamstatic.com/store_trailers/739630/496749/a8b81b6bdd55e0c850ee75984d2d9d6559aad093/1750576963/dash_av1.mpd?t=1663254571', 'https://video.akamai.steamstatic.com/store_trailers/739630/496749/a8b81b6bdd55e0c850ee75984d2d9d6559aad093/1750576963/dash_h264.mpd?t=1663254571', 'https://video.akamai.steamstatic.com/store_trailers/739630/496749/a8b81b6bdd55e0c850ee75984d2d9d6559aad093/1750576963/hls_264_master.m3u8?t=1663254571', false, NOW(), NOW());
INSERT INTO game_media (game_id, media_id, name, thumbnail, webm, mp4, dash_av1, dash_h264, hls_h264, highlight, created_at, updated_at) VALUES (41, 256776660, 'Announcement Trailer', 'https://shared.akamai.steamstatic.com/store_item_assets/steam/apps/256776660/movie.293x165.jpg?t=1583525286', '{\"480\":\"https:\\/\\/video.akamai.steamstatic.com\\/store_trailers\\/256776660\\/movie480.webm?t=1583525286\",\"max\":\"https:\\/\\/video.akamai.steamstatic.com\\/store_trailers\\/256776660\\/movie_max.webm?t=1583525286\"}', '{\"480\":\"https:\\/\\/video.akamai.steamstatic.com\\/store_trailers\\/256776660\\/movie480.mp4?t=1583525286\",\"max\":\"https:\\/\\/video.akamai.steamstatic.com\\/store_trailers\\/256776660\\/movie_max.mp4?t=1583525286\"}', 'https://video.akamai.steamstatic.com/store_trailers/739630/269583/d09bb10900c8311fa5e87635f92a223e202458e5/1750576961/dash_av1.mpd?t=1583525286', 'https://video.akamai.steamstatic.com/store_trailers/739630/269583/d09bb10900c8311fa5e87635f92a223e202458e5/1750576961/dash_h264.mpd?t=1583525286', 'https://video.akamai.steamstatic.com/store_trailers/739630/269583/d09bb10900c8311fa5e87635f92a223e202458e5/1750576961/hls_264_master.m3u8?t=1583525286', false, NOW(), NOW());
INSERT INTO game_category (game_id, category_id, created_at, updated_at) VALUES (41, 39, NOW(), NOW());
INSERT INTO game_category (game_id, category_id, created_at, updated_at) VALUES (41, 24, NOW(), NOW());
INSERT INTO game_category (game_id, category_id, created_at, updated_at) VALUES (41, 7, NOW(), NOW());
INSERT INTO game_category (game_id, category_id, created_at, updated_at) VALUES (41, 26, NOW(), NOW());
INSERT INTO game_category (game_id, category_id, created_at, updated_at) VALUES (41, 41, NOW(), NOW());
INSERT INTO game_category (game_id, category_id, created_at, updated_at) VALUES (41, 13, NOW(), NOW());
INSERT INTO game_category (game_id, category_id, created_at, updated_at) VALUES (41, 52, NOW(), NOW());
INSERT INTO game_category (game_id, category_id, created_at, updated_at) VALUES (41, 53, NOW(), NOW());
INSERT INTO game_category (game_id, category_id, created_at, updated_at) VALUES (41, 45, NOW(), NOW());
INSERT INTO game_category (game_id, category_id, created_at, updated_at) VALUES (41, 3, NOW(), NOW());
INSERT INTO game_category (game_id, category_id, created_at, updated_at) VALUES (41, 1, NOW(), NOW());
INSERT INTO game_category (game_id, category_id, created_at, updated_at) VALUES (41, 29, NOW(), NOW());
INSERT INTO game_category (game_id, category_id, created_at, updated_at) VALUES (41, 49, NOW(), NOW());
INSERT INTO game_category (game_id, category_id, created_at, updated_at) VALUES (41, 51, NOW(), NOW());
INSERT INTO game_category (game_id, category_id, created_at, updated_at) VALUES (41, 42, NOW(), NOW());
INSERT INTO game_category (game_id, category_id, created_at, updated_at) VALUES (41, 32, NOW(), NOW());
INSERT INTO game_category (game_id, category_id, created_at, updated_at) VALUES (41, 34, NOW(), NOW());
INSERT INTO game_category (game_id, category_id, created_at, updated_at) VALUES (41, 12, NOW(), NOW());
INSERT INTO game_genre (game_id, genre_id, created_at, updated_at) VALUES (41, 1, NOW(), NOW());
INSERT INTO game_genre (game_id, genre_id, created_at, updated_at) VALUES (41, 11, NOW(), NOW());
INSERT INTO game_genre (game_id, genre_id, created_at, updated_at) VALUES (41, 7, NOW(), NOW());
INSERT INTO game_developer (game_id, developer_id, created_at, updated_at) VALUES (41, 56, NOW(), NOW());
INSERT INTO game_publisher (game_id, publisher_id, created_at, updated_at) VALUES (41, 43, NOW(), NOW());

-- Game #42: Arena Breakout: Infinite
INSERT INTO games (id, steam_id, name, type, slug, short_description, required_age, is_free, have_dlc, icon, supported_languages, release_date, coming_soon, recommendations, achievements_count, positive_reviews, negative_reviews, total_reviews, positive_ratio, content_descriptors, is_active, created_at, updated_at) VALUES (42, 2073620, 'Arena Breakout: Infinite', 'game', 'arena-breakout-infinite', 'Arena Breakout: Infinite is a high-stakes tactical extraction shooter where every decision matters. Fight, loot, and extract—or lose it all. With stunningly realistic visuals, lifelike sound, and unforgiving PvPvE combat, every raid is a gamble between glory and ruin.', 0, true, false, 'https://shared.akamai.steamstatic.com/store_item_assets/steam/apps/2073620/1b60ef4c79943bfca0b57c39c2d1e3d5941c77ed/header.jpg?t=1760322468', '[\"English *\",\"Traditional Chinese *\",\"German\",\"Russian\",\"Japanese\",\"Portuguese - Brazil\",\"Spanish - Latin America\",\"Thai\",\"Simplified Chinese * * languages with full audio support\"]', '2025-09-15', false, 0, 33, 156, 144, 300, 0.52, '{\"ids\":[5],\"notes\":\"The game contains gun shooting and violent content.\"}', true, NOW(), NOW());
INSERT INTO game_platforms (game_id, windows, mac, linux, created_at, updated_at) VALUES (42, true, false, false, NOW(), NOW());
INSERT INTO game_requirements (game_id, pc_requirements, mac_requirements, linux_requirements, created_at, updated_at) VALUES (42, 'Minimum: Requires a 64-bit processor and operating system OS: 64-bit Windows 10 or above Processor: Intel Core i5-7500 or AMD Ryzen 5 1400 Memory: 12 GB RAM Graphics: NVIDIA GTX 960 2G or AMD Radeon RX 5500 or Intel Arc A380 DirectX: Version 12 Network: Broadband Internet connection Storage: 70 GB available space', 'Minimum:', 'Minimum:', NOW(), NOW());
INSERT INTO game_community_ratings (game_id, toxicity_rate, cheater_rate, bug_rate, microtransaction_rate, bad_optimization_rate, not_recommended_rate, created_at, updated_at) VALUES (42, 0.142, 0.238, 0.034, 0.034, 0.056, 0.17, NOW(), NOW());
INSERT INTO game_media (game_id, media_id, name, thumbnail, webm, mp4, dash_av1, dash_h264, hls_h264, highlight, created_at, updated_at) VALUES (42, 257191985, 'Arena Breakout: Infinite Final Trailer', 'https://shared.akamai.steamstatic.com/store_item_assets/steam/apps/257191985/49423e42f1581dc4afb774f2579edc24d642f6b6/movie_600x337.jpg?t=1756818162', '{\"480\":\"https:\\/\\/video.akamai.steamstatic.com\\/store_trailers\\/257191985\\/movie480_vp9.webm?t=1756818162\",\"max\":\"https:\\/\\/video.akamai.steamstatic.com\\/store_trailers\\/257191985\\/movie_max_vp9.webm?t=1756818162\"}', '{\"480\":\"https:\\/\\/video.akamai.steamstatic.com\\/store_trailers\\/257191985\\/movie480.mp4?t=1756818162\",\"max\":\"https:\\/\\/video.akamai.steamstatic.com\\/store_trailers\\/257191985\\/movie_max.mp4?t=1756818162\"}', 'https://video.akamai.steamstatic.com/store_trailers/2073620/1689329505/2d907545f6daa3be435daeffdd92c2209eb96369/1756784199/dash_av1.mpd?t=1756818162', 'https://video.akamai.steamstatic.com/store_trailers/2073620/1689329505/2d907545f6daa3be435daeffdd92c2209eb96369/1756784199/dash_h264.mpd?t=1756818162', 'https://video.akamai.steamstatic.com/store_trailers/2073620/1689329505/2d907545f6daa3be435daeffdd92c2209eb96369/1756784199/hls_264_master.m3u8?t=1756818162', true, NOW(), NOW());
INSERT INTO game_category (game_id, category_id, created_at, updated_at) VALUES (42, 24, NOW(), NOW());
INSERT INTO game_category (game_id, category_id, created_at, updated_at) VALUES (42, 22, NOW(), NOW());
INSERT INTO game_category (game_id, category_id, created_at, updated_at) VALUES (42, 30, NOW(), NOW());
INSERT INTO game_category (game_id, category_id, created_at, updated_at) VALUES (42, 27, NOW(), NOW());
INSERT INTO game_category (game_id, category_id, created_at, updated_at) VALUES (42, 7, NOW(), NOW());
INSERT INTO game_category (game_id, category_id, created_at, updated_at) VALUES (42, 26, NOW(), NOW());
INSERT INTO game_category (game_id, category_id, created_at, updated_at) VALUES (42, 41, NOW(), NOW());
INSERT INTO game_category (game_id, category_id, created_at, updated_at) VALUES (42, 45, NOW(), NOW());
INSERT INTO game_category (game_id, category_id, created_at, updated_at) VALUES (42, 16, NOW(), NOW());
INSERT INTO game_genre (game_id, genre_id, created_at, updated_at) VALUES (42, 1, NOW(), NOW());
INSERT INTO game_genre (game_id, genre_id, created_at, updated_at) VALUES (42, 2, NOW(), NOW());
INSERT INTO game_genre (game_id, genre_id, created_at, updated_at) VALUES (42, 12, NOW(), NOW());
INSERT INTO game_genre (game_id, genre_id, created_at, updated_at) VALUES (42, 14, NOW(), NOW());
INSERT INTO game_genre (game_id, genre_id, created_at, updated_at) VALUES (42, 18, NOW(), NOW());
INSERT INTO game_genre (game_id, genre_id, created_at, updated_at) VALUES (42, 9, NOW(), NOW());
INSERT INTO game_developer (game_id, developer_id, created_at, updated_at) VALUES (42, 65, NOW(), NOW());
INSERT INTO game_publisher (game_id, publisher_id, created_at, updated_at) VALUES (42, 50, NOW(), NOW());

-- Game #43: PEAK
INSERT INTO games (id, steam_id, name, type, slug, short_description, required_age, is_free, have_dlc, icon, supported_languages, release_date, coming_soon, recommendations, achievements_count, positive_reviews, negative_reviews, total_reviews, positive_ratio, content_descriptors, is_active, created_at, updated_at) VALUES (43, 3527290, 'PEAK', 'game', 'peak', 'PEAK is a co-op climbing game where the slightest mistake can spell your doom. Either solo or as a group of lost nature scouts, your only hope of rescue from a mysterious island is to scale the mountain at its center. Do you have what it takes to reach the PEAK?', 0, false, false, 'https://shared.akamai.steamstatic.com/store_item_assets/steam/apps/3527290/31bac6b2eccf09b368f5e95ce510bae2baf3cfcd/header.jpg?t=1759172507', '[\"English\",\"French\",\"Italian\",\"German\",\"Spanish - Spain\",\"Japanese\",\"Korean\",\"Portuguese - Brazil\",\"Russian\",\"Simplified Chinese\",\"Spanish - Latin America\",\"Ukrainian\",\"Polish\",\"Turkish\"]', '2025-06-16', false, 135811, 43, 235, 65, 300, 0.783, '{\"ids\":[],\"notes\":null}', true, NOW(), NOW());
INSERT INTO game_platforms (game_id, windows, mac, linux, created_at, updated_at) VALUES (43, true, false, false, NOW(), NOW());
INSERT INTO game_requirements (game_id, pc_requirements, mac_requirements, linux_requirements, created_at, updated_at) VALUES (43, 'Minimum: Requires a 64-bit processor and operating system OS: Win 10 Processor: Intel Core i5 @ 2.5 GHz or equivalent Memory: 8 GB RAM Graphics: GTX 1060 or RX 6600 XT DirectX: Version 12 Storage: 4 GB available space Additional Notes: Requires a 64-bit processor and operating system', 'Minimum:', 'Minimum:', NOW(), NOW());
INSERT INTO game_community_ratings (game_id, toxicity_rate, cheater_rate, bug_rate, microtransaction_rate, bad_optimization_rate, not_recommended_rate, created_at, updated_at) VALUES (43, 0.077, 0.083, 0.06, 0.016, 0.071, 0.107, NOW(), NOW());
INSERT INTO game_media (game_id, media_id, name, thumbnail, webm, mp4, dash_av1, dash_h264, hls_h264, highlight, created_at, updated_at) VALUES (43, 257181658, 'The Mesa Update', 'https://shared.akamai.steamstatic.com/store_item_assets/steam/apps/257181658/b3be348dbada5b9db45915bfbad55cccf6795c00/movie_600x337.jpg?t=1754931583', '{\"480\":\"https:\\/\\/video.akamai.steamstatic.com\\/store_trailers\\/257181658\\/movie480_vp9.webm?t=1754931583\",\"max\":\"https:\\/\\/video.akamai.steamstatic.com\\/store_trailers\\/257181658\\/movie_max_vp9.webm?t=1754931583\"}', '{\"480\":\"https:\\/\\/video.akamai.steamstatic.com\\/store_trailers\\/257181658\\/movie480.mp4?t=1754931583\",\"max\":\"https:\\/\\/video.akamai.steamstatic.com\\/store_trailers\\/257181658\\/movie_max.mp4?t=1754931583\"}', 'https://video.akamai.steamstatic.com/store_trailers/3527290/363268313/a99c1275fc3066ce7b8e634df8e47f4ec39edb3d/1754929324/dash_av1.mpd?t=1754931583', 'https://video.akamai.steamstatic.com/store_trailers/3527290/363268313/a99c1275fc3066ce7b8e634df8e47f4ec39edb3d/1754929324/dash_h264.mpd?t=1754931583', 'https://video.akamai.steamstatic.com/store_trailers/3527290/363268313/a99c1275fc3066ce7b8e634df8e47f4ec39edb3d/1754929324/hls_264_master.m3u8?t=1754931583', true, NOW(), NOW());
INSERT INTO game_media (game_id, media_id, name, thumbnail, webm, mp4, dash_av1, dash_h264, hls_h264, highlight, created_at, updated_at) VALUES (43, 257155585, 'PEAK Release Trailer ', 'https://shared.akamai.steamstatic.com/store_item_assets/steam/apps/257155585/0d897adde23806bfffb625c155152f1897de3eb5/movie_600x337.jpg?t=1750093233', '{\"480\":\"https:\\/\\/video.akamai.steamstatic.com\\/store_trailers\\/257155585\\/movie480_vp9.webm?t=1750093233\",\"max\":\"https:\\/\\/video.akamai.steamstatic.com\\/store_trailers\\/257155585\\/movie_max_vp9.webm?t=1750093233\"}', '{\"480\":\"https:\\/\\/video.akamai.steamstatic.com\\/store_trailers\\/257155585\\/movie480.mp4?t=1750093233\",\"max\":\"https:\\/\\/video.akamai.steamstatic.com\\/store_trailers\\/257155585\\/movie_max.mp4?t=1750093233\"}', 'https://video.akamai.steamstatic.com/store_trailers/3527290/1124352640/46e621ec7cbf462dc1d877c8a841d5ba81038fe7/1750833231/dash_av1.mpd?t=1750093233', 'https://video.akamai.steamstatic.com/store_trailers/3527290/1124352640/46e621ec7cbf462dc1d877c8a841d5ba81038fe7/1750833231/dash_h264.mpd?t=1750093233', 'https://video.akamai.steamstatic.com/store_trailers/3527290/1124352640/46e621ec7cbf462dc1d877c8a841d5ba81038fe7/1750833231/hls_264_master.m3u8?t=1750093233', true, NOW(), NOW());
INSERT INTO game_category (game_id, category_id, created_at, updated_at) VALUES (43, 39, NOW(), NOW());
INSERT INTO game_category (game_id, category_id, created_at, updated_at) VALUES (43, 24, NOW(), NOW());
INSERT INTO game_category (game_id, category_id, created_at, updated_at) VALUES (43, 7, NOW(), NOW());
INSERT INTO game_category (game_id, category_id, created_at, updated_at) VALUES (43, 26, NOW(), NOW());
INSERT INTO game_category (game_id, category_id, created_at, updated_at) VALUES (43, 41, NOW(), NOW());
INSERT INTO game_category (game_id, category_id, created_at, updated_at) VALUES (43, 13, NOW(), NOW());
INSERT INTO game_category (game_id, category_id, created_at, updated_at) VALUES (43, 45, NOW(), NOW());
INSERT INTO game_category (game_id, category_id, created_at, updated_at) VALUES (43, 12, NOW(), NOW());
INSERT INTO game_genre (game_id, genre_id, created_at, updated_at) VALUES (43, 1, NOW(), NOW());
INSERT INTO game_genre (game_id, genre_id, created_at, updated_at) VALUES (43, 2, NOW(), NOW());
INSERT INTO game_genre (game_id, genre_id, created_at, updated_at) VALUES (43, 11, NOW(), NOW());
INSERT INTO game_developer (game_id, developer_id, created_at, updated_at) VALUES (43, 99, NOW(), NOW());
INSERT INTO game_publisher (game_id, publisher_id, created_at, updated_at) VALUES (43, 5, NOW(), NOW());
INSERT INTO game_publisher (game_id, publisher_id, created_at, updated_at) VALUES (43, 45, NOW(), NOW());

-- Game #44: The Sims™ 4
INSERT INTO games (id, steam_id, name, type, slug, short_description, required_age, is_free, have_dlc, icon, supported_languages, release_date, coming_soon, recommendations, achievements_count, positive_reviews, negative_reviews, total_reviews, positive_ratio, content_descriptors, is_active, created_at, updated_at) VALUES (44, 1222670, 'The Sims™ 4', 'game', 'the-sims-4', 'Play with life and discover the possibilities. Unleash your imagination and create a world of Sims that’s wholly unique. Explore and customize every detail from Sims to homes–and much more.', 0, true, true, 'https://shared.akamai.steamstatic.com/store_item_assets/steam/apps/1222670/header.jpg?t=1760029137', '[\"English\",\"French\",\"Italian\",\"German\",\"Spanish - Spain\",\"Czech\",\"Danish\",\"Dutch\",\"Japanese\",\"Norwegian\",\"Polish\",\"Portuguese - Brazil\",\"Russian\",\"Swedish\",\"Finnish\",\"Traditional Chinese\",\"Simplified Chinese\",\"Korean\"]', '2020-06-18', false, 81824, 0, 43, 257, 300, 0.143, '{\"ids\":[],\"notes\":null}', true, NOW(), NOW());
INSERT INTO game_platforms (game_id, windows, mac, linux, created_at, updated_at) VALUES (44, true, false, false, NOW(), NOW());
INSERT INTO game_requirements (game_id, pc_requirements, mac_requirements, linux_requirements, created_at, updated_at) VALUES (44, 'Minimum: Requires a 64-bit processor and operating system OS: 64 Bit Required. Windows 10 Processor: 3.3 GHz Intel Core i3-3220 (2 cores, 4 threads), AMD Ryzen 3 1200 3.1 GHz (4 cores) or better Memory: 4 GB RAM Graphics: 128 MB of Video RAM and support for Pixel Shader 3.0. Supported Video Cards: NVIDIA GeForce 6600 or better, ATI Radeon X1300 or better, Intel GMA X4500 or better DirectX: Version 11 Network: Broadband Internet connection Storage: 26 GB available space', 'Minimum:', 'Minimum:', NOW(), NOW());
INSERT INTO game_community_ratings (game_id, toxicity_rate, cheater_rate, bug_rate, microtransaction_rate, bad_optimization_rate, not_recommended_rate, created_at, updated_at) VALUES (44, 0, 0, 0.082, 0.128, 0.052, 0.084, NOW(), NOW());
INSERT INTO game_media (game_id, media_id, name, thumbnail, webm, mp4, dash_av1, dash_h264, hls_h264, highlight, created_at, updated_at) VALUES (44, 256911304, 'Trailer refresh', 'https://shared.akamai.steamstatic.com/store_item_assets/steam/apps/256911304/movie.293x165.jpg?t=1666105085', '{\"480\":\"https:\\/\\/video.akamai.steamstatic.com\\/store_trailers\\/256911304\\/movie480_vp9.webm?t=1666105085\",\"max\":\"https:\\/\\/video.akamai.steamstatic.com\\/store_trailers\\/256911304\\/movie_max_vp9.webm?t=1666105085\"}', '{\"480\":\"https:\\/\\/video.akamai.steamstatic.com\\/store_trailers\\/256911304\\/movie480.mp4?t=1666105085\",\"max\":\"https:\\/\\/video.akamai.steamstatic.com\\/store_trailers\\/256911304\\/movie_max.mp4?t=1666105085\"}', 'https://video.akamai.steamstatic.com/store_trailers/1222670/505594/b1b46cf5154636489657aa8e6323e4524b55a510/1750644574/dash_av1.mpd?t=1666105085', 'https://video.akamai.steamstatic.com/store_trailers/1222670/505594/b1b46cf5154636489657aa8e6323e4524b55a510/1750644574/dash_h264.mpd?t=1666105085', 'https://video.akamai.steamstatic.com/store_trailers/1222670/505594/b1b46cf5154636489657aa8e6323e4524b55a510/1750644574/hls_264_master.m3u8?t=1666105085', true, NOW(), NOW());
INSERT INTO game_media (game_id, media_id, name, thumbnail, webm, mp4, dash_av1, dash_h264, hls_h264, highlight, created_at, updated_at) VALUES (44, 256911362, 'How To Play The Sims 4: Create A Sim Mode Starting Guide', 'https://shared.akamai.steamstatic.com/store_item_assets/steam/apps/256911362/movie.293x165.jpg?t=1666105095', '{\"480\":\"https:\\/\\/video.akamai.steamstatic.com\\/store_trailers\\/256911362\\/movie480_vp9.webm?t=1666105095\",\"max\":\"https:\\/\\/video.akamai.steamstatic.com\\/store_trailers\\/256911362\\/movie_max_vp9.webm?t=1666105095\"}', '{\"480\":\"https:\\/\\/video.akamai.steamstatic.com\\/store_trailers\\/256911362\\/movie480.mp4?t=1666105095\",\"max\":\"https:\\/\\/video.akamai.steamstatic.com\\/store_trailers\\/256911362\\/movie_max.mp4?t=1666105095\"}', 'https://video.akamai.steamstatic.com/store_trailers/1222670/505686/61bb403b52c5b69830099b3fda90ac4724d25ef9/1750644629/dash_av1.mpd?t=1666105095', 'https://video.akamai.steamstatic.com/store_trailers/1222670/505686/61bb403b52c5b69830099b3fda90ac4724d25ef9/1750644629/dash_h264.mpd?t=1666105095', 'https://video.akamai.steamstatic.com/store_trailers/1222670/505686/61bb403b52c5b69830099b3fda90ac4724d25ef9/1750644629/hls_264_master.m3u8?t=1666105095', true, NOW(), NOW());
INSERT INTO game_media (game_id, media_id, name, thumbnail, webm, mp4, dash_av1, dash_h264, hls_h264, highlight, created_at, updated_at) VALUES (44, 256911352, 'How To Play The Sims 4: Starting Build/Buy Mode Guide', 'https://shared.akamai.steamstatic.com/store_item_assets/steam/apps/256911352/movie.293x165.jpg?t=1666105090', '{\"480\":\"https:\\/\\/video.akamai.steamstatic.com\\/store_trailers\\/256911352\\/movie480_vp9.webm?t=1666105090\",\"max\":\"https:\\/\\/video.akamai.steamstatic.com\\/store_trailers\\/256911352\\/movie_max_vp9.webm?t=1666105090\"}', '{\"480\":\"https:\\/\\/video.akamai.steamstatic.com\\/store_trailers\\/256911352\\/movie480.mp4?t=1666105090\",\"max\":\"https:\\/\\/video.akamai.steamstatic.com\\/store_trailers\\/256911352\\/movie_max.mp4?t=1666105090\"}', 'https://video.akamai.steamstatic.com/store_trailers/1222670/505674/818dcf52c9fc7538cc3fe408c9d6ea5bb514f608/1750644578/dash_av1.mpd?t=1666105090', 'https://video.akamai.steamstatic.com/store_trailers/1222670/505674/818dcf52c9fc7538cc3fe408c9d6ea5bb514f608/1750644578/dash_h264.mpd?t=1666105090', 'https://video.akamai.steamstatic.com/store_trailers/1222670/505674/818dcf52c9fc7538cc3fe408c9d6ea5bb514f608/1750644578/hls_264_master.m3u8?t=1666105090', true, NOW(), NOW());
INSERT INTO game_media (game_id, media_id, name, thumbnail, webm, mp4, dash_av1, dash_h264, hls_h264, highlight, created_at, updated_at) VALUES (44, 256790450, 'Sims 4 Trailer 1', 'https://shared.akamai.steamstatic.com/store_item_assets/steam/apps/256790450/movie.293x165.jpg?t=1659687437', '{\"480\":\"https:\\/\\/video.akamai.steamstatic.com\\/store_trailers\\/256790450\\/movie480_vp9.webm?t=1659687437\",\"max\":\"https:\\/\\/video.akamai.steamstatic.com\\/store_trailers\\/256790450\\/movie_max_vp9.webm?t=1659687437\"}', '{\"480\":\"https:\\/\\/video.akamai.steamstatic.com\\/store_trailers\\/256790450\\/movie480.mp4?t=1659687437\",\"max\":\"https:\\/\\/video.akamai.steamstatic.com\\/store_trailers\\/256790450\\/movie_max.mp4?t=1659687437\"}', 'https://video.akamai.steamstatic.com/store_trailers/1222670/294289/a8ece42472daa4173fcc366390e5d04fbe34179e/1750644503/dash_av1.mpd?t=1659687437', 'https://video.akamai.steamstatic.com/store_trailers/1222670/294289/a8ece42472daa4173fcc366390e5d04fbe34179e/1750644503/dash_h264.mpd?t=1659687437', 'https://video.akamai.steamstatic.com/store_trailers/1222670/294289/a8ece42472daa4173fcc366390e5d04fbe34179e/1750644503/hls_264_master.m3u8?t=1659687437', true, NOW(), NOW());
INSERT INTO game_category (game_id, category_id, created_at, updated_at) VALUES (44, 39, NOW(), NOW());
INSERT INTO game_category (game_id, category_id, created_at, updated_at) VALUES (44, 45, NOW(), NOW());
INSERT INTO game_category (game_id, category_id, created_at, updated_at) VALUES (44, 23, NOW(), NOW());
INSERT INTO game_category (game_id, category_id, created_at, updated_at) VALUES (44, 29, NOW(), NOW());
INSERT INTO game_category (game_id, category_id, created_at, updated_at) VALUES (44, 35, NOW(), NOW());
INSERT INTO game_category (game_id, category_id, created_at, updated_at) VALUES (44, 49, NOW(), NOW());
INSERT INTO game_category (game_id, category_id, created_at, updated_at) VALUES (44, 51, NOW(), NOW());
INSERT INTO game_category (game_id, category_id, created_at, updated_at) VALUES (44, 34, NOW(), NOW());
INSERT INTO game_genre (game_id, genre_id, created_at, updated_at) VALUES (44, 2, NOW(), NOW());
INSERT INTO game_genre (game_id, genre_id, created_at, updated_at) VALUES (44, 5, NOW(), NOW());
INSERT INTO game_genre (game_id, genre_id, created_at, updated_at) VALUES (44, 16, NOW(), NOW());
INSERT INTO game_genre (game_id, genre_id, created_at, updated_at) VALUES (44, 9, NOW(), NOW());
INSERT INTO game_developer (game_id, developer_id, created_at, updated_at) VALUES (44, 63, NOW(), NOW());
INSERT INTO game_publisher (game_id, publisher_id, created_at, updated_at) VALUES (44, 26, NOW(), NOW());

-- Game #45: tModLoader
INSERT INTO games (id, steam_id, name, type, slug, short_description, required_age, is_free, have_dlc, icon, supported_languages, release_date, coming_soon, recommendations, achievements_count, positive_reviews, negative_reviews, total_reviews, positive_ratio, content_descriptors, is_active, created_at, updated_at) VALUES (45, 1281930, 'tModLoader', 'mod', 'tmodloader', 'Dig, Fight, and Build your way through the world of player-created mods on Terraria with tModLoader - this DLC makes modding Terraria a reality!', 0, true, false, 'https://shared.akamai.steamstatic.com/store_item_assets/steam/apps/1281930/header.jpg?t=1718143594', '[\"English\",\"French\",\"Italian\",\"German\",\"Spanish - Spain\",\"Polish\",\"Portuguese - Brazil\",\"Russian\",\"Simplified Chinese\"]', '2020-05-16', false, 0, 0, 245, 55, 300, 0.817, '{\"ids\":[],\"notes\":null}', true, NOW(), NOW());
INSERT INTO game_platforms (game_id, windows, mac, linux, created_at, updated_at) VALUES (45, true, true, true, NOW(), NOW());
INSERT INTO game_requirements (game_id, pc_requirements, mac_requirements, linux_requirements, created_at, updated_at) VALUES (45, 'Minimum: OS *: Windows 7 x64, 8/8.1 x64, 10, 11 Processor: 2.0 Ghz Memory: 6 GB RAM Graphics: FNA Requirements: DirectX: Version 11 Storage: 500 MB available space Additional Notes: tModLoader relies on NET 8 runtime. NET 8 requirements: . Additional Requirements may vary with installed Workshop Items', 'Minimum: OS: (1.4.4) OSX 12 Monterey; (1.4.3) OSX 10.15 Catalina Processor: 2.0 Ghz Memory: 4 GB RAM Graphics: FNA Requirements: Storage: 500 MB available space Additional Notes: tModLoader relies on NET 8 runtime. NET 8 requirements: . Additional Requirements may vary with installed Workshop Items', 'Minimum: OS: Ubuntu 16.04 LTS or higher Processor: 2.0 Ghz Memory: 4 GB RAM Graphics: FNA Requirements: Storage: 500 MB available space Additional Notes: tModLoader relies on NET 8 runtime. NET 8 requirements: . Additional Requirements may vary with installed Workshop Items', NOW(), NOW());
INSERT INTO game_community_ratings (game_id, toxicity_rate, cheater_rate, bug_rate, microtransaction_rate, bad_optimization_rate, not_recommended_rate, created_at, updated_at) VALUES (45, 0.034, 0.028, 0.01, 0.003, 0.006, 0.016, NOW(), NOW());
INSERT INTO game_media (game_id, media_id, name, thumbnail, webm, mp4, dash_av1, dash_h264, hls_h264, highlight, created_at, updated_at) VALUES (45, 256784635, 'tModLoader Official Steam Trailer', 'https://shared.akamai.steamstatic.com/store_item_assets/steam/apps/256784635/movie.293x165.jpg?t=1589401429', '{\"480\":\"https:\\/\\/video.akamai.steamstatic.com\\/store_trailers\\/256784635\\/movie480_vp9.webm?t=1589401429\",\"max\":\"https:\\/\\/video.akamai.steamstatic.com\\/store_trailers\\/256784635\\/movie_max_vp9.webm?t=1589401429\"}', '{\"480\":\"https:\\/\\/video.akamai.steamstatic.com\\/store_trailers\\/256784635\\/movie480.mp4?t=1589401429\",\"max\":\"https:\\/\\/video.akamai.steamstatic.com\\/store_trailers\\/256784635\\/movie_max.mp4?t=1589401429\"}', 'https://video.akamai.steamstatic.com/store_trailers/1281930/284084/5d89ffad3a58de575a3ec3a46208bd49056ff194/1751214519/dash_av1.mpd?t=1589401429', 'https://video.akamai.steamstatic.com/store_trailers/1281930/284084/5d89ffad3a58de575a3ec3a46208bd49056ff194/1751214519/dash_h264.mpd?t=1589401429', 'https://video.akamai.steamstatic.com/store_trailers/1281930/284084/5d89ffad3a58de575a3ec3a46208bd49056ff194/1751214519/hls_264_master.m3u8?t=1589401429', true, NOW(), NOW());
INSERT INTO game_category (game_id, category_id, created_at, updated_at) VALUES (45, 39, NOW(), NOW());
INSERT INTO game_category (game_id, category_id, created_at, updated_at) VALUES (45, 24, NOW(), NOW());
INSERT INTO game_category (game_id, category_id, created_at, updated_at) VALUES (45, 30, NOW(), NOW());
INSERT INTO game_category (game_id, category_id, created_at, updated_at) VALUES (45, 27, NOW(), NOW());
INSERT INTO game_category (game_id, category_id, created_at, updated_at) VALUES (45, 7, NOW(), NOW());
INSERT INTO game_category (game_id, category_id, created_at, updated_at) VALUES (45, 26, NOW(), NOW());
INSERT INTO game_category (game_id, category_id, created_at, updated_at) VALUES (45, 47, NOW(), NOW());
INSERT INTO game_category (game_id, category_id, created_at, updated_at) VALUES (45, 42, NOW(), NOW());
INSERT INTO game_genre (game_id, genre_id, created_at, updated_at) VALUES (45, 1, NOW(), NOW());
INSERT INTO game_genre (game_id, genre_id, created_at, updated_at) VALUES (45, 2, NOW(), NOW());
INSERT INTO game_genre (game_id, genre_id, created_at, updated_at) VALUES (45, 11, NOW(), NOW());
INSERT INTO game_genre (game_id, genre_id, created_at, updated_at) VALUES (45, 14, NOW(), NOW());
INSERT INTO game_genre (game_id, genre_id, created_at, updated_at) VALUES (45, 9, NOW(), NOW());
INSERT INTO game_developer (game_id, developer_id, created_at, updated_at) VALUES (45, 94, NOW(), NOW());
INSERT INTO game_publisher (game_id, publisher_id, created_at, updated_at) VALUES (45, 64, NOW(), NOW());
INSERT INTO game_publisher (game_id, publisher_id, created_at, updated_at) VALUES (45, 74, NOW(), NOW());

-- Game #46: Bongo Cat
INSERT INTO games (id, steam_id, name, type, slug, short_description, required_age, is_free, have_dlc, icon, supported_languages, release_date, coming_soon, recommendations, achievements_count, positive_reviews, negative_reviews, total_reviews, positive_ratio, content_descriptors, is_active, created_at, updated_at) VALUES (46, 3419430, 'Bongo Cat', 'game', 'bongo-cat', 'Bongo cat needs your help. Bongo cat needz more hatz!!! Every time you press a key, Bongo cat will punch your taskbar. Type, click, play, work to collect more points. Which hats will you find?', 0, true, false, 'https://shared.akamai.steamstatic.com/store_item_assets/steam/apps/3419430/2e6c93c020fe13d09d8120bb9164ed7cb58f00c5/header.jpg?t=1759317272', '[\"English\",\"German\",\"Dutch\",\"Japanese\",\"Korean\",\"Polish\",\"Portuguese - Brazil\",\"Portuguese - Portugal\",\"Russian\",\"Simplified Chinese\",\"Traditional Chinese\",\"Ukrainian\",\"French\",\"Italian\",\"Spanish - Spain\",\"Arabic\",\"Czech\",\"Danish\",\"Finnish\",\"Norwegian\",\"Romanian\",\"Spanish - Latin America\",\"Swedish\",\"Turkish\"]', '2025-03-05', false, 0, 7, 260, 40, 300, 0.867, '{\"ids\":[],\"notes\":null}', true, NOW(), NOW());
INSERT INTO game_platforms (game_id, windows, mac, linux, created_at, updated_at) VALUES (46, true, false, false, NOW(), NOW());
INSERT INTO game_requirements (game_id, pc_requirements, mac_requirements, linux_requirements, created_at, updated_at) VALUES (46, 'Minimum: Requires a 64-bit processor and operating system OS: Windows 10 / 11 Processor: Intel i5 5200 or AMD Ryzen 5 5600X Memory: 1 GB RAM Graphics: Any Network: Broadband Internet connection Storage: 100 MB available space', 'Minimum:', 'Minimum:', NOW(), NOW());
INSERT INTO game_community_ratings (game_id, toxicity_rate, cheater_rate, bug_rate, microtransaction_rate, bad_optimization_rate, not_recommended_rate, created_at, updated_at) VALUES (46, 0.011, 0.02, 0.003, 0.008, 0.01, 0.025, NOW(), NOW());
INSERT INTO game_media (game_id, media_id, name, thumbnail, webm, mp4, dash_av1, dash_h264, hls_h264, highlight, created_at, updated_at) VALUES (46, 257182675, 'Meowtiplayer', 'https://shared.akamai.steamstatic.com/store_item_assets/steam/apps/257182675/d3cc74f057f33ba87972f2dba9811f970048fb6f/movie_600x337.jpg?t=1755156314', '{\"480\":\"https:\\/\\/video.akamai.steamstatic.com\\/store_trailers\\/257182675\\/movie480_vp9.webm?t=1755156314\",\"max\":\"https:\\/\\/video.akamai.steamstatic.com\\/store_trailers\\/257182675\\/movie_max_vp9.webm?t=1755156314\"}', '{\"480\":\"https:\\/\\/video.akamai.steamstatic.com\\/store_trailers\\/257182675\\/movie480.mp4?t=1755156314\",\"max\":\"https:\\/\\/video.akamai.steamstatic.com\\/store_trailers\\/257182675\\/movie_max.mp4?t=1755156314\"}', 'https://video.akamai.steamstatic.com/store_trailers/3419430/901230020/e9d67ccd1939d39314a999cbff28c88521f8efd5/1755094841/dash_av1.mpd?t=1755156314', 'https://video.akamai.steamstatic.com/store_trailers/3419430/901230020/e9d67ccd1939d39314a999cbff28c88521f8efd5/1755094841/dash_h264.mpd?t=1755156314', 'https://video.akamai.steamstatic.com/store_trailers/3419430/901230020/e9d67ccd1939d39314a999cbff28c88521f8efd5/1755094841/hls_264_master.m3u8?t=1755156314', true, NOW(), NOW());
INSERT INTO game_media (game_id, media_id, name, thumbnail, webm, mp4, dash_av1, dash_h264, hls_h264, highlight, created_at, updated_at) VALUES (46, 257090546, 'Trailer', 'https://shared.akamai.steamstatic.com/store_item_assets/steam/apps/257090546/891f5d0255106822013d0ee9ca6bd3db0bedc3bb/movie_600x337.jpg?t=1737365643', '{\"480\":\"https:\\/\\/video.akamai.steamstatic.com\\/store_trailers\\/257090546\\/movie480_vp9.webm?t=1737365643\",\"max\":\"https:\\/\\/video.akamai.steamstatic.com\\/store_trailers\\/257090546\\/movie_max_vp9.webm?t=1737365643\"}', '{\"480\":\"https:\\/\\/video.akamai.steamstatic.com\\/store_trailers\\/257090546\\/movie480.mp4?t=1737365643\",\"max\":\"https:\\/\\/video.akamai.steamstatic.com\\/store_trailers\\/257090546\\/movie_max.mp4?t=1737365643\"}', 'https://video.akamai.steamstatic.com/store_trailers/3419430/815462/a17ae99675baf686153a6e68c5a33e6ed15a1c9e/1750849151/dash_av1.mpd?t=1737365643', 'https://video.akamai.steamstatic.com/store_trailers/3419430/815462/a17ae99675baf686153a6e68c5a33e6ed15a1c9e/1750849151/dash_h264.mpd?t=1737365643', 'https://video.akamai.steamstatic.com/store_trailers/3419430/815462/a17ae99675baf686153a6e68c5a33e6ed15a1c9e/1750849151/hls_264_master.m3u8?t=1737365643', true, NOW(), NOW());
INSERT INTO game_category (game_id, category_id, created_at, updated_at) VALUES (46, 39, NOW(), NOW());
INSERT INTO game_category (game_id, category_id, created_at, updated_at) VALUES (46, 24, NOW(), NOW());
INSERT INTO game_category (game_id, category_id, created_at, updated_at) VALUES (46, 7, NOW(), NOW());
INSERT INTO game_category (game_id, category_id, created_at, updated_at) VALUES (46, 26, NOW(), NOW());
INSERT INTO game_category (game_id, category_id, created_at, updated_at) VALUES (46, 41, NOW(), NOW());
INSERT INTO game_category (game_id, category_id, created_at, updated_at) VALUES (46, 28, NOW(), NOW());
INSERT INTO game_category (game_id, category_id, created_at, updated_at) VALUES (46, 40, NOW(), NOW());
INSERT INTO game_genre (game_id, genre_id, created_at, updated_at) VALUES (46, 5, NOW(), NOW());
INSERT INTO game_genre (game_id, genre_id, created_at, updated_at) VALUES (46, 11, NOW(), NOW());
INSERT INTO game_genre (game_id, genre_id, created_at, updated_at) VALUES (46, 12, NOW(), NOW());
INSERT INTO game_genre (game_id, genre_id, created_at, updated_at) VALUES (46, 16, NOW(), NOW());
INSERT INTO game_genre (game_id, genre_id, created_at, updated_at) VALUES (46, 9, NOW(), NOW());
INSERT INTO game_developer (game_id, developer_id, created_at, updated_at) VALUES (46, 62, NOW(), NOW());
INSERT INTO game_developer (game_id, developer_id, created_at, updated_at) VALUES (46, 52, NOW(), NOW());
INSERT INTO game_publisher (game_id, publisher_id, created_at, updated_at) VALUES (46, 39, NOW(), NOW());

-- Game #47: Hollow Knight
INSERT INTO games (id, steam_id, name, type, slug, short_description, required_age, is_free, have_dlc, icon, supported_languages, release_date, coming_soon, recommendations, achievements_count, positive_reviews, negative_reviews, total_reviews, positive_ratio, content_descriptors, is_active, created_at, updated_at) VALUES (47, 367520, 'Hollow Knight', 'game', 'hollow-knight', 'Forge your own path in Hollow Knight! An epic action adventure through a vast ruined kingdom of insects and heroes. Explore twisting caverns, battle tainted creatures and befriend bizarre bugs, all in a classic, hand-drawn 2D style.', 0, false, true, 'https://shared.akamai.steamstatic.com/store_item_assets/steam/apps/367520/header.jpg?t=1695270428', '[\"English *\",\"French *\",\"German *\",\"Spanish - Spain *\",\"Korean *\",\"Simplified Chinese *\",\"Italian *\",\"Portuguese - Brazil *\",\"Russian *\",\"Japanese * * languages with full audio support\"]', '2017-02-24', false, 435745, 63, 233, 67, 300, 0.777, '{\"ids\":[],\"notes\":null}', true, NOW(), NOW());
INSERT INTO game_platforms (game_id, windows, mac, linux, created_at, updated_at) VALUES (47, true, true, true, NOW(), NOW());
INSERT INTO game_requirements (game_id, pc_requirements, mac_requirements, linux_requirements, created_at, updated_at) VALUES (47, 'Minimum: OS *: Windows 7 (64bit) Processor: Intel Core 2 Duo E5200 Memory: 4 GB RAM Graphics: GeForce 9800GTX+ (1GB) DirectX: Version 10 Storage: 9 GB available space Additional Notes: 1080p, 16:9 recommended', 'Minimum: OS: Mac OS 10.13 (64bit) Processor: Intel Core i3 Memory: 4 GB RAM Graphics: GeForce GTX 470 Storage: 9 GB available space Additional Notes: 1080p, 16:9 recommended', 'Minimum: OS: Ubuntu 16.04 LTS (64bit) Processor: Intel Core 2 Duo E5200 Memory: 4 GB RAM Graphics: GeForce 9800GTX+ (1GB) Storage: 9 GB available space Additional Notes: 1080p, 16:9 recommended', NOW(), NOW());
INSERT INTO game_community_ratings (game_id, toxicity_rate, cheater_rate, bug_rate, microtransaction_rate, bad_optimization_rate, not_recommended_rate, created_at, updated_at) VALUES (47, 0, 0, 0.04, 0.032, 0.039, 0.155, NOW(), NOW());
INSERT INTO game_media (game_id, media_id, name, thumbnail, webm, mp4, dash_av1, dash_h264, hls_h264, highlight, created_at, updated_at) VALUES (47, 256679401, 'Release Trailer', 'https://shared.akamai.steamstatic.com/store_item_assets/steam/apps/256679401/movie.293x165.jpg?t=1497589417', '{\"480\":\"https:\\/\\/video.akamai.steamstatic.com\\/store_trailers\\/256679401\\/movie480.webm?t=1497589417\",\"max\":\"https:\\/\\/video.akamai.steamstatic.com\\/store_trailers\\/256679401\\/movie_max.webm?t=1497589417\"}', '{\"480\":\"https:\\/\\/video.akamai.steamstatic.com\\/store_trailers\\/256679401\\/movie480.mp4?t=1497589417\",\"max\":\"https:\\/\\/video.akamai.steamstatic.com\\/store_trailers\\/256679401\\/movie_max.mp4?t=1497589417\"}', 'https://video.akamai.steamstatic.com/store_trailers/367520/89922/b71b6a50e9aa2334fddca8fa2197cb26a3640832/1750517691/dash_av1.mpd?t=1497589417', 'https://video.akamai.steamstatic.com/store_trailers/367520/89922/b71b6a50e9aa2334fddca8fa2197cb26a3640832/1750517691/dash_h264.mpd?t=1497589417', 'https://video.akamai.steamstatic.com/store_trailers/367520/89922/b71b6a50e9aa2334fddca8fa2197cb26a3640832/1750517691/hls_264_master.m3u8?t=1497589417', true, NOW(), NOW());
INSERT INTO game_media (game_id, media_id, name, thumbnail, webm, mp4, dash_av1, dash_h264, hls_h264, highlight, created_at, updated_at) VALUES (47, 256695695, 'The Grimm Troupe Free Content Pack 02', 'https://shared.akamai.steamstatic.com/store_item_assets/steam/apps/256695695/movie.293x165.jpg?t=1505700570', '{\"480\":\"https:\\/\\/video.akamai.steamstatic.com\\/store_trailers\\/256695695\\/movie480.webm?t=1505700570\",\"max\":\"https:\\/\\/video.akamai.steamstatic.com\\/store_trailers\\/256695695\\/movie_max.webm?t=1505700570\"}', '{\"480\":\"https:\\/\\/video.akamai.steamstatic.com\\/store_trailers\\/256695695\\/movie480.mp4?t=1505700570\",\"max\":\"https:\\/\\/video.akamai.steamstatic.com\\/store_trailers\\/256695695\\/movie_max.mp4?t=1505700570\"}', 'https://video.akamai.steamstatic.com/store_trailers/367520/123471/b9044001968838dad1ff38d1abaaaeb7547e9692/1750517739/dash_av1.mpd?t=1505700570', 'https://video.akamai.steamstatic.com/store_trailers/367520/123471/b9044001968838dad1ff38d1abaaaeb7547e9692/1750517739/dash_h264.mpd?t=1505700570', 'https://video.akamai.steamstatic.com/store_trailers/367520/123471/b9044001968838dad1ff38d1abaaaeb7547e9692/1750517739/hls_264_master.m3u8?t=1505700570', true, NOW(), NOW());
INSERT INTO game_media (game_id, media_id, name, thumbnail, webm, mp4, dash_av1, dash_h264, hls_h264, highlight, created_at, updated_at) VALUES (47, 256686950, 'Hidden Dreams Free Content Pack 01', 'https://shared.akamai.steamstatic.com/store_item_assets/steam/apps/256686950/movie.293x165.jpg?t=1497256864', '{\"480\":\"https:\\/\\/video.akamai.steamstatic.com\\/store_trailers\\/256686950\\/movie480.webm?t=1497256864\",\"max\":\"https:\\/\\/video.akamai.steamstatic.com\\/store_trailers\\/256686950\\/movie_max.webm?t=1497256864\"}', '{\"480\":\"https:\\/\\/video.akamai.steamstatic.com\\/store_trailers\\/256686950\\/movie480.mp4?t=1497256864\",\"max\":\"https:\\/\\/video.akamai.steamstatic.com\\/store_trailers\\/256686950\\/movie_max.mp4?t=1497256864\"}', 'https://video.akamai.steamstatic.com/store_trailers/367520/106954/0a6f2b091470056416ea395df7af3134bbb39775/1750517738/dash_av1.mpd?t=1497256864', 'https://video.akamai.steamstatic.com/store_trailers/367520/106954/0a6f2b091470056416ea395df7af3134bbb39775/1750517738/dash_h264.mpd?t=1497256864', 'https://video.akamai.steamstatic.com/store_trailers/367520/106954/0a6f2b091470056416ea395df7af3134bbb39775/1750517738/hls_264_master.m3u8?t=1497256864', true, NOW(), NOW());
INSERT INTO game_media (game_id, media_id, name, thumbnail, webm, mp4, dash_av1, dash_h264, hls_h264, highlight, created_at, updated_at) VALUES (47, 256674838, 'Ferocious Foes', 'https://shared.akamai.steamstatic.com/store_item_assets/steam/apps/256674838/movie.293x165.jpg?t=1480808635', '{\"480\":\"https:\\/\\/video.akamai.steamstatic.com\\/store_trailers\\/256674838\\/movie480.webm?t=1480808635\",\"max\":\"https:\\/\\/video.akamai.steamstatic.com\\/store_trailers\\/256674838\\/movie_max.webm?t=1480808635\"}', '{\"480\":\"https:\\/\\/video.akamai.steamstatic.com\\/store_trailers\\/256674838\\/movie480.mp4?t=1480808635\",\"max\":\"https:\\/\\/video.akamai.steamstatic.com\\/store_trailers\\/256674838\\/movie_max.mp4?t=1480808635\"}', 'https://video.akamai.steamstatic.com/store_trailers/367520/80722/a9fcfd657e6b7e24838155cde83d95551d381503/1750517685/dash_av1.mpd?t=1480808635', 'https://video.akamai.steamstatic.com/store_trailers/367520/80722/a9fcfd657e6b7e24838155cde83d95551d381503/1750517685/dash_h264.mpd?t=1480808635', 'https://video.akamai.steamstatic.com/store_trailers/367520/80722/a9fcfd657e6b7e24838155cde83d95551d381503/1750517685/hls_264_master.m3u8?t=1480808635', true, NOW(), NOW());
INSERT INTO game_media (game_id, media_id, name, thumbnail, webm, mp4, dash_av1, dash_h264, hls_h264, highlight, created_at, updated_at) VALUES (47, 256674834, 'Beneath and Beyond', 'https://shared.akamai.steamstatic.com/store_item_assets/steam/apps/256674834/movie.293x165.jpg?t=1480808643', '{\"480\":\"https:\\/\\/video.akamai.steamstatic.com\\/store_trailers\\/256674834\\/movie480.webm?t=1480808643\",\"max\":\"https:\\/\\/video.akamai.steamstatic.com\\/store_trailers\\/256674834\\/movie_max.webm?t=1480808643\"}', '{\"480\":\"https:\\/\\/video.akamai.steamstatic.com\\/store_trailers\\/256674834\\/movie480.mp4?t=1480808643\",\"max\":\"https:\\/\\/video.akamai.steamstatic.com\\/store_trailers\\/256674834\\/movie_max.mp4?t=1480808643\"}', 'https://video.akamai.steamstatic.com/store_trailers/367520/80716/a0e87f2b9a544cb8bdce9397b63bc8267e41ce06/1750517667/dash_av1.mpd?t=1480808643', 'https://video.akamai.steamstatic.com/store_trailers/367520/80716/a0e87f2b9a544cb8bdce9397b63bc8267e41ce06/1750517667/dash_h264.mpd?t=1480808643', 'https://video.akamai.steamstatic.com/store_trailers/367520/80716/a0e87f2b9a544cb8bdce9397b63bc8267e41ce06/1750517667/hls_264_master.m3u8?t=1480808643', true, NOW(), NOW());
INSERT INTO game_category (game_id, category_id, created_at, updated_at) VALUES (47, 39, NOW(), NOW());
INSERT INTO game_category (game_id, category_id, created_at, updated_at) VALUES (47, 41, NOW(), NOW());
INSERT INTO game_category (game_id, category_id, created_at, updated_at) VALUES (47, 13, NOW(), NOW());
INSERT INTO game_category (game_id, category_id, created_at, updated_at) VALUES (47, 45, NOW(), NOW());
INSERT INTO game_category (game_id, category_id, created_at, updated_at) VALUES (47, 42, NOW(), NOW());
INSERT INTO game_category (game_id, category_id, created_at, updated_at) VALUES (47, 32, NOW(), NOW());
INSERT INTO game_category (game_id, category_id, created_at, updated_at) VALUES (47, 34, NOW(), NOW());
INSERT INTO game_category (game_id, category_id, created_at, updated_at) VALUES (47, 33, NOW(), NOW());
INSERT INTO game_category (game_id, category_id, created_at, updated_at) VALUES (47, 12, NOW(), NOW());
INSERT INTO game_genre (game_id, genre_id, created_at, updated_at) VALUES (47, 1, NOW(), NOW());
INSERT INTO game_genre (game_id, genre_id, created_at, updated_at) VALUES (47, 2, NOW(), NOW());
INSERT INTO game_genre (game_id, genre_id, created_at, updated_at) VALUES (47, 11, NOW(), NOW());
INSERT INTO game_developer (game_id, developer_id, created_at, updated_at) VALUES (47, 97, NOW(), NOW());
INSERT INTO game_publisher (game_id, publisher_id, created_at, updated_at) VALUES (47, 76, NOW(), NOW());

-- Game #48: The Binding of Isaac: Rebirth
INSERT INTO games (id, steam_id, name, type, slug, short_description, required_age, is_free, have_dlc, icon, supported_languages, release_date, coming_soon, recommendations, achievements_count, positive_reviews, negative_reviews, total_reviews, positive_ratio, content_descriptors, is_active, created_at, updated_at) VALUES (48, 250900, 'The Binding of Isaac: Rebirth', 'game', 'the-binding-of-isaac-rebirth', 'The Binding of Isaac: Rebirth is a randomly generated action RPG shooter with heavy Rogue-like elements. Following Isaac on his journey players will find bizarre treasures that change Isaac’s form giving him super human abilities and enabling him to fight off droves of mysterious creatures, discover secrets and fight his way to safety.', 0, false, true, 'https://shared.akamai.steamstatic.com/store_item_assets/steam/apps/250900/header.jpg?t=1731977365', '[\"English * * languages with full audio support\"]', '2014-11-04', false, 326017, 641, 254, 46, 300, 0.847, '{\"ids\":[5],\"notes\":null}', true, NOW(), NOW());
INSERT INTO game_platforms (game_id, windows, mac, linux, created_at, updated_at) VALUES (48, true, true, true, NOW(), NOW());
INSERT INTO game_requirements (game_id, pc_requirements, mac_requirements, linux_requirements, created_at, updated_at) VALUES (48, 'Minimum: OS: XP Processor: Core 2 Duo Memory: 2 GB RAM Graphics: Discreet video card Storage: 449 MB available space Sound Card: Yes', 'Minimum: OS: 10.8 Processor: Core 2 Duo Memory: 2 GB RAM Graphics: Discreet video card Storage: 449 MB available space Sound Card: Yes', 'Minimum: Processor: Core 2 Duo Memory: 2 GB RAM Graphics: Discreet video card Storage: 449 MB available space Sound Card: Yes', NOW(), NOW());
INSERT INTO game_community_ratings (game_id, toxicity_rate, cheater_rate, bug_rate, microtransaction_rate, bad_optimization_rate, not_recommended_rate, created_at, updated_at) VALUES (48, 0.049, 0.063, 0.03, 0.012, 0.038, 0.041, NOW(), NOW());
INSERT INTO game_media (game_id, media_id, name, thumbnail, webm, mp4, dash_av1, dash_h264, hls_h264, highlight, created_at, updated_at) VALUES (48, 2034156, 'The Binding of Isaac: Rebirth teaser', 'https://shared.akamai.steamstatic.com/store_item_assets/steam/apps/2034156/movie.293x165.jpg?t=1447363402', '{\"480\":\"https:\\/\\/video.akamai.steamstatic.com\\/store_trailers\\/2034156\\/movie480.webm?t=1447363402\",\"max\":\"https:\\/\\/video.akamai.steamstatic.com\\/store_trailers\\/2034156\\/movie_max.webm?t=1447363402\"}', '{\"480\":\"https:\\/\\/video.akamai.steamstatic.com\\/store_trailers\\/2034156\\/movie480.mp4?t=1447363402\",\"max\":\"https:\\/\\/video.akamai.steamstatic.com\\/store_trailers\\/2034156\\/movie_max.mp4?t=1447363402\"}', 'https://video.akamai.steamstatic.com/store_trailers/250900/24525/9792b630ba0f19aae9c9a814b16b15b4e04ef2dc/1750497097/dash_av1.mpd?t=1447363402', 'https://video.akamai.steamstatic.com/store_trailers/250900/24525/9792b630ba0f19aae9c9a814b16b15b4e04ef2dc/1750497097/dash_h264.mpd?t=1447363402', 'https://video.akamai.steamstatic.com/store_trailers/250900/24525/9792b630ba0f19aae9c9a814b16b15b4e04ef2dc/1750497097/hls_264_master.m3u8?t=1447363402', true, NOW(), NOW());
INSERT INTO game_category (game_id, category_id, created_at, updated_at) VALUES (48, 39, NOW(), NOW());
INSERT INTO game_category (game_id, category_id, created_at, updated_at) VALUES (48, 24, NOW(), NOW());
INSERT INTO game_category (game_id, category_id, created_at, updated_at) VALUES (48, 36, NOW(), NOW());
INSERT INTO game_category (game_id, category_id, created_at, updated_at) VALUES (48, 41, NOW(), NOW());
INSERT INTO game_category (game_id, category_id, created_at, updated_at) VALUES (48, 13, NOW(), NOW());
INSERT INTO game_category (game_id, category_id, created_at, updated_at) VALUES (48, 45, NOW(), NOW());
INSERT INTO game_category (game_id, category_id, created_at, updated_at) VALUES (48, 42, NOW(), NOW());
INSERT INTO game_category (game_id, category_id, created_at, updated_at) VALUES (48, 33, NOW(), NOW());
INSERT INTO game_category (game_id, category_id, created_at, updated_at) VALUES (48, 31, NOW(), NOW());
INSERT INTO game_category (game_id, category_id, created_at, updated_at) VALUES (48, 12, NOW(), NOW());
INSERT INTO game_genre (game_id, genre_id, created_at, updated_at) VALUES (48, 1, NOW(), NOW());
INSERT INTO game_developer (game_id, developer_id, created_at, updated_at) VALUES (48, 67, NOW(), NOW());
INSERT INTO game_developer (game_id, developer_id, created_at, updated_at) VALUES (48, 33, NOW(), NOW());
INSERT INTO game_publisher (game_id, publisher_id, created_at, updated_at) VALUES (48, 53, NOW(), NOW());

-- Game #49: Hades II
INSERT INTO games (id, steam_id, name, type, slug, short_description, required_age, is_free, have_dlc, icon, supported_languages, release_date, coming_soon, recommendations, achievements_count, positive_reviews, negative_reviews, total_reviews, positive_ratio, content_descriptors, is_active, created_at, updated_at) VALUES (49, 1145350, 'Hades II', 'game', 'hades-ii', 'Battle beyond the Underworld using dark sorcery to take on the Titan of Time in this bewitching sequel to the award-winning rogue-like dungeon crawler.', 0, false, true, 'https://shared.akamai.steamstatic.com/store_item_assets/steam/apps/1145350/91ac334a2c137d08968ccc0bc474a02579602100/header.jpg?t=1759973532', '[\"English *\",\"French\",\"Italian\",\"German\",\"Spanish - Spain\",\"Greek\",\"Japanese\",\"Korean\",\"Polish\",\"Portuguese - Brazil\",\"Russian\",\"Simplified Chinese\",\"Traditional Chinese\",\"Turkish\",\"Ukrainian * languages with full audio support\"]', '2025-09-25', false, 81143, 50, 59, 241, 300, 0.197, '{\"ids\":[],\"notes\":null}', true, NOW(), NOW());
INSERT INTO game_platforms (game_id, windows, mac, linux, created_at, updated_at) VALUES (49, true, true, false, NOW(), NOW());
INSERT INTO game_requirements (game_id, pc_requirements, mac_requirements, linux_requirements, created_at, updated_at) VALUES (49, 'Minimum: Requires a 64-bit processor and operating system OS: Windows 10 64-bit Processor: Dual Core 2.4 GHz Memory: 8 GB RAM Graphics: GeForce GTX 950, Radeon R7 360, or Intel HD Graphics 630 Storage: 10 GB available space', 'Minimum: Requires an Apple processor OS: macOS 12 or newer Processor: Apple M1 Memory: 8 GB RAM Graphics: Apple M1 Storage: 10 GB available space', 'Minimum:', NOW(), NOW());
INSERT INTO game_community_ratings (game_id, toxicity_rate, cheater_rate, bug_rate, microtransaction_rate, bad_optimization_rate, not_recommended_rate, created_at, updated_at) VALUES (49, 0, 0, 0.003, 0, 0.003, 0.131, NOW(), NOW());
INSERT INTO game_media (game_id, media_id, name, thumbnail, webm, mp4, dash_av1, dash_h264, hls_h264, highlight, created_at, updated_at) VALUES (49, 257204779, 'Hades II – v1.0 Launch Trailer', 'https://shared.akamai.steamstatic.com/store_item_assets/steam/apps/257204779/2f6767807df172946f5d638093dcc1c933eb24bb/movie_600x337.jpg?t=1758942439', '{\"480\":\"https:\\/\\/video.akamai.steamstatic.com\\/store_trailers\\/257204779\\/movie480_vp9.webm?t=1758942439\",\"max\":\"https:\\/\\/video.akamai.steamstatic.com\\/store_trailers\\/257204779\\/movie_max_vp9.webm?t=1758942439\"}', '{\"480\":\"https:\\/\\/video.akamai.steamstatic.com\\/store_trailers\\/257204779\\/movie480.mp4?t=1758942439\",\"max\":\"https:\\/\\/video.akamai.steamstatic.com\\/store_trailers\\/257204779\\/movie_max.mp4?t=1758942439\"}', 'https://video.akamai.steamstatic.com/store_trailers/1145350/1067641820/dfba9c6a8b09f5bd9b323d6e699ac685065b93d3/1758924611/dash_av1.mpd?t=1758942439', 'https://video.akamai.steamstatic.com/store_trailers/1145350/1067641820/dfba9c6a8b09f5bd9b323d6e699ac685065b93d3/1758924611/dash_h264.mpd?t=1758942439', 'https://video.akamai.steamstatic.com/store_trailers/1145350/1067641820/dfba9c6a8b09f5bd9b323d6e699ac685065b93d3/1758924611/hls_264_master.m3u8?t=1758942439', true, NOW(), NOW());
INSERT INTO game_media (game_id, media_id, name, thumbnail, webm, mp4, dash_av1, dash_h264, hls_h264, highlight, created_at, updated_at) VALUES (49, 257206304, 'Hades II – v1.0 Showcase ', 'https://shared.akamai.steamstatic.com/store_item_assets/steam/apps/257206304/15bba1cdfa1aa30b3b772c1c5535e1c6bf9d9fc1/movie_600x337.jpg?t=1758942440', '{\"480\":\"https:\\/\\/video.akamai.steamstatic.com\\/store_trailers\\/257206304\\/movie480_vp9.webm?t=1758942440\",\"max\":\"https:\\/\\/video.akamai.steamstatic.com\\/store_trailers\\/257206304\\/movie_max_vp9.webm?t=1758942440\"}', '{\"480\":\"https:\\/\\/video.akamai.steamstatic.com\\/store_trailers\\/257206304\\/movie480.mp4?t=1758942440\",\"max\":\"https:\\/\\/video.akamai.steamstatic.com\\/store_trailers\\/257206304\\/movie_max.mp4?t=1758942440\"}', 'https://video.akamai.steamstatic.com/store_trailers/1145350/1078171228/d92eb59e06a0bc11acbab62a2fcc3981383b80fa/1758820310/dash_av1.mpd?t=1758942440', 'https://video.akamai.steamstatic.com/store_trailers/1145350/1078171228/d92eb59e06a0bc11acbab62a2fcc3981383b80fa/1758820310/dash_h264.mpd?t=1758942440', 'https://video.akamai.steamstatic.com/store_trailers/1145350/1078171228/d92eb59e06a0bc11acbab62a2fcc3981383b80fa/1758820310/hls_264_master.m3u8?t=1758942440', true, NOW(), NOW());
INSERT INTO game_media (game_id, media_id, name, thumbnail, webm, mp4, dash_av1, dash_h264, hls_h264, highlight, created_at, updated_at) VALUES (49, 256919374, 'Hades II Coming Soon', 'https://shared.akamai.steamstatic.com/store_item_assets/steam/apps/256919374/movie.293x165.jpg?t=1715021708', '{\"480\":\"https:\\/\\/video.akamai.steamstatic.com\\/store_trailers\\/256919374\\/movie480_vp9.webm?t=1715021708\",\"max\":\"https:\\/\\/video.akamai.steamstatic.com\\/store_trailers\\/256919374\\/movie_max_vp9.webm?t=1715021708\"}', '{\"480\":\"https:\\/\\/video.akamai.steamstatic.com\\/store_trailers\\/256919374\\/movie480.mp4?t=1715021708\",\"max\":\"https:\\/\\/video.akamai.steamstatic.com\\/store_trailers\\/256919374\\/movie_max.mp4?t=1715021708\"}', 'https://video.akamai.steamstatic.com/store_trailers/1145350/519255/5ca763163ded88a590accd47a774c99b9deec03c/1750627491/dash_av1.mpd?t=1715021708', 'https://video.akamai.steamstatic.com/store_trailers/1145350/519255/5ca763163ded88a590accd47a774c99b9deec03c/1750627491/dash_h264.mpd?t=1715021708', 'https://video.akamai.steamstatic.com/store_trailers/1145350/519255/5ca763163ded88a590accd47a774c99b9deec03c/1750627491/hls_264_master.m3u8?t=1715021708', true, NOW(), NOW());
INSERT INTO game_media (game_id, media_id, name, thumbnail, webm, mp4, dash_av1, dash_h264, hls_h264, highlight, created_at, updated_at) VALUES (49, 257099837, 'Hades II Warsong Update', 'https://shared.akamai.steamstatic.com/store_item_assets/steam/apps/257099837/7f2156a64f8c06471e2538f1a9b86e7c00d9174c/movie_600x337.jpg?t=1750178949', '{\"480\":\"https:\\/\\/video.akamai.steamstatic.com\\/store_trailers\\/257099837\\/movie480_vp9.webm?t=1750178949\",\"max\":\"https:\\/\\/video.akamai.steamstatic.com\\/store_trailers\\/257099837\\/movie_max_vp9.webm?t=1750178949\"}', '{\"480\":\"https:\\/\\/video.akamai.steamstatic.com\\/store_trailers\\/257099837\\/movie480.mp4?t=1750178949\",\"max\":\"https:\\/\\/video.akamai.steamstatic.com\\/store_trailers\\/257099837\\/movie_max.mp4?t=1750178949\"}', 'https://video.akamai.steamstatic.com/store_trailers/1145350/831414/c475e29924acd1c3b6f49a8231230834e7e52d05/1750627511/dash_av1.mpd?t=1750178949', 'https://video.akamai.steamstatic.com/store_trailers/1145350/831414/c475e29924acd1c3b6f49a8231230834e7e52d05/1750627511/dash_h264.mpd?t=1750178949', 'https://video.akamai.steamstatic.com/store_trailers/1145350/831414/c475e29924acd1c3b6f49a8231230834e7e52d05/1750627511/hls_264_master.m3u8?t=1750178949', false, NOW(), NOW());
INSERT INTO game_media (game_id, media_id, name, thumbnail, webm, mp4, dash_av1, dash_h264, hls_h264, highlight, created_at, updated_at) VALUES (49, 257065656, 'Hades II Olympic Update', 'https://shared.akamai.steamstatic.com/store_item_assets/steam/apps/257065656/7da92850173b26004fce56641e25711a42b96a2b/movie_600x337.jpg?t=1729112202', '{\"480\":\"https:\\/\\/video.akamai.steamstatic.com\\/store_trailers\\/257065656\\/movie480_vp9.webm?t=1729112202\",\"max\":\"https:\\/\\/video.akamai.steamstatic.com\\/store_trailers\\/257065656\\/movie_max_vp9.webm?t=1729112202\"}', '{\"480\":\"https:\\/\\/video.akamai.steamstatic.com\\/store_trailers\\/257065656\\/movie480.mp4?t=1729112202\",\"max\":\"https:\\/\\/video.akamai.steamstatic.com\\/store_trailers\\/257065656\\/movie_max.mp4?t=1729112202\"}', 'https://video.akamai.steamstatic.com/store_trailers/1145350/772664/5050056d051c58906915540f8cb0f172eab1f73e/1750627505/dash_av1.mpd?t=1729112202', 'https://video.akamai.steamstatic.com/store_trailers/1145350/772664/5050056d051c58906915540f8cb0f172eab1f73e/1750627505/dash_h264.mpd?t=1729112202', 'https://video.akamai.steamstatic.com/store_trailers/1145350/772664/5050056d051c58906915540f8cb0f172eab1f73e/1750627505/hls_264_master.m3u8?t=1729112202', false, NOW(), NOW());
INSERT INTO game_media (game_id, media_id, name, thumbnail, webm, mp4, dash_av1, dash_h264, hls_h264, highlight, created_at, updated_at) VALUES (49, 257020788, 'Hades II Early Access Showcase', 'https://shared.akamai.steamstatic.com/store_item_assets/steam/apps/257020788/movie.293x165.jpg?t=1715021703', '{\"480\":\"https:\\/\\/video.akamai.steamstatic.com\\/store_trailers\\/257020788\\/movie480_vp9.webm?t=1715021703\",\"max\":\"https:\\/\\/video.akamai.steamstatic.com\\/store_trailers\\/257020788\\/movie_max_vp9.webm?t=1715021703\"}', '{\"480\":\"https:\\/\\/video.akamai.steamstatic.com\\/store_trailers\\/257020788\\/movie480.mp4?t=1715021703\",\"max\":\"https:\\/\\/video.akamai.steamstatic.com\\/store_trailers\\/257020788\\/movie_max.mp4?t=1715021703\"}', 'https://video.akamai.steamstatic.com/store_trailers/1145350/695850/0b4a736847005fc3bf0110bb100cf8eb01fa20d1/1750627504/dash_av1.mpd?t=1715021703', 'https://video.akamai.steamstatic.com/store_trailers/1145350/695850/0b4a736847005fc3bf0110bb100cf8eb01fa20d1/1750627504/dash_h264.mpd?t=1715021703', 'https://video.akamai.steamstatic.com/store_trailers/1145350/695850/0b4a736847005fc3bf0110bb100cf8eb01fa20d1/1750627504/hls_264_master.m3u8?t=1715021703', false, NOW(), NOW());
INSERT INTO game_category (game_id, category_id, created_at, updated_at) VALUES (49, 39, NOW(), NOW());
INSERT INTO game_category (game_id, category_id, created_at, updated_at) VALUES (49, 41, NOW(), NOW());
INSERT INTO game_category (game_id, category_id, created_at, updated_at) VALUES (49, 13, NOW(), NOW());
INSERT INTO game_category (game_id, category_id, created_at, updated_at) VALUES (49, 45, NOW(), NOW());
INSERT INTO game_category (game_id, category_id, created_at, updated_at) VALUES (49, 4, NOW(), NOW());
INSERT INTO game_category (game_id, category_id, created_at, updated_at) VALUES (49, 42, NOW(), NOW());
INSERT INTO game_category (game_id, category_id, created_at, updated_at) VALUES (49, 12, NOW(), NOW());
INSERT INTO game_genre (game_id, genre_id, created_at, updated_at) VALUES (49, 1, NOW(), NOW());
INSERT INTO game_genre (game_id, genre_id, created_at, updated_at) VALUES (49, 11, NOW(), NOW());
INSERT INTO game_genre (game_id, genre_id, created_at, updated_at) VALUES (49, 14, NOW(), NOW());
INSERT INTO game_developer (game_id, developer_id, created_at, updated_at) VALUES (49, 93, NOW(), NOW());
INSERT INTO game_publisher (game_id, publisher_id, created_at, updated_at) VALUES (49, 73, NOW(), NOW());

-- Game #50: No Man's Sky
INSERT INTO games (id, steam_id, name, type, slug, short_description, required_age, is_free, have_dlc, icon, supported_languages, release_date, coming_soon, recommendations, achievements_count, positive_reviews, negative_reviews, total_reviews, positive_ratio, content_descriptors, is_active, created_at, updated_at) VALUES (50, 275850, 'No Man\'s Sky', 'game', 'no-man-s-sky', 'No Man\'s Sky is a game about exploration and survival in an infinite procedurally generated universe.', 0, false, true, 'https://shared.akamai.steamstatic.com/store_item_assets/steam/apps/275850/9ecc87d1062c690c96adeebd33ed761c1bda842f/header_alt_assets_25.jpg?t=1761138171', '[\"English *\",\"French *\",\"Italian *\",\"German *\",\"Spanish - Spain *\",\"Dutch\",\"Japanese *\",\"Korean *\",\"Polish *\",\"Portuguese - Portugal *\",\"Portuguese - Brazil *\",\"Russian *\",\"Simplified Chinese *\",\"Traditional Chinese * * languages with full audio support\"]', '2016-08-12', false, 285137, 27, 187, 113, 300, 0.623, '{\"ids\":[],\"notes\":null}', true, NOW(), NOW());
INSERT INTO game_platforms (game_id, windows, mac, linux, created_at, updated_at) VALUES (50, true, true, false, NOW(), NOW());
INSERT INTO game_requirements (game_id, pc_requirements, mac_requirements, linux_requirements, created_at, updated_at) VALUES (50, 'Minimum: Requires a 64-bit processor and operating system OS: Windows 10/11 (64-bit versions) Processor: Intel Core i3 Memory: 8 GB RAM Graphics: Nvidia GTX 1060 3GB, AMD RX 470 4GB, Intel UHD graphics 630 Storage: 15 GB available space VR Support: SteamVR', 'Minimum: OS: macOS Monterey 12.3 Processor: Intel i5 Memory: 8 GB RAM Graphics: Radeon Pro 570X 4GB Storage: 15 GB available space', 'Minimum:', NOW(), NOW());
INSERT INTO game_community_ratings (game_id, toxicity_rate, cheater_rate, bug_rate, microtransaction_rate, bad_optimization_rate, not_recommended_rate, created_at, updated_at) VALUES (50, 0.024, 0.014, 0.074, 0.003, 0.048, 0.135, NOW(), NOW());
INSERT INTO game_media (game_id, media_id, name, thumbnail, webm, mp4, dash_av1, dash_h264, hls_h264, highlight, created_at, updated_at) VALUES (50, 257220073, 'No Man\'s Sky Breach Trailer', 'https://shared.akamai.steamstatic.com/store_item_assets/steam/apps/257220073/3cf140a7c109b08e0a95335caca66c241a5cb527/movie_600x337.jpg?t=1761137981', '{\"480\":\"https:\\/\\/video.akamai.steamstatic.com\\/store_trailers\\/257220073\\/movie480.webm?t=1761137981\",\"max\":\"https:\\/\\/video.akamai.steamstatic.com\\/store_trailers\\/257220073\\/movie_max.webm?t=1761137981\"}', '{\"480\":\"https:\\/\\/video.akamai.steamstatic.com\\/store_trailers\\/257220073\\/movie480.mp4?t=1761137981\",\"max\":\"https:\\/\\/video.akamai.steamstatic.com\\/store_trailers\\/257220073\\/movie_max.mp4?t=1761137981\"}', 'https://video.akamai.steamstatic.com/store_trailers/275850/1209419497/1f356bff28526385e02604da61d242663266405b/1760957510/dash_av1.mpd?t=1761137981', 'https://video.akamai.steamstatic.com/store_trailers/275850/1209419497/1f356bff28526385e02604da61d242663266405b/1760957510/dash_h264.mpd?t=1761137981', 'https://video.akamai.steamstatic.com/store_trailers/275850/1209419497/1f356bff28526385e02604da61d242663266405b/1760957510/hls_264_master.m3u8?t=1761137981', true, NOW(), NOW());
INSERT INTO game_media (game_id, media_id, name, thumbnail, webm, mp4, dash_av1, dash_h264, hls_h264, highlight, created_at, updated_at) VALUES (50, 257189776, 'No Man\'s Sky Voyagers Deep Dive', 'https://shared.akamai.steamstatic.com/store_item_assets/steam/apps/257189776/b77e035125b88d27f3e9c1062d58dbf104546248/movie_600x337.jpg?t=1756310910', '{\"480\":\"https:\\/\\/video.akamai.steamstatic.com\\/store_trailers\\/257189776\\/movie480_vp9.webm?t=1756310910\",\"max\":\"https:\\/\\/video.akamai.steamstatic.com\\/store_trailers\\/257189776\\/movie_max_vp9.webm?t=1756310910\"}', '{\"480\":\"https:\\/\\/video.akamai.steamstatic.com\\/store_trailers\\/257189776\\/movie480.mp4?t=1756310910\",\"max\":\"https:\\/\\/video.akamai.steamstatic.com\\/store_trailers\\/257189776\\/movie_max.mp4?t=1756310910\"}', 'https://video.akamai.steamstatic.com/store_trailers/275850/1335526454/29fcd38b6b30dc4aaaca66c0475161bf856f54f6/1756306559/dash_av1.mpd?t=1756310910', 'https://video.akamai.steamstatic.com/store_trailers/275850/1335526454/29fcd38b6b30dc4aaaca66c0475161bf856f54f6/1756306559/dash_h264.mpd?t=1756310910', 'https://video.akamai.steamstatic.com/store_trailers/275850/1335526454/29fcd38b6b30dc4aaaca66c0475161bf856f54f6/1756306559/hls_264_master.m3u8?t=1756310910', true, NOW(), NOW());
INSERT INTO game_media (game_id, media_id, name, thumbnail, webm, mp4, dash_av1, dash_h264, hls_h264, highlight, created_at, updated_at) VALUES (50, 257189739, 'No Man\'s Sky Voyagers Trailer', 'https://shared.akamai.steamstatic.com/store_item_assets/steam/apps/257189739/0d003933bcbf4f01b5543a76459ea43e04f11154/movie_600x337.jpg?t=1756310926', '{\"480\":\"https:\\/\\/video.akamai.steamstatic.com\\/store_trailers\\/257189739\\/movie480_vp9.webm?t=1756310926\",\"max\":\"https:\\/\\/video.akamai.steamstatic.com\\/store_trailers\\/257189739\\/movie_max_vp9.webm?t=1756310926\"}', '{\"480\":\"https:\\/\\/video.akamai.steamstatic.com\\/store_trailers\\/257189739\\/movie480.mp4?t=1756310926\",\"max\":\"https:\\/\\/video.akamai.steamstatic.com\\/store_trailers\\/257189739\\/movie_max.mp4?t=1756310926\"}', 'https://video.akamai.steamstatic.com/store_trailers/275850/253720884/e253695902cb0dfa9b5db50c9f401fbfbb2868cd/1756302859/dash_av1.mpd?t=1756310926', 'https://video.akamai.steamstatic.com/store_trailers/275850/253720884/e253695902cb0dfa9b5db50c9f401fbfbb2868cd/1756302859/dash_h264.mpd?t=1756310926', 'https://video.akamai.steamstatic.com/store_trailers/275850/253720884/e253695902cb0dfa9b5db50c9f401fbfbb2868cd/1756302859/hls_264_master.m3u8?t=1756310926', true, NOW(), NOW());
INSERT INTO game_media (game_id, media_id, name, thumbnail, webm, mp4, dash_av1, dash_h264, hls_h264, highlight, created_at, updated_at) VALUES (50, 257148281, 'No Man\'s Sky Beacon Trailer', 'https://shared.akamai.steamstatic.com/store_item_assets/steam/apps/257148281/28bd855c8af556c580261edd169f8fa5db6c082d/movie_600x337.jpg?t=1749042037', '{\"480\":\"https:\\/\\/video.akamai.steamstatic.com\\/store_trailers\\/257148281\\/movie480_vp9.webm?t=1749042037\",\"max\":\"https:\\/\\/video.akamai.steamstatic.com\\/store_trailers\\/257148281\\/movie_max_vp9.webm?t=1749042037\"}', '{\"480\":\"https:\\/\\/video.akamai.steamstatic.com\\/store_trailers\\/257148281\\/movie480.mp4?t=1749042037\",\"max\":\"https:\\/\\/video.akamai.steamstatic.com\\/store_trailers\\/257148281\\/movie_max.mp4?t=1749042037\"}', 'https://video.akamai.steamstatic.com/store_trailers/275850/1172882129/6ac39b37ceb63b0aa305f187f1c10fdcc2c1109e/1750488538/dash_av1.mpd?t=1749042037', 'https://video.akamai.steamstatic.com/store_trailers/275850/1172882129/6ac39b37ceb63b0aa305f187f1c10fdcc2c1109e/1750488538/dash_h264.mpd?t=1749042037', 'https://video.akamai.steamstatic.com/store_trailers/275850/1172882129/6ac39b37ceb63b0aa305f187f1c10fdcc2c1109e/1750488538/hls_264_master.m3u8?t=1749042037', true, NOW(), NOW());
INSERT INTO game_media (game_id, media_id, name, thumbnail, webm, mp4, dash_av1, dash_h264, hls_h264, highlight, created_at, updated_at) VALUES (50, 257118700, 'No Man\'s Sky Relics Trailer', 'https://shared.akamai.steamstatic.com/store_item_assets/steam/apps/257118700/211c1032873d04577786c83313ea97e388d9ed58/movie_600x337.jpg?t=1742997624', '{\"480\":\"https:\\/\\/video.akamai.steamstatic.com\\/store_trailers\\/257118700\\/movie480_vp9.webm?t=1742997624\",\"max\":\"https:\\/\\/video.akamai.steamstatic.com\\/store_trailers\\/257118700\\/movie_max_vp9.webm?t=1742997624\"}', '{\"480\":\"https:\\/\\/video.akamai.steamstatic.com\\/store_trailers\\/257118700\\/movie480.mp4?t=1742997624\",\"max\":\"https:\\/\\/video.akamai.steamstatic.com\\/store_trailers\\/257118700\\/movie_max.mp4?t=1742997624\"}', 'https://video.akamai.steamstatic.com/store_trailers/275850/858046/ec85afa6d03e57e556fed5612b3d824477f13452/1750488481/dash_av1.mpd?t=1742997624', 'https://video.akamai.steamstatic.com/store_trailers/275850/858046/ec85afa6d03e57e556fed5612b3d824477f13452/1750488481/dash_h264.mpd?t=1742997624', 'https://video.akamai.steamstatic.com/store_trailers/275850/858046/ec85afa6d03e57e556fed5612b3d824477f13452/1750488481/hls_264_master.m3u8?t=1742997624', true, NOW(), NOW());
INSERT INTO game_media (game_id, media_id, name, thumbnail, webm, mp4, dash_av1, dash_h264, hls_h264, highlight, created_at, updated_at) VALUES (50, 257091190, 'No Man\'s Sky Worlds Part II Deep Dive', 'https://shared.akamai.steamstatic.com/store_item_assets/steam/apps/257091190/779b63d968480b237f14e00a6a15d9fd26ff24e2/movie_600x337.jpg?t=1738159548', '{\"480\":\"https:\\/\\/video.akamai.steamstatic.com\\/store_trailers\\/257091190\\/movie480_vp9.webm?t=1738159548\",\"max\":\"https:\\/\\/video.akamai.steamstatic.com\\/store_trailers\\/257091190\\/movie_max_vp9.webm?t=1738159548\"}', '{\"480\":\"https:\\/\\/video.akamai.steamstatic.com\\/store_trailers\\/257091190\\/movie480.mp4?t=1738159548\",\"max\":\"https:\\/\\/video.akamai.steamstatic.com\\/store_trailers\\/257091190\\/movie_max.mp4?t=1738159548\"}', 'https://video.akamai.steamstatic.com/store_trailers/275850/816691/75f1a4d74049922ba8cd1ffb27b4efee7c20e072/1750488466/dash_av1.mpd?t=1738159548', 'https://video.akamai.steamstatic.com/store_trailers/275850/816691/75f1a4d74049922ba8cd1ffb27b4efee7c20e072/1750488466/dash_h264.mpd?t=1738159548', 'https://video.akamai.steamstatic.com/store_trailers/275850/816691/75f1a4d74049922ba8cd1ffb27b4efee7c20e072/1750488466/hls_264_master.m3u8?t=1738159548', true, NOW(), NOW());
INSERT INTO game_media (game_id, media_id, name, thumbnail, webm, mp4, dash_av1, dash_h264, hls_h264, highlight, created_at, updated_at) VALUES (50, 257091188, 'No Man\'s Sky Worlds Part II Update Trailer', 'https://shared.akamai.steamstatic.com/store_item_assets/steam/apps/257091188/46d5c1e818624b6ebdbc756a31363e83a93dea67/movie_600x337.jpg?t=1738159554', '{\"480\":\"https:\\/\\/video.akamai.steamstatic.com\\/store_trailers\\/257091188\\/movie480_vp9.webm?t=1738159554\",\"max\":\"https:\\/\\/video.akamai.steamstatic.com\\/store_trailers\\/257091188\\/movie_max_vp9.webm?t=1738159554\"}', '{\"480\":\"https:\\/\\/video.akamai.steamstatic.com\\/store_trailers\\/257091188\\/movie480.mp4?t=1738159554\",\"max\":\"https:\\/\\/video.akamai.steamstatic.com\\/store_trailers\\/257091188\\/movie_max.mp4?t=1738159554\"}', 'https://video.akamai.steamstatic.com/store_trailers/275850/816689/fdf1801bc2e49c253e71afab71aacb0dbc39fb39/1750488464/dash_av1.mpd?t=1738159554', 'https://video.akamai.steamstatic.com/store_trailers/275850/816689/fdf1801bc2e49c253e71afab71aacb0dbc39fb39/1750488464/dash_h264.mpd?t=1738159554', 'https://video.akamai.steamstatic.com/store_trailers/275850/816689/fdf1801bc2e49c253e71afab71aacb0dbc39fb39/1750488464/hls_264_master.m3u8?t=1738159554', true, NOW(), NOW());
INSERT INTO game_media (game_id, media_id, name, thumbnail, webm, mp4, dash_av1, dash_h264, hls_h264, highlight, created_at, updated_at) VALUES (50, 257071107, 'No Man\'s Sky Cross-Save Trailer', 'https://shared.akamai.steamstatic.com/store_item_assets/steam/apps/257071107/64f275c0c05f837703428eb2d07027bc04f1045e/movie_600x337.jpg?t=1730991933', '{\"480\":\"https:\\/\\/video.akamai.steamstatic.com\\/store_trailers\\/257071107\\/movie480_vp9.webm?t=1730991933\",\"max\":\"https:\\/\\/video.akamai.steamstatic.com\\/store_trailers\\/257071107\\/movie_max_vp9.webm?t=1730991933\"}', '{\"480\":\"https:\\/\\/video.akamai.steamstatic.com\\/store_trailers\\/257071107\\/movie480.mp4?t=1730991933\",\"max\":\"https:\\/\\/video.akamai.steamstatic.com\\/store_trailers\\/257071107\\/movie_max.mp4?t=1730991933\"}', 'https://video.akamai.steamstatic.com/store_trailers/275850/781797/50b20e3e7acab7be874949bd87766ec3064c3fac/1750488294/dash_av1.mpd?t=1730991933', 'https://video.akamai.steamstatic.com/store_trailers/275850/781797/50b20e3e7acab7be874949bd87766ec3064c3fac/1750488294/dash_h264.mpd?t=1730991933', 'https://video.akamai.steamstatic.com/store_trailers/275850/781797/50b20e3e7acab7be874949bd87766ec3064c3fac/1750488294/hls_264_master.m3u8?t=1730991933', true, NOW(), NOW());
INSERT INTO game_media (game_id, media_id, name, thumbnail, webm, mp4, dash_av1, dash_h264, hls_h264, highlight, created_at, updated_at) VALUES (50, 257071117, 'No Man\'s Sky Mass Effect Normandy Trailer', 'https://shared.akamai.steamstatic.com/store_item_assets/steam/apps/257071117/c6782d7714fbe69f0868326fb03b60518b24d77a/movie_600x337.jpg?t=1730991960', '{\"480\":\"https:\\/\\/video.akamai.steamstatic.com\\/store_trailers\\/257071117\\/movie480_vp9.webm?t=1730991960\",\"max\":\"https:\\/\\/video.akamai.steamstatic.com\\/store_trailers\\/257071117\\/movie_max_vp9.webm?t=1730991960\"}', '{\"480\":\"https:\\/\\/video.akamai.steamstatic.com\\/store_trailers\\/257071117\\/movie480.mp4?t=1730991960\",\"max\":\"https:\\/\\/video.akamai.steamstatic.com\\/store_trailers\\/257071117\\/movie_max.mp4?t=1730991960\"}', 'https://video.akamai.steamstatic.com/store_trailers/275850/781818/2493ef2c0f9887d54d3ce1bbfe2e277d3eca6fe1/1750488340/dash_av1.mpd?t=1730991960', 'https://video.akamai.steamstatic.com/store_trailers/275850/781818/2493ef2c0f9887d54d3ce1bbfe2e277d3eca6fe1/1750488340/dash_h264.mpd?t=1730991960', 'https://video.akamai.steamstatic.com/store_trailers/275850/781818/2493ef2c0f9887d54d3ce1bbfe2e277d3eca6fe1/1750488340/hls_264_master.m3u8?t=1730991960', true, NOW(), NOW());
INSERT INTO game_media (game_id, media_id, name, thumbnail, webm, mp4, dash_av1, dash_h264, hls_h264, highlight, created_at, updated_at) VALUES (50, 257067071, 'No Man\'s Sky: The Cursed', 'https://shared.akamai.steamstatic.com/store_item_assets/steam/apps/257067071/0079b5f0c21817ac88188b629eaa506da8d38e6d/movie_600x337.jpg?t=1729688359', '{\"480\":\"https:\\/\\/video.akamai.steamstatic.com\\/store_trailers\\/257067071\\/movie480_vp9.webm?t=1729688359\",\"max\":\"https:\\/\\/video.akamai.steamstatic.com\\/store_trailers\\/257067071\\/movie_max_vp9.webm?t=1729688359\"}', '{\"480\":\"https:\\/\\/video.akamai.steamstatic.com\\/store_trailers\\/257067071\\/movie480.mp4?t=1729688359\",\"max\":\"https:\\/\\/video.akamai.steamstatic.com\\/store_trailers\\/257067071\\/movie_max.mp4?t=1729688359\"}', 'https://video.akamai.steamstatic.com/store_trailers/275850/774909/424da255657b6ae73af980137cbafa3455db1abf/1750489612/dash_av1.mpd?t=1729688359', 'https://video.akamai.steamstatic.com/store_trailers/275850/774909/424da255657b6ae73af980137cbafa3455db1abf/1750489612/dash_h264.mpd?t=1729688359', 'https://video.akamai.steamstatic.com/store_trailers/275850/774909/424da255657b6ae73af980137cbafa3455db1abf/1750489612/hls_264_master.m3u8?t=1729688359', true, NOW(), NOW());
INSERT INTO game_media (game_id, media_id, name, thumbnail, webm, mp4, dash_av1, dash_h264, hls_h264, highlight, created_at, updated_at) VALUES (50, 257052416, 'No Man\'s Sky: Aquarius', 'https://shared.akamai.steamstatic.com/store_item_assets/steam/apps/257052416/movie.293x165.jpg?t=1726043587', '{\"480\":\"https:\\/\\/video.akamai.steamstatic.com\\/store_trailers\\/257052416\\/movie480_vp9.webm?t=1726043587\",\"max\":\"https:\\/\\/video.akamai.steamstatic.com\\/store_trailers\\/257052416\\/movie_max_vp9.webm?t=1726043587\"}', '{\"480\":\"https:\\/\\/video.akamai.steamstatic.com\\/store_trailers\\/257052416\\/movie480.mp4?t=1726043587\",\"max\":\"https:\\/\\/video.akamai.steamstatic.com\\/store_trailers\\/257052416\\/movie_max.mp4?t=1726043587\"}', 'https://video.akamai.steamstatic.com/store_trailers/275850/751074/311427d8494e58a84bee3fba27c51e0bc3af288a/1750488199/dash_av1.mpd?t=1726043587', 'https://video.akamai.steamstatic.com/store_trailers/275850/751074/311427d8494e58a84bee3fba27c51e0bc3af288a/1750488199/dash_h264.mpd?t=1726043587', 'https://video.akamai.steamstatic.com/store_trailers/275850/751074/311427d8494e58a84bee3fba27c51e0bc3af288a/1750488199/hls_264_master.m3u8?t=1726043587', true, NOW(), NOW());
INSERT INTO game_media (game_id, media_id, name, thumbnail, webm, mp4, dash_av1, dash_h264, hls_h264, highlight, created_at, updated_at) VALUES (50, 257038225, 'No Man\'s Sky Worlds Part I Deep Dive', 'https://shared.akamai.steamstatic.com/store_item_assets/steam/apps/257038225/movie.293x165.jpg?t=1726044741', '{\"480\":\"https:\\/\\/video.akamai.steamstatic.com\\/store_trailers\\/257038225\\/movie480_vp9.webm?t=1726044741\",\"max\":\"https:\\/\\/video.akamai.steamstatic.com\\/store_trailers\\/257038225\\/movie_max_vp9.webm?t=1726044741\"}', '{\"480\":\"https:\\/\\/video.akamai.steamstatic.com\\/store_trailers\\/257038225\\/movie480.mp4?t=1726044741\",\"max\":\"https:\\/\\/video.akamai.steamstatic.com\\/store_trailers\\/257038225\\/movie_max.mp4?t=1726044741\"}', 'https://video.akamai.steamstatic.com/store_trailers/275850/726670/8b0e9095f31f9cc118f4a4a6533b15e572cd7840/1750488188/dash_av1.mpd?t=1726044741', 'https://video.akamai.steamstatic.com/store_trailers/275850/726670/8b0e9095f31f9cc118f4a4a6533b15e572cd7840/1750488188/dash_h264.mpd?t=1726044741', 'https://video.akamai.steamstatic.com/store_trailers/275850/726670/8b0e9095f31f9cc118f4a4a6533b15e572cd7840/1750488188/hls_264_master.m3u8?t=1726044741', true, NOW(), NOW());
INSERT INTO game_media (game_id, media_id, name, thumbnail, webm, mp4, dash_av1, dash_h264, hls_h264, highlight, created_at, updated_at) VALUES (50, 257038199, 'No Man\'s Sky: Worlds Part I', 'https://shared.akamai.steamstatic.com/store_item_assets/steam/apps/257038199/movie.293x165.jpg?t=1721221310', '{\"480\":\"https:\\/\\/video.akamai.steamstatic.com\\/store_trailers\\/257038199\\/movie480_vp9.webm?t=1721221310\",\"max\":\"https:\\/\\/video.akamai.steamstatic.com\\/store_trailers\\/257038199\\/movie_max_vp9.webm?t=1721221310\"}', '{\"480\":\"https:\\/\\/video.akamai.steamstatic.com\\/store_trailers\\/257038199\\/movie480.mp4?t=1721221310\",\"max\":\"https:\\/\\/video.akamai.steamstatic.com\\/store_trailers\\/257038199\\/movie_max.mp4?t=1721221310\"}', 'https://video.akamai.steamstatic.com/store_trailers/275850/726616/f9cfbe04952a8b604b5317f936ede1f671ceed2c/1750488162/dash_av1.mpd?t=1721221310', 'https://video.akamai.steamstatic.com/store_trailers/275850/726616/f9cfbe04952a8b604b5317f936ede1f671ceed2c/1750488162/dash_h264.mpd?t=1721221310', 'https://video.akamai.steamstatic.com/store_trailers/275850/726616/f9cfbe04952a8b604b5317f936ede1f671ceed2c/1750488162/hls_264_master.m3u8?t=1721221310', true, NOW(), NOW());
INSERT INTO game_media (game_id, media_id, name, thumbnail, webm, mp4, dash_av1, dash_h264, hls_h264, highlight, created_at, updated_at) VALUES (50, 257026299, 'No Man\'s Sky: Adrift', 'https://shared.akamai.steamstatic.com/store_item_assets/steam/apps/257026299/movie.293x165.jpg?t=1726044767', '{\"480\":\"https:\\/\\/video.akamai.steamstatic.com\\/store_trailers\\/257026299\\/movie480_vp9.webm?t=1726044767\",\"max\":\"https:\\/\\/video.akamai.steamstatic.com\\/store_trailers\\/257026299\\/movie_max_vp9.webm?t=1726044767\"}', '{\"480\":\"https:\\/\\/video.akamai.steamstatic.com\\/store_trailers\\/257026299\\/movie480.mp4?t=1726044767\",\"max\":\"https:\\/\\/video.akamai.steamstatic.com\\/store_trailers\\/257026299\\/movie_max.mp4?t=1726044767\"}', 'https://video.akamai.steamstatic.com/store_trailers/275850/705855/996e938e8f2ef0d8c603d311fbc22d490e4b7157/1750488133/dash_av1.mpd?t=1726044767', 'https://video.akamai.steamstatic.com/store_trailers/275850/705855/996e938e8f2ef0d8c603d311fbc22d490e4b7157/1750488133/dash_h264.mpd?t=1726044767', 'https://video.akamai.steamstatic.com/store_trailers/275850/705855/996e938e8f2ef0d8c603d311fbc22d490e4b7157/1750488133/hls_264_master.m3u8?t=1726044767', true, NOW(), NOW());
INSERT INTO game_media (game_id, media_id, name, thumbnail, webm, mp4, dash_av1, dash_h264, hls_h264, highlight, created_at, updated_at) VALUES (50, 257011484, 'No Man\'s Sky: Orbital', 'https://shared.akamai.steamstatic.com/store_item_assets/steam/apps/257011484/movie.293x165.jpg?t=1726044772', '{\"480\":\"https:\\/\\/video.akamai.steamstatic.com\\/store_trailers\\/257011484\\/movie480_vp9.webm?t=1726044772\",\"max\":\"https:\\/\\/video.akamai.steamstatic.com\\/store_trailers\\/257011484\\/movie_max_vp9.webm?t=1726044772\"}', '{\"480\":\"https:\\/\\/video.akamai.steamstatic.com\\/store_trailers\\/257011484\\/movie480.mp4?t=1726044772\",\"max\":\"https:\\/\\/video.akamai.steamstatic.com\\/store_trailers\\/257011484\\/movie_max.mp4?t=1726044772\"}', 'https://video.akamai.steamstatic.com/store_trailers/275850/680101/a0cfcd3f1f693cc5b63052d2488bea3c1768d22d/1750488104/dash_av1.mpd?t=1726044772', 'https://video.akamai.steamstatic.com/store_trailers/275850/680101/a0cfcd3f1f693cc5b63052d2488bea3c1768d22d/1750488104/dash_h264.mpd?t=1726044772', 'https://video.akamai.steamstatic.com/store_trailers/275850/680101/a0cfcd3f1f693cc5b63052d2488bea3c1768d22d/1750488104/hls_264_master.m3u8?t=1726044772', true, NOW(), NOW());
INSERT INTO game_media (game_id, media_id, name, thumbnail, webm, mp4, dash_av1, dash_h264, hls_h264, highlight, created_at, updated_at) VALUES (50, 257001081, 'No Man\'s Sky: Omega', 'https://shared.akamai.steamstatic.com/store_item_assets/steam/apps/257001081/movie.293x165.jpg?t=1711557782', '{\"480\":\"https:\\/\\/video.akamai.steamstatic.com\\/store_trailers\\/257001081\\/movie480_vp9.webm?t=1711557782\",\"max\":\"https:\\/\\/video.akamai.steamstatic.com\\/store_trailers\\/257001081\\/movie_max_vp9.webm?t=1711557782\"}', '{\"480\":\"https:\\/\\/video.akamai.steamstatic.com\\/store_trailers\\/257001081\\/movie480.mp4?t=1711557782\",\"max\":\"https:\\/\\/video.akamai.steamstatic.com\\/store_trailers\\/257001081\\/movie_max.mp4?t=1711557782\"}', 'https://video.akamai.steamstatic.com/store_trailers/275850/662537/bbd3966e3be0b3cfe582a116623236c1aaee7c33/1750488094/dash_av1.mpd?t=1711557782', 'https://video.akamai.steamstatic.com/store_trailers/275850/662537/bbd3966e3be0b3cfe582a116623236c1aaee7c33/1750488094/dash_h264.mpd?t=1711557782', 'https://video.akamai.steamstatic.com/store_trailers/275850/662537/bbd3966e3be0b3cfe582a116623236c1aaee7c33/1750488094/hls_264_master.m3u8?t=1711557782', true, NOW(), NOW());
INSERT INTO game_media (game_id, media_id, name, thumbnail, webm, mp4, dash_av1, dash_h264, hls_h264, highlight, created_at, updated_at) VALUES (50, 256965743, 'No Man\'s Sky: Echoes', 'https://shared.akamai.steamstatic.com/store_item_assets/steam/apps/256965743/movie.293x165.jpg?t=1692885688', '{\"480\":\"https:\\/\\/video.akamai.steamstatic.com\\/store_trailers\\/256965743\\/movie480_vp9.webm?t=1692885688\",\"max\":\"https:\\/\\/video.akamai.steamstatic.com\\/store_trailers\\/256965743\\/movie_max_vp9.webm?t=1692885688\"}', '{\"480\":\"https:\\/\\/video.akamai.steamstatic.com\\/store_trailers\\/256965743\\/movie480.mp4?t=1692885688\",\"max\":\"https:\\/\\/video.akamai.steamstatic.com\\/store_trailers\\/256965743\\/movie_max.mp4?t=1692885688\"}', 'https://video.akamai.steamstatic.com/store_trailers/275850/600720/7679290ead1962f2ea76c23d03093da25b7ed365/1750488091/dash_av1.mpd?t=1692885688', 'https://video.akamai.steamstatic.com/store_trailers/275850/600720/7679290ead1962f2ea76c23d03093da25b7ed365/1750488091/dash_h264.mpd?t=1692885688', 'https://video.akamai.steamstatic.com/store_trailers/275850/600720/7679290ead1962f2ea76c23d03093da25b7ed365/1750488091/hls_264_master.m3u8?t=1692885688', true, NOW(), NOW());
INSERT INTO game_media (game_id, media_id, name, thumbnail, webm, mp4, dash_av1, dash_h264, hls_h264, highlight, created_at, updated_at) VALUES (50, 256964454, 'No Man\'s Sky 7th Anniversary Trailer', 'https://shared.akamai.steamstatic.com/store_item_assets/steam/apps/256964454/movie.293x165.jpg?t=1692371925', '{\"480\":\"https:\\/\\/video.akamai.steamstatic.com\\/store_trailers\\/256964454\\/movie480_vp9.webm?t=1692371925\",\"max\":\"https:\\/\\/video.akamai.steamstatic.com\\/store_trailers\\/256964454\\/movie_max_vp9.webm?t=1692371925\"}', '{\"480\":\"https:\\/\\/video.akamai.steamstatic.com\\/store_trailers\\/256964454\\/movie480.mp4?t=1692371925\",\"max\":\"https:\\/\\/video.akamai.steamstatic.com\\/store_trailers\\/256964454\\/movie_max.mp4?t=1692371925\"}', 'https://video.akamai.steamstatic.com/store_trailers/275850/598590/c0ab315c6e0a84dfd2e1194f362b2e9c0b6c2422/1750488082/dash_av1.mpd?t=1692371925', 'https://video.akamai.steamstatic.com/store_trailers/275850/598590/c0ab315c6e0a84dfd2e1194f362b2e9c0b6c2422/1750488082/dash_h264.mpd?t=1692371925', 'https://video.akamai.steamstatic.com/store_trailers/275850/598590/c0ab315c6e0a84dfd2e1194f362b2e9c0b6c2422/1750488082/hls_264_master.m3u8?t=1692371925', true, NOW(), NOW());
INSERT INTO game_media (game_id, media_id, name, thumbnail, webm, mp4, dash_av1, dash_h264, hls_h264, highlight, created_at, updated_at) VALUES (50, 256951391, 'No Man\'s Sky Singularity Expedition Trailer', 'https://shared.akamai.steamstatic.com/store_item_assets/steam/apps/256951391/movie.293x165.jpg?t=1686146194', '{\"480\":\"https:\\/\\/video.akamai.steamstatic.com\\/store_trailers\\/256951391\\/movie480_vp9.webm?t=1686146194\",\"max\":\"https:\\/\\/video.akamai.steamstatic.com\\/store_trailers\\/256951391\\/movie_max_vp9.webm?t=1686146194\"}', '{\"480\":\"https:\\/\\/video.akamai.steamstatic.com\\/store_trailers\\/256951391\\/movie480.mp4?t=1686146194\",\"max\":\"https:\\/\\/video.akamai.steamstatic.com\\/store_trailers\\/256951391\\/movie_max.mp4?t=1686146194\"}', 'https://video.akamai.steamstatic.com/store_trailers/275850/575711/e69afb29ea00b66674d18d6f269f82fb885f23d3/1750490041/dash_av1.mpd?t=1686146194', 'https://video.akamai.steamstatic.com/store_trailers/275850/575711/e69afb29ea00b66674d18d6f269f82fb885f23d3/1750490041/dash_h264.mpd?t=1686146194', 'https://video.akamai.steamstatic.com/store_trailers/275850/575711/e69afb29ea00b66674d18d6f269f82fb885f23d3/1750490041/hls_264_master.m3u8?t=1686146194', true, NOW(), NOW());
INSERT INTO game_media (game_id, media_id, name, thumbnail, webm, mp4, dash_av1, dash_h264, hls_h264, highlight, created_at, updated_at) VALUES (50, 256950343, 'No Man\'s Sky Mac Launch Trailer', 'https://shared.akamai.steamstatic.com/store_item_assets/steam/apps/256950343/movie.293x165.jpg?t=1685691019', '{\"480\":\"https:\\/\\/video.akamai.steamstatic.com\\/store_trailers\\/256950343\\/movie480_vp9.webm?t=1685691019\",\"max\":\"https:\\/\\/video.akamai.steamstatic.com\\/store_trailers\\/256950343\\/movie_max_vp9.webm?t=1685691019\"}', '{\"480\":\"https:\\/\\/video.akamai.steamstatic.com\\/store_trailers\\/256950343\\/movie480.mp4?t=1685691019\",\"max\":\"https:\\/\\/video.akamai.steamstatic.com\\/store_trailers\\/256950343\\/movie_max.mp4?t=1685691019\"}', 'https://video.akamai.steamstatic.com/store_trailers/275850/573902/4a1f09e3ab8d05bd43ac01c26f919ec22885c103/1750488056/dash_av1.mpd?t=1685691019', 'https://video.akamai.steamstatic.com/store_trailers/275850/573902/4a1f09e3ab8d05bd43ac01c26f919ec22885c103/1750488056/dash_h264.mpd?t=1685691019', 'https://video.akamai.steamstatic.com/store_trailers/275850/573902/4a1f09e3ab8d05bd43ac01c26f919ec22885c103/1750488056/hls_264_master.m3u8?t=1685691019', true, NOW(), NOW());
INSERT INTO game_media (game_id, media_id, name, thumbnail, webm, mp4, dash_av1, dash_h264, hls_h264, highlight, created_at, updated_at) VALUES (50, 256939398, 'No Man\'s Sky: Interceptor', 'https://shared.akamai.steamstatic.com/store_item_assets/steam/apps/256939398/movie.293x165.jpg?t=1683104626', '{\"480\":\"https:\\/\\/video.akamai.steamstatic.com\\/store_trailers\\/256939398\\/movie480_vp9.webm?t=1683104626\",\"max\":\"https:\\/\\/video.akamai.steamstatic.com\\/store_trailers\\/256939398\\/movie_max_vp9.webm?t=1683104626\"}', '{\"480\":\"https:\\/\\/video.akamai.steamstatic.com\\/store_trailers\\/256939398\\/movie480.mp4?t=1683104626\",\"max\":\"https:\\/\\/video.akamai.steamstatic.com\\/store_trailers\\/256939398\\/movie_max.mp4?t=1683104626\"}', 'https://video.akamai.steamstatic.com/store_trailers/275850/554835/3179d044b101aa3e323b692628431c8c2e2c72d5/1750488047/dash_av1.mpd?t=1683104626', 'https://video.akamai.steamstatic.com/store_trailers/275850/554835/3179d044b101aa3e323b692628431c8c2e2c72d5/1750488047/dash_h264.mpd?t=1683104626', 'https://video.akamai.steamstatic.com/store_trailers/275850/554835/3179d044b101aa3e323b692628431c8c2e2c72d5/1750488047/hls_264_master.m3u8?t=1683104626', true, NOW(), NOW());
INSERT INTO game_media (game_id, media_id, name, thumbnail, webm, mp4, dash_av1, dash_h264, hls_h264, highlight, created_at, updated_at) VALUES (50, 256932058, 'No Man\'s Sky: Fractal', 'https://shared.akamai.steamstatic.com/store_item_assets/steam/apps/256932058/movie.293x165.jpg?t=1683104633', '{\"480\":\"https:\\/\\/video.akamai.steamstatic.com\\/store_trailers\\/256932058\\/movie480_vp9.webm?t=1683104633\",\"max\":\"https:\\/\\/video.akamai.steamstatic.com\\/store_trailers\\/256932058\\/movie_max_vp9.webm?t=1683104633\"}', '{\"480\":\"https:\\/\\/video.akamai.steamstatic.com\\/store_trailers\\/256932058\\/movie480.mp4?t=1683104633\",\"max\":\"https:\\/\\/video.akamai.steamstatic.com\\/store_trailers\\/256932058\\/movie_max.mp4?t=1683104633\"}', 'https://video.akamai.steamstatic.com/store_trailers/275850/541595/5299bb7720525f3461d4f3b8f76bf43452c70af9/1750488036/dash_av1.mpd?t=1683104633', 'https://video.akamai.steamstatic.com/store_trailers/275850/541595/5299bb7720525f3461d4f3b8f76bf43452c70af9/1750488036/dash_h264.mpd?t=1683104633', 'https://video.akamai.steamstatic.com/store_trailers/275850/541595/5299bb7720525f3461d4f3b8f76bf43452c70af9/1750488036/hls_264_master.m3u8?t=1683104633', true, NOW(), NOW());
INSERT INTO game_media (game_id, media_id, name, thumbnail, webm, mp4, dash_av1, dash_h264, hls_h264, highlight, created_at, updated_at) VALUES (50, 256909651, 'No Man\'s Sky: Waypoint (4.0)', 'https://shared.akamai.steamstatic.com/store_item_assets/steam/apps/256909651/movie.293x165.jpg?t=1683104640', '{\"480\":\"https:\\/\\/video.akamai.steamstatic.com\\/store_trailers\\/256909651\\/movie480_vp9.webm?t=1683104640\",\"max\":\"https:\\/\\/video.akamai.steamstatic.com\\/store_trailers\\/256909651\\/movie_max_vp9.webm?t=1683104640\"}', '{\"480\":\"https:\\/\\/video.akamai.steamstatic.com\\/store_trailers\\/256909651\\/movie480.mp4?t=1683104640\",\"max\":\"https:\\/\\/video.akamai.steamstatic.com\\/store_trailers\\/256909651\\/movie_max.mp4?t=1683104640\"}', 'https://video.akamai.steamstatic.com/store_trailers/275850/502763/665dc39b208188eb956677c6dace7e12e0b2acff/1750488032/dash_av1.mpd?t=1683104640', 'https://video.akamai.steamstatic.com/store_trailers/275850/502763/665dc39b208188eb956677c6dace7e12e0b2acff/1750488032/dash_h264.mpd?t=1683104640', 'https://video.akamai.steamstatic.com/store_trailers/275850/502763/665dc39b208188eb956677c6dace7e12e0b2acff/1750488032/hls_264_master.m3u8?t=1683104640', true, NOW(), NOW());
INSERT INTO game_media (game_id, media_id, name, thumbnail, webm, mp4, dash_av1, dash_h264, hls_h264, highlight, created_at, updated_at) VALUES (50, 256897269, 'No Man\'s Sky: Endurance', 'https://shared.akamai.steamstatic.com/store_item_assets/steam/apps/256897269/movie.293x165.jpg?t=1683104647', '{\"480\":\"https:\\/\\/video.akamai.steamstatic.com\\/store_trailers\\/256897269\\/movie480_vp9.webm?t=1683104647\",\"max\":\"https:\\/\\/video.akamai.steamstatic.com\\/store_trailers\\/256897269\\/movie_max_vp9.webm?t=1683104647\"}', '{\"480\":\"https:\\/\\/video.akamai.steamstatic.com\\/store_trailers\\/256897269\\/movie480.mp4?t=1683104647\",\"max\":\"https:\\/\\/video.akamai.steamstatic.com\\/store_trailers\\/256897269\\/movie_max.mp4?t=1683104647\"}', 'https://video.akamai.steamstatic.com/store_trailers/275850/481270/3074bc0dd1aedc2d19be230cc4baeb945453d3fa/1750488024/dash_av1.mpd?t=1683104647', 'https://video.akamai.steamstatic.com/store_trailers/275850/481270/3074bc0dd1aedc2d19be230cc4baeb945453d3fa/1750488024/dash_h264.mpd?t=1683104647', 'https://video.akamai.steamstatic.com/store_trailers/275850/481270/3074bc0dd1aedc2d19be230cc4baeb945453d3fa/1750488024/hls_264_master.m3u8?t=1683104647', true, NOW(), NOW());
INSERT INTO game_media (game_id, media_id, name, thumbnail, webm, mp4, dash_av1, dash_h264, hls_h264, highlight, created_at, updated_at) VALUES (50, 256888354, 'No Man\'s Sky: Leviathan Expedition', 'https://shared.akamai.steamstatic.com/store_item_assets/steam/apps/256888354/movie.293x165.jpg?t=1683104654', '{\"480\":\"https:\\/\\/video.akamai.steamstatic.com\\/store_trailers\\/256888354\\/movie480_vp9.webm?t=1683104654\",\"max\":\"https:\\/\\/video.akamai.steamstatic.com\\/store_trailers\\/256888354\\/movie_max_vp9.webm?t=1683104654\"}', '{\"480\":\"https:\\/\\/video.akamai.steamstatic.com\\/store_trailers\\/256888354\\/movie480.mp4?t=1683104654\",\"max\":\"https:\\/\\/video.akamai.steamstatic.com\\/store_trailers\\/256888354\\/movie_max.mp4?t=1683104654\"}', 'https://video.akamai.steamstatic.com/store_trailers/275850/466138/ed0a5f2935d0192bb54fa4218cd6570f378acb66/1750488018/dash_av1.mpd?t=1683104654', 'https://video.akamai.steamstatic.com/store_trailers/275850/466138/ed0a5f2935d0192bb54fa4218cd6570f378acb66/1750488018/dash_h264.mpd?t=1683104654', 'https://video.akamai.steamstatic.com/store_trailers/275850/466138/ed0a5f2935d0192bb54fa4218cd6570f378acb66/1750488018/hls_264_master.m3u8?t=1683104654', true, NOW(), NOW());
INSERT INTO game_media (game_id, media_id, name, thumbnail, webm, mp4, dash_av1, dash_h264, hls_h264, highlight, created_at, updated_at) VALUES (50, 256881969, 'No Man\'s Sky: Outlaws', 'https://shared.akamai.steamstatic.com/store_item_assets/steam/apps/256881969/movie.293x165.jpg?t=1683104786', '{\"480\":\"https:\\/\\/video.akamai.steamstatic.com\\/store_trailers\\/256881969\\/movie480_vp9.webm?t=1683104786\",\"max\":\"https:\\/\\/video.akamai.steamstatic.com\\/store_trailers\\/256881969\\/movie_max_vp9.webm?t=1683104786\"}', '{\"480\":\"https:\\/\\/video.akamai.steamstatic.com\\/store_trailers\\/256881969\\/movie480.mp4?t=1683104786\",\"max\":\"https:\\/\\/video.akamai.steamstatic.com\\/store_trailers\\/256881969\\/movie_max.mp4?t=1683104786\"}', 'https://video.akamai.steamstatic.com/store_trailers/275850/454866/0d974d860960502e919853a0553bb401576f35ea/1750488016/dash_av1.mpd?t=1683104786', 'https://video.akamai.steamstatic.com/store_trailers/275850/454866/0d974d860960502e919853a0553bb401576f35ea/1750488016/dash_h264.mpd?t=1683104786', 'https://video.akamai.steamstatic.com/store_trailers/275850/454866/0d974d860960502e919853a0553bb401576f35ea/1750488016/hls_264_master.m3u8?t=1683104786', true, NOW(), NOW());
INSERT INTO game_media (game_id, media_id, name, thumbnail, webm, mp4, dash_av1, dash_h264, hls_h264, highlight, created_at, updated_at) VALUES (50, 256874164, 'No Man\'s Sky: Sentinel', 'https://shared.akamai.steamstatic.com/store_item_assets/steam/apps/256874164/movie.293x165.jpg?t=1683104793', '{\"480\":\"https:\\/\\/video.akamai.steamstatic.com\\/store_trailers\\/256874164\\/movie480_vp9.webm?t=1683104793\",\"max\":\"https:\\/\\/video.akamai.steamstatic.com\\/store_trailers\\/256874164\\/movie_max_vp9.webm?t=1683104793\"}', '{\"480\":\"https:\\/\\/video.akamai.steamstatic.com\\/store_trailers\\/256874164\\/movie480.mp4?t=1683104793\",\"max\":\"https:\\/\\/video.akamai.steamstatic.com\\/store_trailers\\/256874164\\/movie_max.mp4?t=1683104793\"}', 'https://video.akamai.steamstatic.com/store_trailers/275850/440580/96afb13f6a8f7afb3c325b9e57de447c8decfbd6/1750487994/dash_av1.mpd?t=1683104793', 'https://video.akamai.steamstatic.com/store_trailers/275850/440580/96afb13f6a8f7afb3c325b9e57de447c8decfbd6/1750487994/dash_h264.mpd?t=1683104793', 'https://video.akamai.steamstatic.com/store_trailers/275850/440580/96afb13f6a8f7afb3c325b9e57de447c8decfbd6/1750487994/hls_264_master.m3u8?t=1683104793', true, NOW(), NOW());
INSERT INTO game_media (game_id, media_id, name, thumbnail, webm, mp4, dash_av1, dash_h264, hls_h264, highlight, created_at, updated_at) VALUES (50, 256856589, 'No Man\'s Sky: Emergence Expedition', 'https://shared.akamai.steamstatic.com/store_item_assets/steam/apps/256856589/movie.293x165.jpg?t=1683104800', '{\"480\":\"https:\\/\\/video.akamai.steamstatic.com\\/store_trailers\\/256856589\\/movie480_vp9.webm?t=1683104800\",\"max\":\"https:\\/\\/video.akamai.steamstatic.com\\/store_trailers\\/256856589\\/movie_max_vp9.webm?t=1683104800\"}', '{\"480\":\"https:\\/\\/video.akamai.steamstatic.com\\/store_trailers\\/256856589\\/movie480.mp4?t=1683104800\",\"max\":\"https:\\/\\/video.akamai.steamstatic.com\\/store_trailers\\/256856589\\/movie_max.mp4?t=1683104800\"}', 'https://video.akamai.steamstatic.com/store_trailers/275850/410308/8a968c84b092040b96276a128014e3653c7bb2b6/1750487981/dash_av1.mpd?t=1683104800', 'https://video.akamai.steamstatic.com/store_trailers/275850/410308/8a968c84b092040b96276a128014e3653c7bb2b6/1750487981/dash_h264.mpd?t=1683104800', 'https://video.akamai.steamstatic.com/store_trailers/275850/410308/8a968c84b092040b96276a128014e3653c7bb2b6/1750487981/hls_264_master.m3u8?t=1683104800', true, NOW(), NOW());
INSERT INTO game_media (game_id, media_id, name, thumbnail, webm, mp4, dash_av1, dash_h264, hls_h264, highlight, created_at, updated_at) VALUES (50, 256849729, 'No Man\'s Sky: Frontiers', 'https://shared.akamai.steamstatic.com/store_item_assets/steam/apps/256849729/movie.293x165.jpg?t=1683104807', '{\"480\":\"https:\\/\\/video.akamai.steamstatic.com\\/store_trailers\\/256849729\\/movie480_vp9.webm?t=1683104807\",\"max\":\"https:\\/\\/video.akamai.steamstatic.com\\/store_trailers\\/256849729\\/movie_max_vp9.webm?t=1683104807\"}', '{\"480\":\"https:\\/\\/video.akamai.steamstatic.com\\/store_trailers\\/256849729\\/movie480.mp4?t=1683104807\",\"max\":\"https:\\/\\/video.akamai.steamstatic.com\\/store_trailers\\/256849729\\/movie_max.mp4?t=1683104807\"}', 'https://video.akamai.steamstatic.com/store_trailers/275850/397736/65530948a5bfa82f621c9d64359d39312f8af375/1750487978/dash_av1.mpd?t=1683104807', 'https://video.akamai.steamstatic.com/store_trailers/275850/397736/65530948a5bfa82f621c9d64359d39312f8af375/1750487978/dash_h264.mpd?t=1683104807', 'https://video.akamai.steamstatic.com/store_trailers/275850/397736/65530948a5bfa82f621c9d64359d39312f8af375/1750487978/hls_264_master.m3u8?t=1683104807', true, NOW(), NOW());
INSERT INTO game_media (game_id, media_id, name, thumbnail, webm, mp4, dash_av1, dash_h264, hls_h264, highlight, created_at, updated_at) VALUES (50, 256837085, 'No Man\'s Sky: Prisms', 'https://shared.akamai.steamstatic.com/store_item_assets/steam/apps/256837085/movie.293x165.jpg?t=1683104814', '{\"480\":\"https:\\/\\/video.akamai.steamstatic.com\\/store_trailers\\/256837085\\/movie480_vp9.webm?t=1683104814\",\"max\":\"https:\\/\\/video.akamai.steamstatic.com\\/store_trailers\\/256837085\\/movie_max_vp9.webm?t=1683104814\"}', '{\"480\":\"https:\\/\\/video.akamai.steamstatic.com\\/store_trailers\\/256837085\\/movie480.mp4?t=1683104814\",\"max\":\"https:\\/\\/video.akamai.steamstatic.com\\/store_trailers\\/256837085\\/movie_max.mp4?t=1683104814\"}', 'https://video.akamai.steamstatic.com/store_trailers/275850/374051/6a10ee9e80c5c8f7e1b5cbad978b0ce2e9a8a08b/1750487958/dash_av1.mpd?t=1683104814', 'https://video.akamai.steamstatic.com/store_trailers/275850/374051/6a10ee9e80c5c8f7e1b5cbad978b0ce2e9a8a08b/1750487958/dash_h264.mpd?t=1683104814', 'https://video.akamai.steamstatic.com/store_trailers/275850/374051/6a10ee9e80c5c8f7e1b5cbad978b0ce2e9a8a08b/1750487958/hls_264_master.m3u8?t=1683104814', true, NOW(), NOW());
INSERT INTO game_media (game_id, media_id, name, thumbnail, webm, mp4, dash_av1, dash_h264, hls_h264, highlight, created_at, updated_at) VALUES (50, 256828222, 'No Man\'s Sky: Expeditions', 'https://shared.akamai.steamstatic.com/store_item_assets/steam/apps/256828222/movie.293x165.jpg?t=1683104821', '{\"480\":\"https:\\/\\/video.akamai.steamstatic.com\\/store_trailers\\/256828222\\/movie480_vp9.webm?t=1683104821\",\"max\":\"https:\\/\\/video.akamai.steamstatic.com\\/store_trailers\\/256828222\\/movie_max_vp9.webm?t=1683104821\"}', '{\"480\":\"https:\\/\\/video.akamai.steamstatic.com\\/store_trailers\\/256828222\\/movie480.mp4?t=1683104821\",\"max\":\"https:\\/\\/video.akamai.steamstatic.com\\/store_trailers\\/256828222\\/movie_max.mp4?t=1683104821\"}', 'https://video.akamai.steamstatic.com/store_trailers/275850/357952/40bd389af28e273291144fd88cc1fc1effeb135d/1750487951/dash_av1.mpd?t=1683104821', 'https://video.akamai.steamstatic.com/store_trailers/275850/357952/40bd389af28e273291144fd88cc1fc1effeb135d/1750487951/dash_h264.mpd?t=1683104821', 'https://video.akamai.steamstatic.com/store_trailers/275850/357952/40bd389af28e273291144fd88cc1fc1effeb135d/1750487951/hls_264_master.m3u8?t=1683104821', true, NOW(), NOW());
INSERT INTO game_media (game_id, media_id, name, thumbnail, webm, mp4, dash_av1, dash_h264, hls_h264, highlight, created_at, updated_at) VALUES (50, 256822819, 'No Man\'s Sky: Companions', 'https://shared.akamai.steamstatic.com/store_item_assets/steam/apps/256822819/movie.293x165.jpg?t=1683104828', '{\"480\":\"https:\\/\\/video.akamai.steamstatic.com\\/store_trailers\\/256822819\\/movie480_vp9.webm?t=1683104828\",\"max\":\"https:\\/\\/video.akamai.steamstatic.com\\/store_trailers\\/256822819\\/movie_max_vp9.webm?t=1683104828\"}', '{\"480\":\"https:\\/\\/video.akamai.steamstatic.com\\/store_trailers\\/256822819\\/movie480.mp4?t=1683104828\",\"max\":\"https:\\/\\/video.akamai.steamstatic.com\\/store_trailers\\/256822819\\/movie_max.mp4?t=1683104828\"}', 'https://video.akamai.steamstatic.com/store_trailers/275850/348597/9f1786b8d8a0c3cd8b80dd1cf48bd31fcac7c523/1750487943/dash_av1.mpd?t=1683104828', 'https://video.akamai.steamstatic.com/store_trailers/275850/348597/9f1786b8d8a0c3cd8b80dd1cf48bd31fcac7c523/1750487943/dash_h264.mpd?t=1683104828', 'https://video.akamai.steamstatic.com/store_trailers/275850/348597/9f1786b8d8a0c3cd8b80dd1cf48bd31fcac7c523/1750487943/hls_264_master.m3u8?t=1683104828', true, NOW(), NOW());
INSERT INTO game_media (game_id, media_id, name, thumbnail, webm, mp4, dash_av1, dash_h264, hls_h264, highlight, created_at, updated_at) VALUES (50, 256822917, 'No Man\'s Sky: Next Generation', 'https://shared.akamai.steamstatic.com/store_item_assets/steam/apps/256822917/movie.293x165.jpg?t=1683104835', '{\"480\":\"https:\\/\\/video.akamai.steamstatic.com\\/store_trailers\\/256822917\\/movie480_vp9.webm?t=1683104835\",\"max\":\"https:\\/\\/video.akamai.steamstatic.com\\/store_trailers\\/256822917\\/movie_max_vp9.webm?t=1683104835\"}', '{\"480\":\"https:\\/\\/video.akamai.steamstatic.com\\/store_trailers\\/256822917\\/movie480.mp4?t=1683104835\",\"max\":\"https:\\/\\/video.akamai.steamstatic.com\\/store_trailers\\/256822917\\/movie_max.mp4?t=1683104835\"}', 'https://video.akamai.steamstatic.com/store_trailers/275850/348767/313ea7250692a209b5da72299f47066984577da9/1750487945/dash_av1.mpd?t=1683104835', 'https://video.akamai.steamstatic.com/store_trailers/275850/348767/313ea7250692a209b5da72299f47066984577da9/1750487945/dash_h264.mpd?t=1683104835', 'https://video.akamai.steamstatic.com/store_trailers/275850/348767/313ea7250692a209b5da72299f47066984577da9/1750487945/hls_264_master.m3u8?t=1683104835', true, NOW(), NOW());
INSERT INTO game_media (game_id, media_id, name, thumbnail, webm, mp4, dash_av1, dash_h264, hls_h264, highlight, created_at, updated_at) VALUES (50, 256802095, 'No Man\'s Sky: Origins', 'https://shared.akamai.steamstatic.com/store_item_assets/steam/apps/256802095/movie.293x165.jpg?t=1683104842', '{\"480\":\"https:\\/\\/video.akamai.steamstatic.com\\/store_trailers\\/256802095\\/movie480_vp9.webm?t=1683104842\",\"max\":\"https:\\/\\/video.akamai.steamstatic.com\\/store_trailers\\/256802095\\/movie_max_vp9.webm?t=1683104842\"}', '{\"480\":\"https:\\/\\/video.akamai.steamstatic.com\\/store_trailers\\/256802095\\/movie480.mp4?t=1683104842\",\"max\":\"https:\\/\\/video.akamai.steamstatic.com\\/store_trailers\\/256802095\\/movie_max.mp4?t=1683104842\"}', 'https://video.akamai.steamstatic.com/store_trailers/275850/314109/1549d429f2953b1d7fee362f1597ae3b618d165c/1750487927/dash_av1.mpd?t=1683104842', 'https://video.akamai.steamstatic.com/store_trailers/275850/314109/1549d429f2953b1d7fee362f1597ae3b618d165c/1750487927/dash_h264.mpd?t=1683104842', 'https://video.akamai.steamstatic.com/store_trailers/275850/314109/1549d429f2953b1d7fee362f1597ae3b618d165c/1750487927/hls_264_master.m3u8?t=1683104842', true, NOW(), NOW());
INSERT INTO game_media (game_id, media_id, name, thumbnail, webm, mp4, dash_av1, dash_h264, hls_h264, highlight, created_at, updated_at) VALUES (50, 256793348, 'No Man\'s Sky: Desolation', 'https://shared.akamai.steamstatic.com/store_item_assets/steam/apps/256793348/movie.293x165.jpg?t=1683104848', '{\"480\":\"https:\\/\\/video.akamai.steamstatic.com\\/store_trailers\\/256793348\\/movie480_vp9.webm?t=1683104848\",\"max\":\"https:\\/\\/video.akamai.steamstatic.com\\/store_trailers\\/256793348\\/movie_max_vp9.webm?t=1683104848\"}', '{\"480\":\"https:\\/\\/video.akamai.steamstatic.com\\/store_trailers\\/256793348\\/movie480.mp4?t=1683104848\",\"max\":\"https:\\/\\/video.akamai.steamstatic.com\\/store_trailers\\/256793348\\/movie_max.mp4?t=1683104848\"}', 'https://video.akamai.steamstatic.com/store_trailers/275850/299420/97303012d1bd16d57d295938d8c23667900c9002/1750487924/dash_av1.mpd?t=1683104848', 'https://video.akamai.steamstatic.com/store_trailers/275850/299420/97303012d1bd16d57d295938d8c23667900c9002/1750487924/dash_h264.mpd?t=1683104848', 'https://video.akamai.steamstatic.com/store_trailers/275850/299420/97303012d1bd16d57d295938d8c23667900c9002/1750487924/hls_264_master.m3u8?t=1683104848', true, NOW(), NOW());
INSERT INTO game_media (game_id, media_id, name, thumbnail, webm, mp4, dash_av1, dash_h264, hls_h264, highlight, created_at, updated_at) VALUES (50, 256785522, 'No Man\'s Sky: Exo Mech', 'https://shared.akamai.steamstatic.com/store_item_assets/steam/apps/256785522/movie.293x165.jpg?t=1683104855', '{\"480\":\"https:\\/\\/video.akamai.steamstatic.com\\/store_trailers\\/256785522\\/movie480_vp9.webm?t=1683104855\",\"max\":\"https:\\/\\/video.akamai.steamstatic.com\\/store_trailers\\/256785522\\/movie_max_vp9.webm?t=1683104855\"}', '{\"480\":\"https:\\/\\/video.akamai.steamstatic.com\\/store_trailers\\/256785522\\/movie480.mp4?t=1683104855\",\"max\":\"https:\\/\\/video.akamai.steamstatic.com\\/store_trailers\\/256785522\\/movie_max.mp4?t=1683104855\"}', 'https://video.akamai.steamstatic.com/store_trailers/275850/286029/2a776cd29c284ea5e6fa77f9ef31d74ab1fe6227/1750487918/dash_av1.mpd?t=1683104855', 'https://video.akamai.steamstatic.com/store_trailers/275850/286029/2a776cd29c284ea5e6fa77f9ef31d74ab1fe6227/1750487918/dash_h264.mpd?t=1683104855', 'https://video.akamai.steamstatic.com/store_trailers/275850/286029/2a776cd29c284ea5e6fa77f9ef31d74ab1fe6227/1750487918/hls_264_master.m3u8?t=1683104855', true, NOW(), NOW());
INSERT INTO game_media (game_id, media_id, name, thumbnail, webm, mp4, dash_av1, dash_h264, hls_h264, highlight, created_at, updated_at) VALUES (50, 256785521, 'No Man\'s Sky: Living Ship', 'https://shared.akamai.steamstatic.com/store_item_assets/steam/apps/256785521/movie.293x165.jpg?t=1683104862', '{\"480\":\"https:\\/\\/video.akamai.steamstatic.com\\/store_trailers\\/256785521\\/movie480_vp9.webm?t=1683104862\",\"max\":\"https:\\/\\/video.akamai.steamstatic.com\\/store_trailers\\/256785521\\/movie_max_vp9.webm?t=1683104862\"}', '{\"480\":\"https:\\/\\/video.akamai.steamstatic.com\\/store_trailers\\/256785521\\/movie480.mp4?t=1683104862\",\"max\":\"https:\\/\\/video.akamai.steamstatic.com\\/store_trailers\\/256785521\\/movie_max.mp4?t=1683104862\"}', 'https://video.akamai.steamstatic.com/store_trailers/275850/286027/51bce018b6486b19a018d2dd0f6d17679c40a7f5/1750487910/dash_av1.mpd?t=1683104862', 'https://video.akamai.steamstatic.com/store_trailers/275850/286027/51bce018b6486b19a018d2dd0f6d17679c40a7f5/1750487910/dash_h264.mpd?t=1683104862', 'https://video.akamai.steamstatic.com/store_trailers/275850/286027/51bce018b6486b19a018d2dd0f6d17679c40a7f5/1750487910/hls_264_master.m3u8?t=1683104862', true, NOW(), NOW());
INSERT INTO game_media (game_id, media_id, name, thumbnail, webm, mp4, dash_av1, dash_h264, hls_h264, highlight, created_at, updated_at) VALUES (50, 256758866, 'No Man\'s Sky: BEYOND', 'https://shared.akamai.steamstatic.com/store_item_assets/steam/apps/256758866/movie.293x165.jpg?t=1683104869', '{\"480\":\"https:\\/\\/video.akamai.steamstatic.com\\/store_trailers\\/256758866\\/movie480.webm?t=1683104869\",\"max\":\"https:\\/\\/video.akamai.steamstatic.com\\/store_trailers\\/256758866\\/movie_max.webm?t=1683104869\"}', '{\"480\":\"https:\\/\\/video.akamai.steamstatic.com\\/store_trailers\\/256758866\\/movie480.mp4?t=1683104869\",\"max\":\"https:\\/\\/video.akamai.steamstatic.com\\/store_trailers\\/256758866\\/movie_max.mp4?t=1683104869\"}', 'https://video.akamai.steamstatic.com/store_trailers/275850/237845/15afc32fc25b1e91aec1401563a385f60f77a8e6/1750487909/dash_av1.mpd?t=1683104869', 'https://video.akamai.steamstatic.com/store_trailers/275850/237845/15afc32fc25b1e91aec1401563a385f60f77a8e6/1750487909/dash_h264.mpd?t=1683104869', 'https://video.akamai.steamstatic.com/store_trailers/275850/237845/15afc32fc25b1e91aec1401563a385f60f77a8e6/1750487909/hls_264_master.m3u8?t=1683104869', true, NOW(), NOW());
INSERT INTO game_media (game_id, media_id, name, thumbnail, webm, mp4, dash_av1, dash_h264, hls_h264, highlight, created_at, updated_at) VALUES (50, 256723484, 'No Man\'s Sky: NEXT', 'https://shared.akamai.steamstatic.com/store_item_assets/steam/apps/256723484/movie.293x165.jpg?t=1683104876', '{\"480\":\"https:\\/\\/video.akamai.steamstatic.com\\/store_trailers\\/256723484\\/movie480.webm?t=1683104876\",\"max\":\"https:\\/\\/video.akamai.steamstatic.com\\/store_trailers\\/256723484\\/movie_max.webm?t=1683104876\"}', '{\"480\":\"https:\\/\\/video.akamai.steamstatic.com\\/store_trailers\\/256723484\\/movie480.mp4?t=1683104876\",\"max\":\"https:\\/\\/video.akamai.steamstatic.com\\/store_trailers\\/256723484\\/movie_max.mp4?t=1683104876\"}', 'https://video.akamai.steamstatic.com/store_trailers/275850/174791/75b4f8415a4328c183beb7fc0b9e4e24c711f075/1750487890/dash_av1.mpd?t=1683104876', 'https://video.akamai.steamstatic.com/store_trailers/275850/174791/75b4f8415a4328c183beb7fc0b9e4e24c711f075/1750487890/dash_h264.mpd?t=1683104876', 'https://video.akamai.steamstatic.com/store_trailers/275850/174791/75b4f8415a4328c183beb7fc0b9e4e24c711f075/1750487890/hls_264_master.m3u8?t=1683104876', true, NOW(), NOW());
INSERT INTO game_media (game_id, media_id, name, thumbnail, webm, mp4, dash_av1, dash_h264, hls_h264, highlight, created_at, updated_at) VALUES (50, 256736484, 'No Man\'s Sky: Visions', 'https://shared.akamai.steamstatic.com/store_item_assets/steam/apps/256736484/movie.293x165.jpg?t=1683104883', '{\"480\":\"https:\\/\\/video.akamai.steamstatic.com\\/store_trailers\\/256736484\\/movie480.webm?t=1683104883\",\"max\":\"https:\\/\\/video.akamai.steamstatic.com\\/store_trailers\\/256736484\\/movie_max.webm?t=1683104883\"}', '{\"480\":\"https:\\/\\/video.akamai.steamstatic.com\\/store_trailers\\/256736484\\/movie480.mp4?t=1683104883\",\"max\":\"https:\\/\\/video.akamai.steamstatic.com\\/store_trailers\\/256736484\\/movie_max.mp4?t=1683104883\"}', 'https://video.akamai.steamstatic.com/store_trailers/275850/197461/166c1bc92ff197908daeec31871f72d6659e746b/1750489169/dash_av1.mpd?t=1683104883', 'https://video.akamai.steamstatic.com/store_trailers/275850/197461/166c1bc92ff197908daeec31871f72d6659e746b/1750489169/dash_h264.mpd?t=1683104883', 'https://video.akamai.steamstatic.com/store_trailers/275850/197461/166c1bc92ff197908daeec31871f72d6659e746b/1750489169/hls_264_master.m3u8?t=1683104883', true, NOW(), NOW());
INSERT INTO game_media (game_id, media_id, name, thumbnail, webm, mp4, dash_av1, dash_h264, hls_h264, highlight, created_at, updated_at) VALUES (50, 256733437, 'No Man\'s Sky: The Abyss', 'https://shared.akamai.steamstatic.com/store_item_assets/steam/apps/256733437/movie.293x165.jpg?t=1683104890', '{\"480\":\"https:\\/\\/video.akamai.steamstatic.com\\/store_trailers\\/256733437\\/movie480.webm?t=1683104890\",\"max\":\"https:\\/\\/video.akamai.steamstatic.com\\/store_trailers\\/256733437\\/movie_max.webm?t=1683104890\"}', '{\"480\":\"https:\\/\\/video.akamai.steamstatic.com\\/store_trailers\\/256733437\\/movie480.mp4?t=1683104890\",\"max\":\"https:\\/\\/video.akamai.steamstatic.com\\/store_trailers\\/256733437\\/movie_max.mp4?t=1683104890\"}', 'https://video.akamai.steamstatic.com/store_trailers/275850/192543/0526956101ede9bb0839f3c871304afa79647c3c/1750487894/dash_av1.mpd?t=1683104890', 'https://video.akamai.steamstatic.com/store_trailers/275850/192543/0526956101ede9bb0839f3c871304afa79647c3c/1750487894/dash_h264.mpd?t=1683104890', 'https://video.akamai.steamstatic.com/store_trailers/275850/192543/0526956101ede9bb0839f3c871304afa79647c3c/1750487894/hls_264_master.m3u8?t=1683104890', true, NOW(), NOW());
INSERT INTO game_category (game_id, category_id, created_at, updated_at) VALUES (50, 39, NOW(), NOW());
INSERT INTO game_category (game_id, category_id, created_at, updated_at) VALUES (50, 24, NOW(), NOW());
INSERT INTO game_category (game_id, category_id, created_at, updated_at) VALUES (50, 30, NOW(), NOW());
INSERT INTO game_category (game_id, category_id, created_at, updated_at) VALUES (50, 27, NOW(), NOW());
INSERT INTO game_category (game_id, category_id, created_at, updated_at) VALUES (50, 7, NOW(), NOW());
INSERT INTO game_category (game_id, category_id, created_at, updated_at) VALUES (50, 26, NOW(), NOW());
INSERT INTO game_category (game_id, category_id, created_at, updated_at) VALUES (50, 10, NOW(), NOW());
INSERT INTO game_category (game_id, category_id, created_at, updated_at) VALUES (50, 41, NOW(), NOW());
INSERT INTO game_category (game_id, category_id, created_at, updated_at) VALUES (50, 13, NOW(), NOW());
INSERT INTO game_category (game_id, category_id, created_at, updated_at) VALUES (50, 52, NOW(), NOW());
INSERT INTO game_category (game_id, category_id, created_at, updated_at) VALUES (50, 53, NOW(), NOW());
INSERT INTO game_category (game_id, category_id, created_at, updated_at) VALUES (50, 45, NOW(), NOW());
INSERT INTO game_category (game_id, category_id, created_at, updated_at) VALUES (50, 42, NOW(), NOW());
INSERT INTO game_category (game_id, category_id, created_at, updated_at) VALUES (50, 34, NOW(), NOW());
INSERT INTO game_category (game_id, category_id, created_at, updated_at) VALUES (50, 33, NOW(), NOW());
INSERT INTO game_category (game_id, category_id, created_at, updated_at) VALUES (50, 15, NOW(), NOW());
INSERT INTO game_category (game_id, category_id, created_at, updated_at) VALUES (50, 12, NOW(), NOW());
INSERT INTO game_genre (game_id, genre_id, created_at, updated_at) VALUES (50, 1, NOW(), NOW());
INSERT INTO game_genre (game_id, genre_id, created_at, updated_at) VALUES (50, 2, NOW(), NOW());
INSERT INTO game_developer (game_id, developer_id, created_at, updated_at) VALUES (50, 48, NOW(), NOW());
INSERT INTO game_publisher (game_id, publisher_id, created_at, updated_at) VALUES (50, 38, NOW(), NOW());

-- Game #51: Garry's Mod
INSERT INTO games (id, steam_id, name, type, slug, short_description, required_age, is_free, have_dlc, icon, supported_languages, release_date, coming_soon, recommendations, achievements_count, positive_reviews, negative_reviews, total_reviews, positive_ratio, content_descriptors, is_active, created_at, updated_at) VALUES (51, 4000, 'Garry\'s Mod', 'game', 'garry-s-mod', 'Garry\'s Mod is a physics sandbox. There aren\'t any predefined aims or goals. We give you the tools and leave you to play.', 0, false, false, 'https://shared.akamai.steamstatic.com/store_item_assets/steam/apps/4000/header.jpg?t=1756222843', '[\"English *\",\"French\",\"Italian\",\"German\",\"Spanish - Spain\",\"Bulgarian\",\"Czech\",\"Danish\",\"Dutch\",\"Finnish\",\"Greek\",\"Hungarian\",\"Japanese\",\"Korean\",\"Norwegian\",\"Polish\",\"Portuguese - Portugal\",\"Portuguese - Brazil\",\"Russian\",\"Simplified Chinese\",\"Swedish\",\"Thai\",\"Traditional Chinese\",\"Turkish\",\"Ukrainian\",\"Vietnamese\",\"Croatian\",\"Estonian\",\"Hebrew\",\"Lithuanian\",\"Slovak * languages with full audio support\"]', '2006-11-29', false, 1022368, 29, 265, 35, 300, 0.883, '{\"ids\":[],\"notes\":null}', true, NOW(), NOW());
INSERT INTO game_platforms (game_id, windows, mac, linux, created_at, updated_at) VALUES (51, true, true, true, NOW(), NOW());
INSERT INTO game_requirements (game_id, pc_requirements, mac_requirements, linux_requirements, created_at, updated_at) VALUES (51, 'Minimum: OS: Windows® 10 Processor: 2 GHz Processor or better Memory: 4 GB RAM Graphics: 1GB dedicated VRAM or better DirectX: Version 9.0c Network: Broadband Internet connection Storage: 10 GB available space Sound Card: DirectX® 9 compatible Additional Notes: Mouse, Keyboard, Monitor', 'Minimum: OS: OS X version Snow Leopard 10.6.3 Processor: 2 GHz Processor or better Memory: 4 GB RAM Graphics: 1GB dedicated VRAM or better Network: Broadband Internet connection Storage: 10 GB available space Additional Notes: Mouse, Keyboard, Monitor', 'Minimum: OS: Ubuntu 12.04 Processor: 2 GHz Processor or better Memory: 4 GB RAM Graphics: 1GB dedicated VRAM or better Network: Broadband Internet connection Storage: 10 GB available space Additional Notes: Mouse, Keyboard, Monitor', NOW(), NOW());
INSERT INTO game_community_ratings (game_id, toxicity_rate, cheater_rate, bug_rate, microtransaction_rate, bad_optimization_rate, not_recommended_rate, created_at, updated_at) VALUES (51, 0.068, 0.048, 0.05, 0.017, 0.049, 0.042, NOW(), NOW());
INSERT INTO game_category (game_id, category_id, created_at, updated_at) VALUES (51, 39, NOW(), NOW());
INSERT INTO game_category (game_id, category_id, created_at, updated_at) VALUES (51, 24, NOW(), NOW());
INSERT INTO game_category (game_id, category_id, created_at, updated_at) VALUES (51, 30, NOW(), NOW());
INSERT INTO game_category (game_id, category_id, created_at, updated_at) VALUES (51, 27, NOW(), NOW());
INSERT INTO game_category (game_id, category_id, created_at, updated_at) VALUES (51, 21, NOW(), NOW());
INSERT INTO game_category (game_id, category_id, created_at, updated_at) VALUES (51, 7, NOW(), NOW());
INSERT INTO game_category (game_id, category_id, created_at, updated_at) VALUES (51, 26, NOW(), NOW());
INSERT INTO game_category (game_id, category_id, created_at, updated_at) VALUES (51, 20, NOW(), NOW());
INSERT INTO game_category (game_id, category_id, created_at, updated_at) VALUES (51, 10, NOW(), NOW());
INSERT INTO game_category (game_id, category_id, created_at, updated_at) VALUES (51, 41, NOW(), NOW());
INSERT INTO game_category (game_id, category_id, created_at, updated_at) VALUES (51, 45, NOW(), NOW());
INSERT INTO game_category (game_id, category_id, created_at, updated_at) VALUES (51, 4, NOW(), NOW());
INSERT INTO game_category (game_id, category_id, created_at, updated_at) VALUES (51, 47, NOW(), NOW());
INSERT INTO game_category (game_id, category_id, created_at, updated_at) VALUES (51, 42, NOW(), NOW());
INSERT INTO game_category (game_id, category_id, created_at, updated_at) VALUES (51, 54, NOW(), NOW());
INSERT INTO game_category (game_id, category_id, created_at, updated_at) VALUES (51, 18, NOW(), NOW());
INSERT INTO game_category (game_id, category_id, created_at, updated_at) VALUES (51, 17, NOW(), NOW());
INSERT INTO game_category (game_id, category_id, created_at, updated_at) VALUES (51, 34, NOW(), NOW());
INSERT INTO game_category (game_id, category_id, created_at, updated_at) VALUES (51, 12, NOW(), NOW());
INSERT INTO game_genre (game_id, genre_id, created_at, updated_at) VALUES (51, 5, NOW(), NOW());
INSERT INTO game_genre (game_id, genre_id, created_at, updated_at) VALUES (51, 11, NOW(), NOW());
INSERT INTO game_genre (game_id, genre_id, created_at, updated_at) VALUES (51, 16, NOW(), NOW());
INSERT INTO game_developer (game_id, developer_id, created_at, updated_at) VALUES (51, 35, NOW(), NOW());
INSERT INTO game_publisher (game_id, publisher_id, created_at, updated_at) VALUES (51, 82, NOW(), NOW());

-- Game #52: Rocket League®
INSERT INTO games (id, steam_id, name, type, slug, short_description, required_age, is_free, have_dlc, icon, supported_languages, release_date, coming_soon, recommendations, achievements_count, positive_reviews, negative_reviews, total_reviews, positive_ratio, content_descriptors, is_active, created_at, updated_at) VALUES (52, 252950, 'Rocket League®', 'game', 'rocket-league', 'Rocket League is a high-powered hybrid of arcade-style soccer and vehicular mayhem with easy-to-understand controls and fluid, physics-driven competition. Rocket League includes casual and competitive Online Matches, a fully-featured offline Season Mode, special “Mutators” that let you change the rules entirely, hockey and...', 0, false, false, 'https://shared.akamai.steamstatic.com/store_item_assets/steam/apps/252950/fdbbfa1aa74c0c52df114e5a4b50253d4bedc761/header_alt_assets_13.jpg?t=1758121340', '[\"English\",\"French\",\"Italian\",\"German\",\"Spanish - Spain\",\"Dutch\",\"Portuguese - Portugal\",\"Japanese\",\"Korean\",\"Russian\",\"Turkish\",\"Polish\"]', '2015-07-06', false, 434485, 88, 79, 221, 300, 0.263, '{\"ids\":[],\"notes\":null}', true, NOW(), NOW());
INSERT INTO game_platforms (game_id, windows, mac, linux, created_at, updated_at) VALUES (52, true, false, false, NOW(), NOW());
INSERT INTO game_requirements (game_id, pc_requirements, mac_requirements, linux_requirements, created_at, updated_at) VALUES (52, 'Minimum: OS *: Windows 7 (64 bit) or Newer (64 bit) Windows OS Processor: 2.5 GHz Dual core Memory: 4 GB RAM Graphics: NVIDIA GeForce 760, AMD Radeon R7 270X, or better DirectX: Version 11 Network: Broadband Internet connection Storage: 20 GB available space', 'Minimum: OS: MacOS X 10.8.5 Processor: Intel Core i5 2.4 GHz Memory: 8 GB RAM Graphics: OpenGL 4.1 - ATI Radeon HD 5670, NVIDIA GeForce GT 640M, Intel HD Graphics 4000 or Iris Pro Graphics Network: Broadband Internet connection Storage: 7 GB available space', 'Minimum: Processor: 2.4+ GHz Quad core Memory: 2 GB RAM Graphics: NVIDIA GTX 260 or ATI 4850 Network: Broadband Internet connection Storage: 7 GB available space', NOW(), NOW());
INSERT INTO game_community_ratings (game_id, toxicity_rate, cheater_rate, bug_rate, microtransaction_rate, bad_optimization_rate, not_recommended_rate, created_at, updated_at) VALUES (52, 0.081, 0.05, 0.032, 0.018, 0.029, 0.068, NOW(), NOW());
INSERT INTO game_media (game_id, media_id, name, thumbnail, webm, mp4, dash_av1, dash_h264, hls_h264, highlight, created_at, updated_at) VALUES (52, 257199921, 'Rocket League® - Season 20', 'https://shared.akamai.steamstatic.com/store_item_assets/steam/apps/257199921/e8740d2497436ee155f29c25cc6db43b0573825c/movie_600x337.jpg?t=1758121338', '{\"480\":\"https:\\/\\/video.akamai.steamstatic.com\\/store_trailers\\/257199921\\/movie480_vp9.webm?t=1758121338\",\"max\":\"https:\\/\\/video.akamai.steamstatic.com\\/store_trailers\\/257199921\\/movie_max_vp9.webm?t=1758121338\"}', '{\"480\":\"https:\\/\\/video.akamai.steamstatic.com\\/store_trailers\\/257199921\\/movie480.mp4?t=1758121338\",\"max\":\"https:\\/\\/video.akamai.steamstatic.com\\/store_trailers\\/257199921\\/movie_max.mp4?t=1758121338\"}', 'https://video.akamai.steamstatic.com/store_trailers/252950/689533394/b46b4d1a876fedab8268136c7f02334533f6723e/1758119571/dash_av1.mpd?t=1758121338', 'https://video.akamai.steamstatic.com/store_trailers/252950/689533394/b46b4d1a876fedab8268136c7f02334533f6723e/1758119571/dash_h264.mpd?t=1758121338', 'https://video.akamai.steamstatic.com/store_trailers/252950/689533394/b46b4d1a876fedab8268136c7f02334533f6723e/1758119571/hls_264_master.m3u8?t=1758121338', true, NOW(), NOW());
INSERT INTO game_category (game_id, category_id, created_at, updated_at) VALUES (52, 39, NOW(), NOW());
INSERT INTO game_category (game_id, category_id, created_at, updated_at) VALUES (52, 24, NOW(), NOW());
INSERT INTO game_category (game_id, category_id, created_at, updated_at) VALUES (52, 30, NOW(), NOW());
INSERT INTO game_category (game_id, category_id, created_at, updated_at) VALUES (52, 27, NOW(), NOW());
INSERT INTO game_category (game_id, category_id, created_at, updated_at) VALUES (52, 38, NOW(), NOW());
INSERT INTO game_category (game_id, category_id, created_at, updated_at) VALUES (52, 7, NOW(), NOW());
INSERT INTO game_category (game_id, category_id, created_at, updated_at) VALUES (52, 26, NOW(), NOW());
INSERT INTO game_category (game_id, category_id, created_at, updated_at) VALUES (52, 37, NOW(), NOW());
INSERT INTO game_category (game_id, category_id, created_at, updated_at) VALUES (52, 36, NOW(), NOW());
INSERT INTO game_category (game_id, category_id, created_at, updated_at) VALUES (52, 10, NOW(), NOW());
INSERT INTO game_category (game_id, category_id, created_at, updated_at) VALUES (52, 41, NOW(), NOW());
INSERT INTO game_category (game_id, category_id, created_at, updated_at) VALUES (52, 45, NOW(), NOW());
INSERT INTO game_category (game_id, category_id, created_at, updated_at) VALUES (52, 47, NOW(), NOW());
INSERT INTO game_category (game_id, category_id, created_at, updated_at) VALUES (52, 28, NOW(), NOW());
INSERT INTO game_category (game_id, category_id, created_at, updated_at) VALUES (52, 42, NOW(), NOW());
INSERT INTO game_category (game_id, category_id, created_at, updated_at) VALUES (52, 40, NOW(), NOW());
INSERT INTO game_category (game_id, category_id, created_at, updated_at) VALUES (52, 32, NOW(), NOW());
INSERT INTO game_category (game_id, category_id, created_at, updated_at) VALUES (52, 34, NOW(), NOW());
INSERT INTO game_category (game_id, category_id, created_at, updated_at) VALUES (52, 33, NOW(), NOW());
INSERT INTO game_category (game_id, category_id, created_at, updated_at) VALUES (52, 31, NOW(), NOW());
INSERT INTO game_category (game_id, category_id, created_at, updated_at) VALUES (52, 12, NOW(), NOW());
INSERT INTO game_genre (game_id, genre_id, created_at, updated_at) VALUES (52, 1, NOW(), NOW());
INSERT INTO game_genre (game_id, genre_id, created_at, updated_at) VALUES (52, 11, NOW(), NOW());
INSERT INTO game_genre (game_id, genre_id, created_at, updated_at) VALUES (52, 15, NOW(), NOW());
INSERT INTO game_genre (game_id, genre_id, created_at, updated_at) VALUES (52, 17, NOW(), NOW());
INSERT INTO game_developer (game_id, developer_id, created_at, updated_at) VALUES (52, 78, NOW(), NOW());
INSERT INTO game_publisher (game_id, publisher_id, created_at, updated_at) VALUES (52, 62, NOW(), NOW());

-- Game #53: BALL x PIT
INSERT INTO games (id, steam_id, name, type, slug, short_description, required_age, is_free, have_dlc, icon, supported_languages, release_date, coming_soon, recommendations, achievements_count, positive_reviews, negative_reviews, total_reviews, positive_ratio, content_descriptors, is_active, created_at, updated_at) VALUES (53, 2062430, 'BALL x PIT', 'game', 'ball-x-pit', 'BALL x PIT is a brick-breaking, ball-fusing, base-building survival roguelite. Batter hordes of enemies with ricocheting balls and gather the riches of the pit to expand your homestead, generate resources and recruit unique heroes.', 0, false, true, 'https://shared.akamai.steamstatic.com/store_item_assets/steam/apps/2062430/a157aa8de4bd9070194ddffb27c31636355dca05/header.jpg?t=1761330172', '[\"English\",\"French\",\"German\",\"Spanish - Spain\",\"Japanese\",\"Korean\",\"Portuguese - Brazil\",\"Russian\",\"Simplified Chinese\",\"Traditional Chinese\"]', '2025-10-15', false, 6256, 63, 199, 101, 300, 0.663, '{\"ids\":[],\"notes\":null}', true, NOW(), NOW());
INSERT INTO game_platforms (game_id, windows, mac, linux, created_at, updated_at) VALUES (53, true, true, false, NOW(), NOW());
INSERT INTO game_requirements (game_id, pc_requirements, mac_requirements, linux_requirements, created_at, updated_at) VALUES (53, 'Minimum: Requires a 64-bit processor and operating system OS: Windows 10 x64 Processor: Intel Core i5-2500K / AMD Athlon X4 860K Memory: 8 GB RAM Graphics: GeForce GTX 750 / Radeon R7 260X Storage: 600 MB available space Additional Notes: 30 FPS on average while at Low graphical setting at 1080p resolution', 'Minimum: OS: Mac OS X 10.15 or later Processor: Apple M1 / Intel Core i5-5350U / Intel Core i5-2400S Memory: 8 GB RAM Graphics: Apple M1 / Intel HD Graphics 6000 / Radeon HD 6750M Storage: 1 GB available space', 'Minimum:', NOW(), NOW());
INSERT INTO game_community_ratings (game_id, toxicity_rate, cheater_rate, bug_rate, microtransaction_rate, bad_optimization_rate, not_recommended_rate, created_at, updated_at) VALUES (53, 0, 0, 0.003, 0, 0.005, 0.1, NOW(), NOW());
INSERT INTO game_media (game_id, media_id, name, thumbnail, webm, mp4, dash_av1, dash_h264, hls_h264, highlight, created_at, updated_at) VALUES (53, 257214473, 'Launch Trailer', 'https://shared.akamai.steamstatic.com/store_item_assets/steam/apps/257214473/159a88e0d706d0158f20895804a0046e730fb463/movie_600x337.jpg?t=1760647671', '{\"480\":\"https:\\/\\/video.akamai.steamstatic.com\\/store_trailers\\/257214473\\/movie480.webm?t=1760647671\",\"max\":\"https:\\/\\/video.akamai.steamstatic.com\\/store_trailers\\/257214473\\/movie_max.webm?t=1760647671\"}', '{\"480\":\"https:\\/\\/video.akamai.steamstatic.com\\/store_trailers\\/257214473\\/movie480.mp4?t=1760647671\",\"max\":\"https:\\/\\/video.akamai.steamstatic.com\\/store_trailers\\/257214473\\/movie_max.mp4?t=1760647671\"}', 'https://video.akamai.steamstatic.com/store_trailers/2062430/1468607397/3585842f9abc41bbf0614701445cbee64394480b/1759954499/dash_av1.mpd?t=1760647671', 'https://video.akamai.steamstatic.com/store_trailers/2062430/1468607397/3585842f9abc41bbf0614701445cbee64394480b/1759954499/dash_h264.mpd?t=1760647671', 'https://video.akamai.steamstatic.com/store_trailers/2062430/1468607397/3585842f9abc41bbf0614701445cbee64394480b/1759954499/hls_264_master.m3u8?t=1760647671', true, NOW(), NOW());
INSERT INTO game_media (game_id, media_id, name, thumbnail, webm, mp4, dash_av1, dash_h264, hls_h264, highlight, created_at, updated_at) VALUES (53, 257210790, 'Demo Update Trailer', 'https://shared.akamai.steamstatic.com/store_item_assets/steam/apps/257210790/102f4bc1f14f05b6adcc00163d8ccbb56e09388f/movie_600x337.jpg?t=1759420634', '{\"480\":\"https:\\/\\/video.akamai.steamstatic.com\\/store_trailers\\/257210790\\/movie480.webm?t=1759420634\",\"max\":\"https:\\/\\/video.akamai.steamstatic.com\\/store_trailers\\/257210790\\/movie_max.webm?t=1759420634\"}', '{\"480\":\"https:\\/\\/video.akamai.steamstatic.com\\/store_trailers\\/257210790\\/movie480.mp4?t=1759420634\",\"max\":\"https:\\/\\/video.akamai.steamstatic.com\\/store_trailers\\/257210790\\/movie_max.mp4?t=1759420634\"}', 'https://video.akamai.steamstatic.com/store_trailers/2062430/874567466/09c70ff293e1c0d52cef0604b4a797a01c2aa3e8/1759411751/dash_av1.mpd?t=1759420634', 'https://video.akamai.steamstatic.com/store_trailers/2062430/874567466/09c70ff293e1c0d52cef0604b4a797a01c2aa3e8/1759411751/dash_h264.mpd?t=1759420634', 'https://video.akamai.steamstatic.com/store_trailers/2062430/874567466/09c70ff293e1c0d52cef0604b4a797a01c2aa3e8/1759411751/hls_264_master.m3u8?t=1759420634', true, NOW(), NOW());
INSERT INTO game_media (game_id, media_id, name, thumbnail, webm, mp4, dash_av1, dash_h264, hls_h264, highlight, created_at, updated_at) VALUES (53, 257185810, 'Shieldbearer Gameplay Trailer', 'https://shared.akamai.steamstatic.com/store_item_assets/steam/apps/257185810/d23906061bcc7b71acc1f8f8ec6eee039734aef5/movie_600x337.jpg?t=1755797625', '{\"480\":\"https:\\/\\/video.akamai.steamstatic.com\\/store_trailers\\/257185810\\/movie480_vp9.webm?t=1755797625\",\"max\":\"https:\\/\\/video.akamai.steamstatic.com\\/store_trailers\\/257185810\\/movie_max_vp9.webm?t=1755797625\"}', '{\"480\":\"https:\\/\\/video.akamai.steamstatic.com\\/store_trailers\\/257185810\\/movie480.mp4?t=1755797625\",\"max\":\"https:\\/\\/video.akamai.steamstatic.com\\/store_trailers\\/257185810\\/movie_max.mp4?t=1755797625\"}', 'https://video.akamai.steamstatic.com/store_trailers/2062430/529506460/86279b1c91d711b09ba65e2e281a15cbb15be35c/1755670635/dash_av1.mpd?t=1755797625', 'https://video.akamai.steamstatic.com/store_trailers/2062430/529506460/86279b1c91d711b09ba65e2e281a15cbb15be35c/1755670635/dash_h264.mpd?t=1755797625', 'https://video.akamai.steamstatic.com/store_trailers/2062430/529506460/86279b1c91d711b09ba65e2e281a15cbb15be35c/1755670635/hls_264_master.m3u8?t=1755797625', true, NOW(), NOW());
INSERT INTO game_category (game_id, category_id, created_at, updated_at) VALUES (53, 39, NOW(), NOW());
INSERT INTO game_category (game_id, category_id, created_at, updated_at) VALUES (53, 41, NOW(), NOW());
INSERT INTO game_category (game_id, category_id, created_at, updated_at) VALUES (53, 13, NOW(), NOW());
INSERT INTO game_category (game_id, category_id, created_at, updated_at) VALUES (53, 42, NOW(), NOW());
INSERT INTO game_category (game_id, category_id, created_at, updated_at) VALUES (53, 43, NOW(), NOW());
INSERT INTO game_category (game_id, category_id, created_at, updated_at) VALUES (53, 12, NOW(), NOW());
INSERT INTO game_genre (game_id, genre_id, created_at, updated_at) VALUES (53, 1, NOW(), NOW());
INSERT INTO game_genre (game_id, genre_id, created_at, updated_at) VALUES (53, 11, NOW(), NOW());
INSERT INTO game_developer (game_id, developer_id, created_at, updated_at) VALUES (53, 55, NOW(), NOW());
INSERT INTO game_publisher (game_id, publisher_id, created_at, updated_at) VALUES (53, 23, NOW(), NOW());

-- Game #54: Yu-Gi-Oh! Master Duel
INSERT INTO games (id, steam_id, name, type, slug, short_description, required_age, is_free, have_dlc, icon, supported_languages, release_date, coming_soon, recommendations, achievements_count, positive_reviews, negative_reviews, total_reviews, positive_ratio, content_descriptors, is_active, created_at, updated_at) VALUES (54, 1449850, 'Yu-Gi-Oh! Master Duel', 'game', 'yu-gi-oh-master-duel', 'Yu-Gi-Oh! MASTER DUEL is the ultimate free-to-play cross-platform strategy card game with fast-paced Duels, stunning HD graphics and a new, dynamic soundtrack! Get ready to challenge Duelists around the world!', 0, true, false, 'https://shared.akamai.steamstatic.com/store_item_assets/steam/apps/1449850/3dabbf618664c7a561202771e3754b6690949159/header.jpg?t=1760504910', '[\"English\",\"French\",\"Italian\",\"German\",\"Spanish - Latin America\",\"Portuguese - Brazil\",\"Japanese\",\"Korean\",\"Simplified Chinese\",\"Traditional Chinese\"]', '2022-01-18', false, 0, 11, 39, 261, 300, 0.13, '{\"ids\":[],\"notes\":null}', true, NOW(), NOW());
INSERT INTO game_platforms (game_id, windows, mac, linux, created_at, updated_at) VALUES (54, true, false, false, NOW(), NOW());
INSERT INTO game_requirements (game_id, pc_requirements, mac_requirements, linux_requirements, created_at, updated_at) VALUES (54, 'Minimum: Requires a 64-bit processor and operating system OS: Windows 11 Home (64bit) latest revision Processor: Intel Core i5-9400F Memory: 8 GB RAM Graphics: NVIDIA GeForce GTX 1650 DirectX: Version 11 Network: Broadband Internet connection Storage: 64 GB available space Sound Card: On Board Additional Notes: 1280 x 720 monitor resolution', 'Minimum:', 'Minimum:', NOW(), NOW());
INSERT INTO game_community_ratings (game_id, toxicity_rate, cheater_rate, bug_rate, microtransaction_rate, bad_optimization_rate, not_recommended_rate, created_at, updated_at) VALUES (54, 0.046, 0.05, 0.011, 0.027, 0.017, 0.103, NOW(), NOW());
INSERT INTO game_media (game_id, media_id, name, thumbnail, webm, mp4, dash_av1, dash_h264, hls_h264, highlight, created_at, updated_at) VALUES (54, 256875527, 'English (ESRB logo)', 'https://shared.akamai.steamstatic.com/store_item_assets/steam/apps/256875527/movie.293x165.jpg?t=1721694183', '{\"480\":\"https:\\/\\/video.akamai.steamstatic.com\\/store_trailers\\/256875527\\/movie480_vp9.webm?t=1721694183\",\"max\":\"https:\\/\\/video.akamai.steamstatic.com\\/store_trailers\\/256875527\\/movie_max_vp9.webm?t=1721694183\"}', '{\"480\":\"https:\\/\\/video.akamai.steamstatic.com\\/store_trailers\\/256875527\\/movie480.mp4?t=1721694183\",\"max\":\"https:\\/\\/video.akamai.steamstatic.com\\/store_trailers\\/256875527\\/movie_max.mp4?t=1721694183\"}', 'https://video.akamai.steamstatic.com/store_trailers/1449850/442902/9d802def1dcada717deb5085d99a84d441b0a052/1750690013/dash_av1.mpd?t=1721694183', 'https://video.akamai.steamstatic.com/store_trailers/1449850/442902/9d802def1dcada717deb5085d99a84d441b0a052/1750690013/dash_h264.mpd?t=1721694183', 'https://video.akamai.steamstatic.com/store_trailers/1449850/442902/9d802def1dcada717deb5085d99a84d441b0a052/1750690013/hls_264_master.m3u8?t=1721694183', true, NOW(), NOW());
INSERT INTO game_category (game_id, category_id, created_at, updated_at) VALUES (54, 39, NOW(), NOW());
INSERT INTO game_category (game_id, category_id, created_at, updated_at) VALUES (54, 24, NOW(), NOW());
INSERT INTO game_category (game_id, category_id, created_at, updated_at) VALUES (54, 30, NOW(), NOW());
INSERT INTO game_category (game_id, category_id, created_at, updated_at) VALUES (54, 27, NOW(), NOW());
INSERT INTO game_category (game_id, category_id, created_at, updated_at) VALUES (54, 10, NOW(), NOW());
INSERT INTO game_category (game_id, category_id, created_at, updated_at) VALUES (54, 41, NOW(), NOW());
INSERT INTO game_category (game_id, category_id, created_at, updated_at) VALUES (54, 45, NOW(), NOW());
INSERT INTO game_category (game_id, category_id, created_at, updated_at) VALUES (54, 16, NOW(), NOW());
INSERT INTO game_genre (game_id, genre_id, created_at, updated_at) VALUES (54, 16, NOW(), NOW());
INSERT INTO game_genre (game_id, genre_id, created_at, updated_at) VALUES (54, 18, NOW(), NOW());
INSERT INTO game_genre (game_id, genre_id, created_at, updated_at) VALUES (54, 9, NOW(), NOW());
INSERT INTO game_developer (game_id, developer_id, created_at, updated_at) VALUES (54, 53, NOW(), NOW());
INSERT INTO game_publisher (game_id, publisher_id, created_at, updated_at) VALUES (54, 40, NOW(), NOW());

-- Game #55: Escape the Backrooms
INSERT INTO games (id, steam_id, name, type, slug, short_description, required_age, is_free, have_dlc, icon, supported_languages, release_date, coming_soon, recommendations, achievements_count, positive_reviews, negative_reviews, total_reviews, positive_ratio, content_descriptors, is_active, created_at, updated_at) VALUES (55, 1943950, 'Escape the Backrooms', 'game', 'escape-the-backrooms', 'Escape the Backrooms is a 1-4 player co-op horror exploration game. Traverse 30+ eerie backrooms levels while avoiding entities and other dangers. Try to escape but be warned: survival isn\'t guaranteed.', 0, false, false, 'https://shared.akamai.steamstatic.com/store_item_assets/steam/apps/1943950/cd33cc42d810211015df93c203917ab8711bd824/header_alt_assets_0.jpg?t=1761247170', '[\"English *\",\"French\",\"German\",\"Spanish - Spain\",\"Russian\",\"Simplified Chinese\",\"Japanese\",\"Korean\",\"Turkish * languages with full audio support\"]', '2025-10-23', false, 94035, 34, 112, 188, 300, 0.373, '{\"ids\":[],\"notes\":null}', true, NOW(), NOW());
INSERT INTO game_platforms (game_id, windows, mac, linux, created_at, updated_at) VALUES (55, true, false, false, NOW(), NOW());
INSERT INTO game_requirements (game_id, pc_requirements, mac_requirements, linux_requirements, created_at, updated_at) VALUES (55, 'Minimum: OS *: Windows 8 / 10 / 11 - 64 bit Processor: Intel Core i3 Memory: 8 GB RAM Graphics: NVIDIA GeForce GTX 650 DirectX: Version 11 Storage: 10 GB available space Sound Card: Any Additional Notes: Requirements may change in future updates.', 'Minimum: OS: Mac OS X 10.12.4 Processor: Intel 2.0 GHz Graphics: 1.5GB Storage: 4 GB available space Sound Card: Any Additional Notes: Requirements may change in future updates.', '', NOW(), NOW());
INSERT INTO game_community_ratings (game_id, toxicity_rate, cheater_rate, bug_rate, microtransaction_rate, bad_optimization_rate, not_recommended_rate, created_at, updated_at) VALUES (55, 0.049, 0.025, 0.06, 0.011, 0.068, 0.123, NOW(), NOW());
INSERT INTO game_media (game_id, media_id, name, thumbnail, webm, mp4, dash_av1, dash_h264, hls_h264, highlight, created_at, updated_at) VALUES (55, 257217748, '1.0 Trailer', 'https://shared.akamai.steamstatic.com/store_item_assets/steam/apps/257217748/18573f14646819605a0954d34a1b183c322a671d/movie_600x337.jpg?t=1761247164', '{\"480\":\"https:\\/\\/video.akamai.steamstatic.com\\/store_trailers\\/257217748\\/movie480.webm?t=1761247164\",\"max\":\"https:\\/\\/video.akamai.steamstatic.com\\/store_trailers\\/257217748\\/movie_max.webm?t=1761247164\"}', '{\"480\":\"https:\\/\\/video.akamai.steamstatic.com\\/store_trailers\\/257217748\\/movie480.mp4?t=1761247164\",\"max\":\"https:\\/\\/video.akamai.steamstatic.com\\/store_trailers\\/257217748\\/movie_max.mp4?t=1761247164\"}', 'https://video.akamai.steamstatic.com/store_trailers/1943950/1783932137/43d4a5846e8bd1f252d6ac909d9a944141d3d88d/1760451854/dash_av1.mpd?t=1761247164', 'https://video.akamai.steamstatic.com/store_trailers/1943950/1783932137/43d4a5846e8bd1f252d6ac909d9a944141d3d88d/1760451854/dash_h264.mpd?t=1761247164', 'https://video.akamai.steamstatic.com/store_trailers/1943950/1783932137/43d4a5846e8bd1f252d6ac909d9a944141d3d88d/1760451854/hls_264_master.m3u8?t=1761247164', true, NOW(), NOW());
INSERT INTO game_media (game_id, media_id, name, thumbnail, webm, mp4, dash_av1, dash_h264, hls_h264, highlight, created_at, updated_at) VALUES (55, 256899680, 'Early Access Trailer', 'https://shared.akamai.steamstatic.com/store_item_assets/steam/apps/256899680/movie.293x165.jpg?t=1757408468', '{\"480\":\"https:\\/\\/video.akamai.steamstatic.com\\/store_trailers\\/256899680\\/movie480_vp9.webm?t=1757408468\",\"max\":\"https:\\/\\/video.akamai.steamstatic.com\\/store_trailers\\/256899680\\/movie_max_vp9.webm?t=1757408468\"}', '{\"480\":\"https:\\/\\/video.akamai.steamstatic.com\\/store_trailers\\/256899680\\/movie480.mp4?t=1757408468\",\"max\":\"https:\\/\\/video.akamai.steamstatic.com\\/store_trailers\\/256899680\\/movie_max.mp4?t=1757408468\"}', 'https://video.akamai.steamstatic.com/store_trailers/1943950/485523/a008ae91915c6e727ebf7d5a72dd224bf237e8c9/1750742100/dash_av1.mpd?t=1757408468', 'https://video.akamai.steamstatic.com/store_trailers/1943950/485523/a008ae91915c6e727ebf7d5a72dd224bf237e8c9/1750742100/dash_h264.mpd?t=1757408468', 'https://video.akamai.steamstatic.com/store_trailers/1943950/485523/a008ae91915c6e727ebf7d5a72dd224bf237e8c9/1750742100/hls_264_master.m3u8?t=1757408468', true, NOW(), NOW());
INSERT INTO game_category (game_id, category_id, created_at, updated_at) VALUES (55, 39, NOW(), NOW());
INSERT INTO game_category (game_id, category_id, created_at, updated_at) VALUES (55, 24, NOW(), NOW());
INSERT INTO game_category (game_id, category_id, created_at, updated_at) VALUES (55, 7, NOW(), NOW());
INSERT INTO game_category (game_id, category_id, created_at, updated_at) VALUES (55, 26, NOW(), NOW());
INSERT INTO game_category (game_id, category_id, created_at, updated_at) VALUES (55, 41, NOW(), NOW());
INSERT INTO game_category (game_id, category_id, created_at, updated_at) VALUES (55, 3, NOW(), NOW());
INSERT INTO game_category (game_id, category_id, created_at, updated_at) VALUES (55, 11, NOW(), NOW());
INSERT INTO game_category (game_id, category_id, created_at, updated_at) VALUES (55, 1, NOW(), NOW());
INSERT INTO game_category (game_id, category_id, created_at, updated_at) VALUES (55, 29, NOW(), NOW());
INSERT INTO game_category (game_id, category_id, created_at, updated_at) VALUES (55, 49, NOW(), NOW());
INSERT INTO game_category (game_id, category_id, created_at, updated_at) VALUES (55, 42, NOW(), NOW());
INSERT INTO game_category (game_id, category_id, created_at, updated_at) VALUES (55, 15, NOW(), NOW());
INSERT INTO game_category (game_id, category_id, created_at, updated_at) VALUES (55, 12, NOW(), NOW());
INSERT INTO game_genre (game_id, genre_id, created_at, updated_at) VALUES (55, 1, NOW(), NOW());
INSERT INTO game_genre (game_id, genre_id, created_at, updated_at) VALUES (55, 11, NOW(), NOW());
INSERT INTO game_developer (game_id, developer_id, created_at, updated_at) VALUES (55, 37, NOW(), NOW());
INSERT INTO game_publisher (game_id, publisher_id, created_at, updated_at) VALUES (55, 70, NOW(), NOW());

-- Game #56: EA SPORTS FC™ 25
INSERT INTO games (id, steam_id, name, type, slug, short_description, required_age, is_free, have_dlc, icon, supported_languages, release_date, coming_soon, recommendations, achievements_count, positive_reviews, negative_reviews, total_reviews, positive_ratio, content_descriptors, is_active, created_at, updated_at) VALUES (56, 2669320, 'EA SPORTS FC™ 25', 'game', 'ea-sports-fc-25', 'EA SPORTS FC™ 25 gives you more ways to win for the club. Team up with friends in your favourite modes with the new 5v5 Rush, and manage your club to victory as FC IQ delivers more tactical control than ever before.', 0, false, true, 'https://shared.akamai.steamstatic.com/store_item_assets/steam/apps/2669320/ec3fb7747fd8080ef53d7686e0d98c5abe1f51f1/header.jpg?t=1752681627', '[\"English *\",\"French *\",\"Italian *\",\"German *\",\"Spanish - Spain *\",\"Arabic *\",\"Czech\",\"Danish\",\"Dutch *\",\"Japanese *\",\"Korean *\",\"Norwegian\",\"Polish *\",\"Portuguese - Brazil *\",\"Portuguese - Portugal\",\"Russian *\",\"Simplified Chinese *\",\"Spanish - Latin America *\",\"Swedish\",\"Traditional Chinese\",\"Turkish * languages with full audio support\"]', '2024-09-26', false, 89862, 39, 57, 243, 300, 0.19, '{\"ids\":[],\"notes\":null}', true, NOW(), NOW());
INSERT INTO game_platforms (game_id, windows, mac, linux, created_at, updated_at) VALUES (56, true, false, false, NOW(), NOW());
INSERT INTO game_requirements (game_id, pc_requirements, mac_requirements, linux_requirements, created_at, updated_at) VALUES (56, 'Minimum: Requires a 64-bit processor and operating system OS: Windows 10 - 64-Bit (Latest Update) Processor: AMD Ryzen 5 1600 or Intel Core i5 6600k Memory: 8 GB RAM Graphics: AMD RX 570 or Nvidia GTX 1050 Ti DirectX: Version 12 Network: Broadband Internet connection Storage: 100 GB available space Sound Card: DirectX: 12 Compatible video card or equivalent (feature level 12_0)', 'Minimum:', 'Minimum:', NOW(), NOW());
INSERT INTO game_community_ratings (game_id, toxicity_rate, cheater_rate, bug_rate, microtransaction_rate, bad_optimization_rate, not_recommended_rate, created_at, updated_at) VALUES (56, 0.032, 0.045, 0.037, 0.008, 0.06, 0.07, NOW(), NOW());
INSERT INTO game_media (game_id, media_id, name, thumbnail, webm, mp4, dash_av1, dash_h264, hls_h264, highlight, created_at, updated_at) VALUES (56, 257059675, 'EA SPORTS FC 25 | Official Launch trailer', 'https://shared.akamai.steamstatic.com/store_item_assets/steam/apps/257059675/8472924f1c5341b306e5e4c031293699c6ce16db/movie_600x337.jpg?t=1727470235', '{\"480\":\"https:\\/\\/video.akamai.steamstatic.com\\/store_trailers\\/257059675\\/movie480_vp9.webm?t=1727470235\",\"max\":\"https:\\/\\/video.akamai.steamstatic.com\\/store_trailers\\/257059675\\/movie_max_vp9.webm?t=1727470235\"}', '{\"480\":\"https:\\/\\/video.akamai.steamstatic.com\\/store_trailers\\/257059675\\/movie480.mp4?t=1727470235\",\"max\":\"https:\\/\\/video.akamai.steamstatic.com\\/store_trailers\\/257059675\\/movie_max.mp4?t=1727470235\"}', 'https://video.akamai.steamstatic.com/store_trailers/2669320/762998/70825943faff3cc5b0e35a8dfad98f2788098c44/1750818211/dash_av1.mpd?t=1727470235', 'https://video.akamai.steamstatic.com/store_trailers/2669320/762998/70825943faff3cc5b0e35a8dfad98f2788098c44/1750818211/dash_h264.mpd?t=1727470235', 'https://video.akamai.steamstatic.com/store_trailers/2669320/762998/70825943faff3cc5b0e35a8dfad98f2788098c44/1750818211/hls_264_master.m3u8?t=1727470235', true, NOW(), NOW());
INSERT INTO game_media (game_id, media_id, name, thumbnail, webm, mp4, dash_av1, dash_h264, hls_h264, highlight, created_at, updated_at) VALUES (56, 257046237, 'EA SPORTS FC 25 | Reveal Trailer - Clean end slate', 'https://shared.akamai.steamstatic.com/store_item_assets/steam/apps/257046237/movie.293x165.jpg?t=1727470240', '{\"480\":\"https:\\/\\/video.akamai.steamstatic.com\\/store_trailers\\/257046237\\/movie480_vp9.webm?t=1727470240\",\"max\":\"https:\\/\\/video.akamai.steamstatic.com\\/store_trailers\\/257046237\\/movie_max_vp9.webm?t=1727470240\"}', '{\"480\":\"https:\\/\\/video.akamai.steamstatic.com\\/store_trailers\\/257046237\\/movie480.mp4?t=1727470240\",\"max\":\"https:\\/\\/video.akamai.steamstatic.com\\/store_trailers\\/257046237\\/movie_max.mp4?t=1727470240\"}', 'https://video.akamai.steamstatic.com/store_trailers/2669320/740427/3b01cca4b214e1c61e852230094a95c00d3cef54/1750818210/dash_av1.mpd?t=1727470240', 'https://video.akamai.steamstatic.com/store_trailers/2669320/740427/3b01cca4b214e1c61e852230094a95c00d3cef54/1750818210/dash_h264.mpd?t=1727470240', 'https://video.akamai.steamstatic.com/store_trailers/2669320/740427/3b01cca4b214e1c61e852230094a95c00d3cef54/1750818210/hls_264_master.m3u8?t=1727470240', true, NOW(), NOW());
INSERT INTO game_category (game_id, category_id, created_at, updated_at) VALUES (56, 39, NOW(), NOW());
INSERT INTO game_category (game_id, category_id, created_at, updated_at) VALUES (56, 24, NOW(), NOW());
INSERT INTO game_category (game_id, category_id, created_at, updated_at) VALUES (56, 30, NOW(), NOW());
INSERT INTO game_category (game_id, category_id, created_at, updated_at) VALUES (56, 27, NOW(), NOW());
INSERT INTO game_category (game_id, category_id, created_at, updated_at) VALUES (56, 38, NOW(), NOW());
INSERT INTO game_category (game_id, category_id, created_at, updated_at) VALUES (56, 7, NOW(), NOW());
INSERT INTO game_category (game_id, category_id, created_at, updated_at) VALUES (56, 26, NOW(), NOW());
INSERT INTO game_category (game_id, category_id, created_at, updated_at) VALUES (56, 37, NOW(), NOW());
INSERT INTO game_category (game_id, category_id, created_at, updated_at) VALUES (56, 36, NOW(), NOW());
INSERT INTO game_category (game_id, category_id, created_at, updated_at) VALUES (56, 10, NOW(), NOW());
INSERT INTO game_category (game_id, category_id, created_at, updated_at) VALUES (56, 41, NOW(), NOW());
INSERT INTO game_category (game_id, category_id, created_at, updated_at) VALUES (56, 13, NOW(), NOW());
INSERT INTO game_category (game_id, category_id, created_at, updated_at) VALUES (56, 16, NOW(), NOW());
INSERT INTO game_category (game_id, category_id, created_at, updated_at) VALUES (56, 1, NOW(), NOW());
INSERT INTO game_category (game_id, category_id, created_at, updated_at) VALUES (56, 19, NOW(), NOW());
INSERT INTO game_category (game_id, category_id, created_at, updated_at) VALUES (56, 49, NOW(), NOW());
INSERT INTO game_category (game_id, category_id, created_at, updated_at) VALUES (56, 31, NOW(), NOW());
INSERT INTO game_category (game_id, category_id, created_at, updated_at) VALUES (56, 15, NOW(), NOW());
INSERT INTO game_genre (game_id, genre_id, created_at, updated_at) VALUES (56, 16, NOW(), NOW());
INSERT INTO game_genre (game_id, genre_id, created_at, updated_at) VALUES (56, 17, NOW(), NOW());
INSERT INTO game_developer (game_id, developer_id, created_at, updated_at) VALUES (56, 31, NOW(), NOW());
INSERT INTO game_developer (game_id, developer_id, created_at, updated_at) VALUES (56, 32, NOW(), NOW());
INSERT INTO game_publisher (game_id, publisher_id, created_at, updated_at) VALUES (56, 26, NOW(), NOW());

-- Game #57: Sid Meier’s Civilization® VI
INSERT INTO games (id, steam_id, name, type, slug, short_description, required_age, is_free, have_dlc, icon, supported_languages, release_date, coming_soon, recommendations, achievements_count, positive_reviews, negative_reviews, total_reviews, positive_ratio, content_descriptors, is_active, created_at, updated_at) VALUES (57, 289070, 'Sid Meier’s Civilization® VI', 'game', 'sid-meier-s-civilization-vi', 'Expand your empire, advance your culture and go head-to-head against history’s greatest leaders. Will your civilization stand the test of time?', 0, false, true, 'https://shared.akamai.steamstatic.com/store_item_assets/steam/apps/289070/header.jpg?t=1740607040', '[\"English *\",\"French *\",\"Italian *\",\"German *\",\"Spanish - Spain *\",\"Japanese *\",\"Korean *\",\"Polish *\",\"Portuguese - Brazil\",\"Russian *\",\"Simplified Chinese *\",\"Traditional Chinese * * languages with full audio support\"]', '2016-10-20', false, 264308, 320, 154, 146, 300, 0.513, '{\"ids\":[],\"notes\":null}', true, NOW(), NOW());
INSERT INTO game_platforms (game_id, windows, mac, linux, created_at, updated_at) VALUES (57, true, true, true, NOW(), NOW());
INSERT INTO game_requirements (game_id, pc_requirements, mac_requirements, linux_requirements, created_at, updated_at) VALUES (57, 'Minimum: Requires a 64-bit processor and operating system OS *: Windows 7x64 / Windows 8.1x64 / Windows 10x64 Processor: Intel Core i3 2.5 Ghz or AMD Phenom II 2.6 Ghz or greater Memory: 4 GB RAM Graphics: 1 GB &amp; AMD 5570 or nVidia 450 or Intel Integrated Graphics 530 DirectX: Version 11 Storage: 17 GB available space Sound Card: DirectX Compatible Sound Device Additional Notes: Initial installation requires one-time Internet connection for Steam authentication; software installations required (included with the game) include Steam Client, Microsoft Visual C++ 2012 and 2015 Runtime Libraries, and Microsoft DirectX. Internet connection and acceptance of Steam™ Subscriber Agreement required for activation. See for details.', 'Minimum: OS: 10.14.6 (Mojave) Processor: Intel Core i5 2.7Ghz Memory: 6 GB RAM Graphics: 1 GB GPU Minimum - GeForce 775M | Radeon HD 6970 | Intel Iris Pro Storage: 17 GB available space Additional Notes: NOTICE: It is possible for Mac and PC to become out of sync during updates or patches. Within this time period, Mac users will only be able to play other Mac users.', 'Minimum: OS: Ubuntu 16.04 (64bit) Processor: Intel Core i3 530 or AMD A8-3870 Memory: 6 GB RAM Graphics: 1 GB VRAM Minimum - NVIDIA GeForce 650 Storage: 17 GB available space Additional Notes: IMPORTANT NOTICE: Some Intel i3 Processors may require an additional 2 GB Swap Partition. IMPORTANT NOTICE: ATI and INTEL chipsets are NOT supported to run Civilization VI LINUX. Don\'t meet the above requirements? Running on a unique distro? That doesn\'t mean your configuration wont run Civ VI! Visit the Civilization VI community page to share your experience with other Linux players and learn about how to send bugs to Aspyr. Your feedback will help us improve Civ VI Linux and future AAA Linux releases!', NOW(), NOW());
INSERT INTO game_community_ratings (game_id, toxicity_rate, cheater_rate, bug_rate, microtransaction_rate, bad_optimization_rate, not_recommended_rate, created_at, updated_at) VALUES (57, 0.019, 0.015, 0.015, 0.006, 0.011, 0.016, NOW(), NOW());
INSERT INTO game_media (game_id, media_id, name, thumbnail, webm, mp4, dash_av1, dash_h264, hls_h264, highlight, created_at, updated_at) VALUES (57, 256672694, 'Civilization VI Launch Trailer - ESRB', 'https://shared.akamai.steamstatic.com/store_item_assets/steam/apps/256672694/movie.293x165.jpg?t=1476736935', '{\"480\":\"https:\\/\\/video.akamai.steamstatic.com\\/store_trailers\\/256672694\\/movie480.webm?t=1476736935\",\"max\":\"https:\\/\\/video.akamai.steamstatic.com\\/store_trailers\\/256672694\\/movie_max.webm?t=1476736935\"}', '{\"480\":\"https:\\/\\/video.akamai.steamstatic.com\\/store_trailers\\/256672694\\/movie480.mp4?t=1476736935\",\"max\":\"https:\\/\\/video.akamai.steamstatic.com\\/store_trailers\\/256672694\\/movie_max.mp4?t=1476736935\"}', 'https://video.akamai.steamstatic.com/store_trailers/289070/76616/f09b19535e8ceef09ce6548300cd27f949b52678/1750500599/dash_av1.mpd?t=1476736935', 'https://video.akamai.steamstatic.com/store_trailers/289070/76616/f09b19535e8ceef09ce6548300cd27f949b52678/1750500599/dash_h264.mpd?t=1476736935', 'https://video.akamai.steamstatic.com/store_trailers/289070/76616/f09b19535e8ceef09ce6548300cd27f949b52678/1750500599/hls_264_master.m3u8?t=1476736935', true, NOW(), NOW());
INSERT INTO game_media (game_id, media_id, name, thumbnail, webm, mp4, dash_av1, dash_h264, hls_h264, highlight, created_at, updated_at) VALUES (57, 256666316, 'Sid Meier\'s Civilization® VI - E3', 'https://shared.akamai.steamstatic.com/store_item_assets/steam/apps/256666316/movie.293x165.jpg?t=1467410103', '{\"480\":\"https:\\/\\/video.akamai.steamstatic.com\\/store_trailers\\/256666316\\/movie480.webm?t=1467410103\",\"max\":\"https:\\/\\/video.akamai.steamstatic.com\\/store_trailers\\/256666316\\/movie_max.webm?t=1467410103\"}', '{\"480\":\"https:\\/\\/video.akamai.steamstatic.com\\/store_trailers\\/256666316\\/movie480.mp4?t=1467410103\",\"max\":\"https:\\/\\/video.akamai.steamstatic.com\\/store_trailers\\/256666316\\/movie_max.mp4?t=1467410103\"}', 'https://video.akamai.steamstatic.com/store_trailers/289070/63688/7be06d450decd1a0501dd76f021cf38fdb276da9/1750500589/dash_av1.mpd?t=1467410103', 'https://video.akamai.steamstatic.com/store_trailers/289070/63688/7be06d450decd1a0501dd76f021cf38fdb276da9/1750500589/dash_h264.mpd?t=1467410103', 'https://video.akamai.steamstatic.com/store_trailers/289070/63688/7be06d450decd1a0501dd76f021cf38fdb276da9/1750500589/hls_264_master.m3u8?t=1467410103', true, NOW(), NOW());
INSERT INTO game_category (game_id, category_id, created_at, updated_at) VALUES (57, 39, NOW(), NOW());
INSERT INTO game_category (game_id, category_id, created_at, updated_at) VALUES (57, 24, NOW(), NOW());
INSERT INTO game_category (game_id, category_id, created_at, updated_at) VALUES (57, 30, NOW(), NOW());
INSERT INTO game_category (game_id, category_id, created_at, updated_at) VALUES (57, 27, NOW(), NOW());
INSERT INTO game_category (game_id, category_id, created_at, updated_at) VALUES (57, 21, NOW(), NOW());
INSERT INTO game_category (game_id, category_id, created_at, updated_at) VALUES (57, 38, NOW(), NOW());
INSERT INTO game_category (game_id, category_id, created_at, updated_at) VALUES (57, 36, NOW(), NOW());
INSERT INTO game_category (game_id, category_id, created_at, updated_at) VALUES (57, 10, NOW(), NOW());
INSERT INTO game_category (game_id, category_id, created_at, updated_at) VALUES (57, 41, NOW(), NOW());
INSERT INTO game_category (game_id, category_id, created_at, updated_at) VALUES (57, 45, NOW(), NOW());
INSERT INTO game_category (game_id, category_id, created_at, updated_at) VALUES (57, 47, NOW(), NOW());
INSERT INTO game_category (game_id, category_id, created_at, updated_at) VALUES (57, 16, NOW(), NOW());
INSERT INTO game_category (game_id, category_id, created_at, updated_at) VALUES (57, 46, NOW(), NOW());
INSERT INTO game_category (game_id, category_id, created_at, updated_at) VALUES (57, 34, NOW(), NOW());
INSERT INTO game_category (game_id, category_id, created_at, updated_at) VALUES (57, 31, NOW(), NOW());
INSERT INTO game_category (game_id, category_id, created_at, updated_at) VALUES (57, 12, NOW(), NOW());
INSERT INTO game_genre (game_id, genre_id, created_at, updated_at) VALUES (57, 18, NOW(), NOW());
INSERT INTO game_developer (game_id, developer_id, created_at, updated_at) VALUES (57, 39, NOW(), NOW());
INSERT INTO game_developer (game_id, developer_id, created_at, updated_at) VALUES (57, 7, NOW(), NOW());
INSERT INTO game_developer (game_id, developer_id, created_at, updated_at) VALUES (57, 6, NOW(), NOW());
INSERT INTO game_publisher (game_id, publisher_id, created_at, updated_at) VALUES (57, 1, NOW(), NOW());
INSERT INTO game_publisher (game_id, publisher_id, created_at, updated_at) VALUES (57, 9, NOW(), NOW());
INSERT INTO game_publisher (game_id, publisher_id, created_at, updated_at) VALUES (57, 8, NOW(), NOW());

-- Game #58: Crosshair X
INSERT INTO games (id, steam_id, name, type, slug, short_description, required_age, is_free, have_dlc, icon, supported_languages, release_date, coming_soon, recommendations, achievements_count, positive_reviews, negative_reviews, total_reviews, positive_ratio, content_descriptors, is_active, created_at, updated_at) VALUES (58, 1366800, 'Crosshair X', 'game', 'crosshair-x', 'Overlay custom crosshairs on every game you play. Choose from thousands of unique crosshairs created by the Crosshair X community or design your own using the designer.', 0, false, false, 'https://shared.akamai.steamstatic.com/store_item_assets/steam/apps/1366800/22e1a703a4d8f45c900741b53a4f933862798a10/header.jpg?t=1750794599', '[\"English *\",\"German *\",\"Portuguese - Brazil *\",\"Russian *\",\"Simplified Chinese *\",\"Spanish - Latin America *\",\"French *\",\"Italian *\",\"Spanish - Spain *\",\"Czech *\",\"Polish *\",\"Swedish *\",\"Turkish *\",\"Japanese *\",\"Korean * * languages with full audio support\"]', '2020-08-17', false, 33797, 0, 244, 56, 300, 0.813, '{\"ids\":[],\"notes\":null}', true, NOW(), NOW());
INSERT INTO game_platforms (game_id, windows, mac, linux, created_at, updated_at) VALUES (58, true, false, false, NOW(), NOW());
INSERT INTO game_requirements (game_id, pc_requirements, mac_requirements, linux_requirements, created_at, updated_at) VALUES (58, 'Minimum: OS: Windows 10', '', '', NOW(), NOW());
INSERT INTO game_community_ratings (game_id, toxicity_rate, cheater_rate, bug_rate, microtransaction_rate, bad_optimization_rate, not_recommended_rate, created_at, updated_at) VALUES (58, 0, 0, 0.003, 0.003, 0.006, 0.011, NOW(), NOW());
INSERT INTO game_media (game_id, media_id, name, thumbnail, webm, mp4, dash_av1, dash_h264, hls_h264, highlight, created_at, updated_at) VALUES (58, 256818282, 'Crosshair X', 'https://shared.akamai.steamstatic.com/store_item_assets/steam/apps/256818282/01f5c811edb1689a4bf5d076bce6a0539d80e867/movie_600x337.jpg?t=1750124158', '{\"480\":\"https:\\/\\/video.akamai.steamstatic.com\\/store_trailers\\/256818282\\/movie480_vp9.webm?t=1750124158\",\"max\":\"https:\\/\\/video.akamai.steamstatic.com\\/store_trailers\\/256818282\\/movie_max_vp9.webm?t=1750124158\"}', '{\"480\":\"https:\\/\\/video.akamai.steamstatic.com\\/store_trailers\\/256818282\\/movie480.mp4?t=1750124158\",\"max\":\"https:\\/\\/video.akamai.steamstatic.com\\/store_trailers\\/256818282\\/movie_max.mp4?t=1750124158\"}', 'https://video.akamai.steamstatic.com/store_trailers/1366800/100071116/63859393ab6820aeae5538ef054ce02afdbf7efb/1750123110/dash_av1.mpd?t=1750124158', 'https://video.akamai.steamstatic.com/store_trailers/1366800/100071116/63859393ab6820aeae5538ef054ce02afdbf7efb/1750123110/dash_h264.mpd?t=1750124158', 'https://video.akamai.steamstatic.com/store_trailers/1366800/100071116/63859393ab6820aeae5538ef054ce02afdbf7efb/1750123110/hls_264_master.m3u8?t=1750124158', true, NOW(), NOW());
INSERT INTO game_category (game_id, category_id, created_at, updated_at) VALUES (58, 4, NOW(), NOW());
INSERT INTO game_category (game_id, category_id, created_at, updated_at) VALUES (58, 47, NOW(), NOW());
INSERT INTO game_category (game_id, category_id, created_at, updated_at) VALUES (58, 28, NOW(), NOW());
INSERT INTO game_category (game_id, category_id, created_at, updated_at) VALUES (58, 42, NOW(), NOW());
INSERT INTO game_genre (game_id, genre_id, created_at, updated_at) VALUES (58, 1, NOW(), NOW());
INSERT INTO game_genre (game_id, genre_id, created_at, updated_at) VALUES (58, 2, NOW(), NOW());
INSERT INTO game_genre (game_id, genre_id, created_at, updated_at) VALUES (58, 11, NOW(), NOW());
INSERT INTO game_genre (game_id, genre_id, created_at, updated_at) VALUES (58, 3, NOW(), NOW());
INSERT INTO game_genre (game_id, genre_id, created_at, updated_at) VALUES (58, 6, NOW(), NOW());
INSERT INTO game_genre (game_id, genre_id, created_at, updated_at) VALUES (58, 8, NOW(), NOW());
INSERT INTO game_genre (game_id, genre_id, created_at, updated_at) VALUES (58, 13, NOW(), NOW());
INSERT INTO game_genre (game_id, genre_id, created_at, updated_at) VALUES (58, 19, NOW(), NOW());
INSERT INTO game_genre (game_id, genre_id, created_at, updated_at) VALUES (58, 10, NOW(), NOW());
INSERT INTO game_developer (game_id, developer_id, created_at, updated_at) VALUES (58, 21, NOW(), NOW());
INSERT INTO game_publisher (game_id, publisher_id, created_at, updated_at) VALUES (58, 18, NOW(), NOW());

-- Game #59: Street Fighter™ 6
INSERT INTO games (id, steam_id, name, type, slug, short_description, required_age, is_free, have_dlc, icon, supported_languages, release_date, coming_soon, recommendations, achievements_count, positive_reviews, negative_reviews, total_reviews, positive_ratio, content_descriptors, is_active, created_at, updated_at) VALUES (59, 1364780, 'Street Fighter™ 6', 'game', 'street-fighter-6', 'Here comes Capcom’s newest challenger! Street Fighter™ 6 launches worldwide on June 2nd, 2023 and represents the next evolution of the Street Fighter™ series! Street Fighter 6 spans three distinct game modes, including World Tour, Fighting Ground and Battle Hub.', 0, false, true, 'https://shared.akamai.steamstatic.com/store_item_assets/steam/apps/1364780/header.jpg?t=1761116384', '[\"English *\",\"Japanese *\",\"French\",\"Italian\",\"German\",\"Spanish - Spain\",\"Arabic\",\"Portuguese - Brazil\",\"Polish\",\"Russian\",\"Simplified Chinese\",\"Traditional Chinese\",\"Korean\",\"Spanish - Latin America * languages with full audio support\"]', '2023-06-01', false, 40708, 43, 64, 236, 300, 0.213, '{\"ids\":[],\"notes\":null}', true, NOW(), NOW());
INSERT INTO game_platforms (game_id, windows, mac, linux, created_at, updated_at) VALUES (59, true, false, false, NOW(), NOW());
INSERT INTO game_requirements (game_id, pc_requirements, mac_requirements, linux_requirements, created_at, updated_at) VALUES (59, 'Minimum: Requires a 64-bit processor and operating system OS: Windows 10 (64 bit required) Processor: Intel Core i5-7500 / AMD Ryzen 3 1200 Memory: 8 GB RAM Graphics: GTX1060 (VRAM 6GB) / Radeon RX 580 (VRAM 4GB) DirectX: Version 12 Storage: 60 GB available space Additional Notes: - The framerate may drop during graphic-intensive scenes. - Additional storage is required for each subsequent update.', 'Minimum:', 'Minimum:', NOW(), NOW());
INSERT INTO game_community_ratings (game_id, toxicity_rate, cheater_rate, bug_rate, microtransaction_rate, bad_optimization_rate, not_recommended_rate, created_at, updated_at) VALUES (59, 0.049, 0.03, 0.009, 0.127, 0.018, 0.061, NOW(), NOW());
INSERT INTO game_media (game_id, media_id, name, thumbnail, webm, mp4, dash_av1, dash_h264, hls_h264, highlight, created_at, updated_at) VALUES (59, 257206554, 'SF6_C.Viepr_Gameplaytrailer_Multi_EN_ESRB_HD_Steam', 'https://shared.akamai.steamstatic.com/store_item_assets/steam/apps/257206554/0d506b75d9cc789e0f98a8822f8ffa3663dc6c9e/movie_600x337.jpg?t=1758859600', '{\"480\":\"https:\\/\\/video.akamai.steamstatic.com\\/store_trailers\\/257206554\\/movie480_vp9.webm?t=1758859600\",\"max\":\"https:\\/\\/video.akamai.steamstatic.com\\/store_trailers\\/257206554\\/movie_max_vp9.webm?t=1758859600\"}', '{\"480\":\"https:\\/\\/video.akamai.steamstatic.com\\/store_trailers\\/257206554\\/movie480.mp4?t=1758859600\",\"max\":\"https:\\/\\/video.akamai.steamstatic.com\\/store_trailers\\/257206554\\/movie_max.mp4?t=1758859600\"}', 'https://video.akamai.steamstatic.com/store_trailers/1364780/1203483622/09b491864ab63ad41a5bd7f4cea64a175473e159/1758851990/dash_av1.mpd?t=1758859600', 'https://video.akamai.steamstatic.com/store_trailers/1364780/1203483622/09b491864ab63ad41a5bd7f4cea64a175473e159/1758851990/dash_h264.mpd?t=1758859600', 'https://video.akamai.steamstatic.com/store_trailers/1364780/1203483622/09b491864ab63ad41a5bd7f4cea64a175473e159/1758851990/hls_264_master.m3u8?t=1758859600', true, NOW(), NOW());
INSERT INTO game_media (game_id, media_id, name, thumbnail, webm, mp4, dash_av1, dash_h264, hls_h264, highlight, created_at, updated_at) VALUES (59, 257178234, 'SF6_Outfit4_7Character_Multi_EN_ESRB_1080P_Steam', 'https://shared.akamai.steamstatic.com/store_item_assets/steam/apps/257178234/0ee78ee04f32462ca565019b611006da23b7fd16/movie_600x337.jpg?t=1754370599', '{\"480\":\"https:\\/\\/video.akamai.steamstatic.com\\/store_trailers\\/257178234\\/movie480_vp9.webm?t=1754370599\",\"max\":\"https:\\/\\/video.akamai.steamstatic.com\\/store_trailers\\/257178234\\/movie_max_vp9.webm?t=1754370599\"}', '{\"480\":\"https:\\/\\/video.akamai.steamstatic.com\\/store_trailers\\/257178234\\/movie480.mp4?t=1754370599\",\"max\":\"https:\\/\\/video.akamai.steamstatic.com\\/store_trailers\\/257178234\\/movie_max.mp4?t=1754370599\"}', 'https://video.akamai.steamstatic.com/store_trailers/1364780/237504138/5101bf5149356409cba6dc48ff27b2bd2d64a83d/1754355780/dash_av1.mpd?t=1754370599', 'https://video.akamai.steamstatic.com/store_trailers/1364780/237504138/5101bf5149356409cba6dc48ff27b2bd2d64a83d/1754355780/dash_h264.mpd?t=1754370599', 'https://video.akamai.steamstatic.com/store_trailers/1364780/237504138/5101bf5149356409cba6dc48ff27b2bd2d64a83d/1754355780/hls_264_master.m3u8?t=1754370599', true, NOW(), NOW());
INSERT INTO game_media (game_id, media_id, name, thumbnail, webm, mp4, dash_av1, dash_h264, hls_h264, highlight, created_at, updated_at) VALUES (59, 257170007, 'SF6_SAGAT_Gameplaytrailer_Multi_EN_ESRB_HD', 'https://shared.akamai.steamstatic.com/store_item_assets/steam/apps/257170007/9c69c84ef08c1b0c08500345f01b3a70261cdcb1/movie_600x337.jpg?t=1752729336', '{\"480\":\"https:\\/\\/video.akamai.steamstatic.com\\/store_trailers\\/257170007\\/movie480_vp9.webm?t=1752729336\",\"max\":\"https:\\/\\/video.akamai.steamstatic.com\\/store_trailers\\/257170007\\/movie_max_vp9.webm?t=1752729336\"}', '{\"480\":\"https:\\/\\/video.akamai.steamstatic.com\\/store_trailers\\/257170007\\/movie480.mp4?t=1752729336\",\"max\":\"https:\\/\\/video.akamai.steamstatic.com\\/store_trailers\\/257170007\\/movie_max.mp4?t=1752729336\"}', 'https://video.akamai.steamstatic.com/store_trailers/1364780/1575847105/d85f1d95ebfac16efb684f2f523219583531f396/1752720673/dash_av1.mpd?t=1752729336', 'https://video.akamai.steamstatic.com/store_trailers/1364780/1575847105/d85f1d95ebfac16efb684f2f523219583531f396/1752720673/dash_h264.mpd?t=1752729336', 'https://video.akamai.steamstatic.com/store_trailers/1364780/1575847105/d85f1d95ebfac16efb684f2f523219583531f396/1752720673/hls_264_master.m3u8?t=1752729336', true, NOW(), NOW());
INSERT INTO game_media (game_id, media_id, name, thumbnail, webm, mp4, dash_av1, dash_h264, hls_h264, highlight, created_at, updated_at) VALUES (59, 257151474, 'HATO_FE_LaunchPV_Multi_EN_ESRB_1080P_FIX_Store_v2', 'https://shared.akamai.steamstatic.com/store_item_assets/steam/apps/257151474/9dd37cb3b4e20ed60f9e3f64e68b28727f1bbf02/movie_600x337.jpg?t=1749099731', '{\"480\":\"https:\\/\\/video.akamai.steamstatic.com\\/store_trailers\\/257151474\\/movie480_vp9.webm?t=1749099731\",\"max\":\"https:\\/\\/video.akamai.steamstatic.com\\/store_trailers\\/257151474\\/movie_max_vp9.webm?t=1749099731\"}', '{\"480\":\"https:\\/\\/video.akamai.steamstatic.com\\/store_trailers\\/257151474\\/movie480.mp4?t=1749099731\",\"max\":\"https:\\/\\/video.akamai.steamstatic.com\\/store_trailers\\/257151474\\/movie_max.mp4?t=1749099731\"}', 'https://video.akamai.steamstatic.com/store_trailers/1364780/1816352465/610ac3e954e6271510651b9e310ff2949a4447cf/1750678692/dash_av1.mpd?t=1749099731', 'https://video.akamai.steamstatic.com/store_trailers/1364780/1816352465/610ac3e954e6271510651b9e310ff2949a4447cf/1750678692/dash_h264.mpd?t=1749099731', 'https://video.akamai.steamstatic.com/store_trailers/1364780/1816352465/610ac3e954e6271510651b9e310ff2949a4447cf/1750678692/hls_264_master.m3u8?t=1749099731', true, NOW(), NOW());
INSERT INTO game_media (game_id, media_id, name, thumbnail, webm, mp4, dash_av1, dash_h264, hls_h264, highlight, created_at, updated_at) VALUES (59, 257131911, 'SF6_ELENA_Gameplaytrailer_Multi_EN_ESRB_HD_Stemstore_FIX', 'https://shared.akamai.steamstatic.com/store_item_assets/steam/apps/257131911/efec79808c5705182449cfd9ec9c7a64d022d489/movie_600x337.jpg?t=1745814258', '{\"480\":\"https:\\/\\/video.akamai.steamstatic.com\\/store_trailers\\/257131911\\/movie480_vp9.webm?t=1745814258\",\"max\":\"https:\\/\\/video.akamai.steamstatic.com\\/store_trailers\\/257131911\\/movie_max_vp9.webm?t=1745814258\"}', '{\"480\":\"https:\\/\\/video.akamai.steamstatic.com\\/store_trailers\\/257131911\\/movie480.mp4?t=1745814258\",\"max\":\"https:\\/\\/video.akamai.steamstatic.com\\/store_trailers\\/257131911\\/movie_max.mp4?t=1745814258\"}', 'https://video.akamai.steamstatic.com/store_trailers/1364780/879577/cec513f1569b45ff6f6b2c507a0bdeb7de4e0d96/1750678681/dash_av1.mpd?t=1745814258', 'https://video.akamai.steamstatic.com/store_trailers/1364780/879577/cec513f1569b45ff6f6b2c507a0bdeb7de4e0d96/1750678681/dash_h264.mpd?t=1745814258', 'https://video.akamai.steamstatic.com/store_trailers/1364780/879577/cec513f1569b45ff6f6b2c507a0bdeb7de4e0d96/1750678681/hls_264_master.m3u8?t=1745814258', true, NOW(), NOW());
INSERT INTO game_media (game_id, media_id, name, thumbnail, webm, mp4, dash_av1, dash_h264, hls_h264, highlight, created_at, updated_at) VALUES (59, 257088720, 'SF6_MAI_Gameplaytrailer_02_Multi_EN_ESRB_HD_Steamstore_FIX', 'https://shared.akamai.steamstatic.com/store_item_assets/steam/apps/257088720/e090a3c6bc7af8e192c9c8a574e0dbcd9930a3b7/movie_600x337.jpg?t=1736904328', '{\"480\":\"https:\\/\\/video.akamai.steamstatic.com\\/store_trailers\\/257088720\\/movie480_vp9.webm?t=1736904328\",\"max\":\"https:\\/\\/video.akamai.steamstatic.com\\/store_trailers\\/257088720\\/movie_max_vp9.webm?t=1736904328\"}', '{\"480\":\"https:\\/\\/video.akamai.steamstatic.com\\/store_trailers\\/257088720\\/movie480.mp4?t=1736904328\",\"max\":\"https:\\/\\/video.akamai.steamstatic.com\\/store_trailers\\/257088720\\/movie_max.mp4?t=1736904328\"}', 'https://video.akamai.steamstatic.com/store_trailers/1364780/812197/100efbf7e961abaa62defc5f8368c0230e034a43/1750678700/dash_av1.mpd?t=1736904328', 'https://video.akamai.steamstatic.com/store_trailers/1364780/812197/100efbf7e961abaa62defc5f8368c0230e034a43/1750678700/dash_h264.mpd?t=1736904328', 'https://video.akamai.steamstatic.com/store_trailers/1364780/812197/100efbf7e961abaa62defc5f8368c0230e034a43/1750678700/hls_264_master.m3u8?t=1736904328', true, NOW(), NOW());
INSERT INTO game_media (game_id, media_id, name, thumbnail, webm, mp4, dash_av1, dash_h264, hls_h264, highlight, created_at, updated_at) VALUES (59, 257048074, 'SF6_TERRY_GamePlayTrailer_Multi_EN_ESRB_1080P_Steamstore', 'https://shared.akamai.steamstatic.com/store_item_assets/steam/apps/257048074/movie.293x165.jpg?t=1724216001', '{\"480\":\"https:\\/\\/video.akamai.steamstatic.com\\/store_trailers\\/257048074\\/movie480_vp9.webm?t=1724216001\",\"max\":\"https:\\/\\/video.akamai.steamstatic.com\\/store_trailers\\/257048074\\/movie_max_vp9.webm?t=1724216001\"}', '{\"480\":\"https:\\/\\/video.akamai.steamstatic.com\\/store_trailers\\/257048074\\/movie480.mp4?t=1724216001\",\"max\":\"https:\\/\\/video.akamai.steamstatic.com\\/store_trailers\\/257048074\\/movie_max.mp4?t=1724216001\"}', 'https://video.akamai.steamstatic.com/store_trailers/1364780/743538/45b3d58ab594a0e1b7e9524d0706ef0330bd4f8e/1750678640/dash_av1.mpd?t=1724216001', 'https://video.akamai.steamstatic.com/store_trailers/1364780/743538/45b3d58ab594a0e1b7e9524d0706ef0330bd4f8e/1750678640/dash_h264.mpd?t=1724216001', 'https://video.akamai.steamstatic.com/store_trailers/1364780/743538/45b3d58ab594a0e1b7e9524d0706ef0330bd4f8e/1750678640/hls_264_master.m3u8?t=1724216001', true, NOW(), NOW());
INSERT INTO game_media (game_id, media_id, name, thumbnail, webm, mp4, dash_av1, dash_h264, hls_h264, highlight, created_at, updated_at) VALUES (59, 257029847, 'SF6_M.Bison_GamePlayTrailer_Multi_EN_ESRB_1080P_Steamstore', 'https://shared.akamai.steamstatic.com/store_item_assets/steam/apps/257029847/movie.293x165.jpg?t=1717986914', '{\"480\":\"https:\\/\\/video.akamai.steamstatic.com\\/store_trailers\\/257029847\\/movie480_vp9.webm?t=1717986914\",\"max\":\"https:\\/\\/video.akamai.steamstatic.com\\/store_trailers\\/257029847\\/movie_max_vp9.webm?t=1717986914\"}', '{\"480\":\"https:\\/\\/video.akamai.steamstatic.com\\/store_trailers\\/257029847\\/movie480.mp4?t=1717986914\",\"max\":\"https:\\/\\/video.akamai.steamstatic.com\\/store_trailers\\/257029847\\/movie_max.mp4?t=1717986914\"}', 'https://video.akamai.steamstatic.com/store_trailers/1364780/711676/0cdfd8d036f73a75a1838b0bcf2733b52ae394ef/1750678626/dash_av1.mpd?t=1717986914', 'https://video.akamai.steamstatic.com/store_trailers/1364780/711676/0cdfd8d036f73a75a1838b0bcf2733b52ae394ef/1750678626/dash_h264.mpd?t=1717986914', 'https://video.akamai.steamstatic.com/store_trailers/1364780/711676/0cdfd8d036f73a75a1838b0bcf2733b52ae394ef/1750678626/hls_264_master.m3u8?t=1717986914', true, NOW(), NOW());
INSERT INTO game_media (game_id, media_id, name, thumbnail, webm, mp4, dash_av1, dash_h264, hls_h264, highlight, created_at, updated_at) VALUES (59, 257029842, 'SF6_Year2_Announce_Multi_US_ESRB_1080P_FIX_Steam', 'https://shared.akamai.steamstatic.com/store_item_assets/steam/apps/257029842/movie.293x165.jpg?t=1717986925', '{\"480\":\"https:\\/\\/video.akamai.steamstatic.com\\/store_trailers\\/257029842\\/movie480_vp9.webm?t=1717986925\",\"max\":\"https:\\/\\/video.akamai.steamstatic.com\\/store_trailers\\/257029842\\/movie_max_vp9.webm?t=1717986925\"}', '{\"480\":\"https:\\/\\/video.akamai.steamstatic.com\\/store_trailers\\/257029842\\/movie480.mp4?t=1717986925\",\"max\":\"https:\\/\\/video.akamai.steamstatic.com\\/store_trailers\\/257029842\\/movie_max.mp4?t=1717986925\"}', 'https://video.akamai.steamstatic.com/store_trailers/1364780/711669/d077dd14cfee8d7ce65989fec87a5ce89bd04c57/1750678607/dash_av1.mpd?t=1717986925', 'https://video.akamai.steamstatic.com/store_trailers/1364780/711669/d077dd14cfee8d7ce65989fec87a5ce89bd04c57/1750678607/dash_h264.mpd?t=1717986925', 'https://video.akamai.steamstatic.com/store_trailers/1364780/711669/d077dd14cfee8d7ce65989fec87a5ce89bd04c57/1750678607/hls_264_master.m3u8?t=1717986925', true, NOW(), NOW());
INSERT INTO game_media (game_id, media_id, name, thumbnail, webm, mp4, dash_av1, dash_h264, hls_h264, highlight, created_at, updated_at) VALUES (59, 257022144, 'SF6_Akuma_Gouki_GamePlayTrailer_Multi_EN_ESRB_1080P_Steamstore', 'https://shared.akamai.steamstatic.com/store_item_assets/steam/apps/257022144/movie.293x165.jpg?t=1715314192', '{\"480\":\"https:\\/\\/video.akamai.steamstatic.com\\/store_trailers\\/257022144\\/movie480_vp9.webm?t=1715314192\",\"max\":\"https:\\/\\/video.akamai.steamstatic.com\\/store_trailers\\/257022144\\/movie_max_vp9.webm?t=1715314192\"}', '{\"480\":\"https:\\/\\/video.akamai.steamstatic.com\\/store_trailers\\/257022144\\/movie480.mp4?t=1715314192\",\"max\":\"https:\\/\\/video.akamai.steamstatic.com\\/store_trailers\\/257022144\\/movie_max.mp4?t=1715314192\"}', 'https://video.akamai.steamstatic.com/store_trailers/1364780/698292/6536a222130677297241cd85bd04b4c0054fcbe4/1750678590/dash_av1.mpd?t=1715314192', 'https://video.akamai.steamstatic.com/store_trailers/1364780/698292/6536a222130677297241cd85bd04b4c0054fcbe4/1750678590/dash_h264.mpd?t=1715314192', 'https://video.akamai.steamstatic.com/store_trailers/1364780/698292/6536a222130677297241cd85bd04b4c0054fcbe4/1750678590/hls_264_master.m3u8?t=1715314192', true, NOW(), NOW());
INSERT INTO game_media (game_id, media_id, name, thumbnail, webm, mp4, dash_av1, dash_h264, hls_h264, highlight, created_at, updated_at) VALUES (59, 257001257, 'SF6_Ed_GamePlay_Trailer_Multi_EN_ESRB_1080P_FIX_Steamstore', 'https://shared.akamai.steamstatic.com/store_item_assets/steam/apps/257001257/movie.293x165.jpg?t=1707970757', '{\"480\":\"https:\\/\\/video.akamai.steamstatic.com\\/store_trailers\\/257001257\\/movie480_vp9.webm?t=1707970757\",\"max\":\"https:\\/\\/video.akamai.steamstatic.com\\/store_trailers\\/257001257\\/movie_max_vp9.webm?t=1707970757\"}', '{\"480\":\"https:\\/\\/video.akamai.steamstatic.com\\/store_trailers\\/257001257\\/movie480.mp4?t=1707970757\",\"max\":\"https:\\/\\/video.akamai.steamstatic.com\\/store_trailers\\/257001257\\/movie_max.mp4?t=1707970757\"}', 'https://video.akamai.steamstatic.com/store_trailers/1364780/662837/d22be3a86610f1d763c367fbf6b4a2ff3839d188/1750678548/dash_av1.mpd?t=1707970757', 'https://video.akamai.steamstatic.com/store_trailers/1364780/662837/d22be3a86610f1d763c367fbf6b4a2ff3839d188/1750678548/dash_h264.mpd?t=1707970757', 'https://video.akamai.steamstatic.com/store_trailers/1364780/662837/d22be3a86610f1d763c367fbf6b4a2ff3839d188/1750678548/hls_264_master.m3u8?t=1707970757', true, NOW(), NOW());
INSERT INTO game_media (game_id, media_id, name, thumbnail, webm, mp4, dash_av1, dash_h264, hls_h264, highlight, created_at, updated_at) VALUES (59, 256984090, 'SF6_Outfit 3 Showcase Trailer EN', 'https://shared.akamai.steamstatic.com/store_item_assets/steam/apps/256984090/movie.293x165.jpg?t=1700629501', '{\"480\":\"https:\\/\\/video.akamai.steamstatic.com\\/store_trailers\\/256984090\\/movie480_vp9.webm?t=1700629501\",\"max\":\"https:\\/\\/video.akamai.steamstatic.com\\/store_trailers\\/256984090\\/movie_max_vp9.webm?t=1700629501\"}', '{\"480\":\"https:\\/\\/video.akamai.steamstatic.com\\/store_trailers\\/256984090\\/movie480.mp4?t=1700629501\",\"max\":\"https:\\/\\/video.akamai.steamstatic.com\\/store_trailers\\/256984090\\/movie_max.mp4?t=1700629501\"}', 'https://video.akamai.steamstatic.com/store_trailers/1364780/632323/9211b7bbd389c494f97554fe1d92c3487c3254cd/1750678517/dash_av1.mpd?t=1700629501', 'https://video.akamai.steamstatic.com/store_trailers/1364780/632323/9211b7bbd389c494f97554fe1d92c3487c3254cd/1750678517/dash_h264.mpd?t=1700629501', 'https://video.akamai.steamstatic.com/store_trailers/1364780/632323/9211b7bbd389c494f97554fe1d92c3487c3254cd/1750678517/hls_264_master.m3u8?t=1700629501', true, NOW(), NOW());
INSERT INTO game_media (game_id, media_id, name, thumbnail, webm, mp4, dash_av1, dash_h264, hls_h264, highlight, created_at, updated_at) VALUES (59, 256967189, 'SF6_AKI_GamePlay_Trailer_Multi_US_ESRB_1080P_FIX_Steamstore', 'https://shared.akamai.steamstatic.com/store_item_assets/steam/apps/256967189/movie.293x165.jpg?t=1693546089', '{\"480\":\"https:\\/\\/video.akamai.steamstatic.com\\/store_trailers\\/256967189\\/movie480_vp9.webm?t=1693546089\",\"max\":\"https:\\/\\/video.akamai.steamstatic.com\\/store_trailers\\/256967189\\/movie_max_vp9.webm?t=1693546089\"}', '{\"480\":\"https:\\/\\/video.akamai.steamstatic.com\\/store_trailers\\/256967189\\/movie480.mp4?t=1693546089\",\"max\":\"https:\\/\\/video.akamai.steamstatic.com\\/store_trailers\\/256967189\\/movie_max.mp4?t=1693546089\"}', 'https://video.akamai.steamstatic.com/store_trailers/1364780/603307/28263af8c5ade0b97c11ff48512046b71d9c7451/1750678500/dash_av1.mpd?t=1693546089', 'https://video.akamai.steamstatic.com/store_trailers/1364780/603307/28263af8c5ade0b97c11ff48512046b71d9c7451/1750678500/dash_h264.mpd?t=1693546089', 'https://video.akamai.steamstatic.com/store_trailers/1364780/603307/28263af8c5ade0b97c11ff48512046b71d9c7451/1750678500/hls_264_master.m3u8?t=1693546089', true, NOW(), NOW());
INSERT INTO game_media (game_id, media_id, name, thumbnail, webm, mp4, dash_av1, dash_h264, hls_h264, highlight, created_at, updated_at) VALUES (59, 256950421, 'SF6_Launch_AvailableNow_Multi_EN_1080p_FIX', 'https://shared.akamai.steamstatic.com/store_item_assets/steam/apps/256950421/movie.293x165.jpg?t=1685677608', '{\"480\":\"https:\\/\\/video.akamai.steamstatic.com\\/store_trailers\\/256950421\\/movie480_vp9.webm?t=1685677608\",\"max\":\"https:\\/\\/video.akamai.steamstatic.com\\/store_trailers\\/256950421\\/movie_max_vp9.webm?t=1685677608\"}', '{\"480\":\"https:\\/\\/video.akamai.steamstatic.com\\/store_trailers\\/256950421\\/movie480.mp4?t=1685677608\",\"max\":\"https:\\/\\/video.akamai.steamstatic.com\\/store_trailers\\/256950421\\/movie_max.mp4?t=1685677608\"}', 'https://video.akamai.steamstatic.com/store_trailers/1364780/574060/acace936344ec737668cb6d25eed6d71e171b451/1750678470/dash_av1.mpd?t=1685677608', 'https://video.akamai.steamstatic.com/store_trailers/1364780/574060/acace936344ec737668cb6d25eed6d71e171b451/1750678470/dash_h264.mpd?t=1685677608', 'https://video.akamai.steamstatic.com/store_trailers/1364780/574060/acace936344ec737668cb6d25eed6d71e171b451/1750678470/hls_264_master.m3u8?t=1685677608', true, NOW(), NOW());
INSERT INTO game_media (game_id, media_id, name, thumbnail, webm, mp4, dash_av1, dash_h264, hls_h264, highlight, created_at, updated_at) VALUES (59, 256948912, 'SF6_YourStoryTrailer_Multi_US_ESRB_1080P_FIX', 'https://shared.akamai.steamstatic.com/store_item_assets/steam/apps/256948912/movie.293x165.jpg?t=1684997450', '{\"480\":\"https:\\/\\/video.akamai.steamstatic.com\\/store_trailers\\/256948912\\/movie480_vp9.webm?t=1684997450\",\"max\":\"https:\\/\\/video.akamai.steamstatic.com\\/store_trailers\\/256948912\\/movie_max_vp9.webm?t=1684997450\"}', '{\"480\":\"https:\\/\\/video.akamai.steamstatic.com\\/store_trailers\\/256948912\\/movie480.mp4?t=1684997450\",\"max\":\"https:\\/\\/video.akamai.steamstatic.com\\/store_trailers\\/256948912\\/movie_max.mp4?t=1684997450\"}', 'https://video.akamai.steamstatic.com/store_trailers/1364780/571427/ca732568c715fec448b0c3efddcb04292746c194/1750678453/dash_av1.mpd?t=1684997450', 'https://video.akamai.steamstatic.com/store_trailers/1364780/571427/ca732568c715fec448b0c3efddcb04292746c194/1750678453/dash_h264.mpd?t=1684997450', 'https://video.akamai.steamstatic.com/store_trailers/1364780/571427/ca732568c715fec448b0c3efddcb04292746c194/1750678453/hls_264_master.m3u8?t=1684997450', true, NOW(), NOW());
INSERT INTO game_media (game_id, media_id, name, thumbnail, webm, mp4, dash_av1, dash_h264, hls_h264, highlight, created_at, updated_at) VALUES (59, 256942745, 'SF6_DemoAnnounceTrailer_Multi_US_ESRB_1080p_FIX', 'https://shared.akamai.steamstatic.com/store_item_assets/steam/apps/256942745/movie.293x165.jpg?t=1682309495', '{\"480\":\"https:\\/\\/video.akamai.steamstatic.com\\/store_trailers\\/256942745\\/movie480_vp9.webm?t=1682309495\",\"max\":\"https:\\/\\/video.akamai.steamstatic.com\\/store_trailers\\/256942745\\/movie_max_vp9.webm?t=1682309495\"}', '{\"480\":\"https:\\/\\/video.akamai.steamstatic.com\\/store_trailers\\/256942745\\/movie480.mp4?t=1682309495\",\"max\":\"https:\\/\\/video.akamai.steamstatic.com\\/store_trailers\\/256942745\\/movie_max.mp4?t=1682309495\"}', 'https://video.akamai.steamstatic.com/store_trailers/1364780/560623/db808adeeebd03e9e8d4bff477c7f39fbe5b1c1a/1750678447/dash_av1.mpd?t=1682309495', 'https://video.akamai.steamstatic.com/store_trailers/1364780/560623/db808adeeebd03e9e8d4bff477c7f39fbe5b1c1a/1750678447/dash_h264.mpd?t=1682309495', 'https://video.akamai.steamstatic.com/store_trailers/1364780/560623/db808adeeebd03e9e8d4bff477c7f39fbe5b1c1a/1750678447/hls_264_master.m3u8?t=1682309495', true, NOW(), NOW());
INSERT INTO game_media (game_id, media_id, name, thumbnail, webm, mp4, dash_av1, dash_h264, hls_h264, highlight, created_at, updated_at) VALUES (59, 256942372, 'SF6_WT_Gameplay&Avatar_Battle_Trailer_Multi_US_ESRB_1080p_FIX', 'https://shared.akamai.steamstatic.com/store_item_assets/steam/apps/256942372/movie.293x165.jpg?t=1682057217', '{\"480\":\"https:\\/\\/video.akamai.steamstatic.com\\/store_trailers\\/256942372\\/movie480_vp9.webm?t=1682057217\",\"max\":\"https:\\/\\/video.akamai.steamstatic.com\\/store_trailers\\/256942372\\/movie_max_vp9.webm?t=1682057217\"}', '{\"480\":\"https:\\/\\/video.akamai.steamstatic.com\\/store_trailers\\/256942372\\/movie480.mp4?t=1682057217\",\"max\":\"https:\\/\\/video.akamai.steamstatic.com\\/store_trailers\\/256942372\\/movie_max.mp4?t=1682057217\"}', 'https://video.akamai.steamstatic.com/store_trailers/1364780/559966/57016c9b2b92f82190afa8880b9bbbd1a60a9861/1750678441/dash_av1.mpd?t=1682057217', 'https://video.akamai.steamstatic.com/store_trailers/1364780/559966/57016c9b2b92f82190afa8880b9bbbd1a60a9861/1750678441/dash_h264.mpd?t=1682057217', 'https://video.akamai.steamstatic.com/store_trailers/1364780/559966/57016c9b2b92f82190afa8880b9bbbd1a60a9861/1750678441/hls_264_master.m3u8?t=1682057217', true, NOW(), NOW());
INSERT INTO game_media (game_id, media_id, name, thumbnail, webm, mp4, dash_av1, dash_h264, hls_h264, highlight, created_at, updated_at) VALUES (59, 256933399, 'SF6_Zangief&Lily&Cammy_Gameplay_Multi_US_ESRB_HD_FIX', 'https://shared.akamai.steamstatic.com/store_item_assets/steam/apps/256933399/movie.293x165.jpg?t=1677806681', '{\"480\":\"https:\\/\\/video.akamai.steamstatic.com\\/store_trailers\\/256933399\\/movie480_vp9.webm?t=1677806681\",\"max\":\"https:\\/\\/video.akamai.steamstatic.com\\/store_trailers\\/256933399\\/movie_max_vp9.webm?t=1677806681\"}', '{\"480\":\"https:\\/\\/video.akamai.steamstatic.com\\/store_trailers\\/256933399\\/movie480.mp4?t=1677806681\",\"max\":\"https:\\/\\/video.akamai.steamstatic.com\\/store_trailers\\/256933399\\/movie_max.mp4?t=1677806681\"}', 'https://video.akamai.steamstatic.com/store_trailers/1364780/544043/7353affbe625521b31f567b6a8eb04ffbf1c19c5/1750678409/dash_av1.mpd?t=1677806681', 'https://video.akamai.steamstatic.com/store_trailers/1364780/544043/7353affbe625521b31f567b6a8eb04ffbf1c19c5/1750678409/dash_h264.mpd?t=1677806681', 'https://video.akamai.steamstatic.com/store_trailers/1364780/544043/7353affbe625521b31f567b6a8eb04ffbf1c19c5/1750678409/hls_264_master.m3u8?t=1677806681', true, NOW(), NOW());
INSERT INTO game_media (game_id, media_id, name, thumbnail, webm, mp4, dash_av1, dash_h264, hls_h264, highlight, created_at, updated_at) VALUES (59, 256920197, 'SF6_Pre-Order_Trailer_Multi_US_ESRB_1080P_FIX_Steamstore', 'https://shared.akamai.steamstatic.com/store_item_assets/steam/apps/256920197/movie.293x165.jpg?t=1670565024', '{\"480\":\"https:\\/\\/video.akamai.steamstatic.com\\/store_trailers\\/256920197\\/movie480_vp9.webm?t=1670565024\",\"max\":\"https:\\/\\/video.akamai.steamstatic.com\\/store_trailers\\/256920197\\/movie_max_vp9.webm?t=1670565024\"}', '{\"480\":\"https:\\/\\/video.akamai.steamstatic.com\\/store_trailers\\/256920197\\/movie480.mp4?t=1670565024\",\"max\":\"https:\\/\\/video.akamai.steamstatic.com\\/store_trailers\\/256920197\\/movie_max.mp4?t=1670565024\"}', 'https://video.akamai.steamstatic.com/store_trailers/1364780/520586/caead12cbf7ac5eaff843844fe5926f0745d0c86/1750678399/dash_av1.mpd?t=1670565024', 'https://video.akamai.steamstatic.com/store_trailers/1364780/520586/caead12cbf7ac5eaff843844fe5926f0745d0c86/1750678399/dash_h264.mpd?t=1670565024', 'https://video.akamai.steamstatic.com/store_trailers/1364780/520586/caead12cbf7ac5eaff843844fe5926f0745d0c86/1750678399/hls_264_master.m3u8?t=1670565024', true, NOW(), NOW());
INSERT INTO game_media (game_id, media_id, name, thumbnail, webm, mp4, dash_av1, dash_h264, hls_h264, highlight, created_at, updated_at) VALUES (59, 256920209, 'SF6_GameModeOverview_Trailer_Multi_US_ESRB_1080P_FIX_Steamstore', 'https://shared.akamai.steamstatic.com/store_item_assets/steam/apps/256920209/movie.293x165.jpg?t=1670565034', '{\"480\":\"https:\\/\\/video.akamai.steamstatic.com\\/store_trailers\\/256920209\\/movie480_vp9.webm?t=1670565034\",\"max\":\"https:\\/\\/video.akamai.steamstatic.com\\/store_trailers\\/256920209\\/movie_max_vp9.webm?t=1670565034\"}', '{\"480\":\"https:\\/\\/video.akamai.steamstatic.com\\/store_trailers\\/256920209\\/movie480.mp4?t=1670565034\",\"max\":\"https:\\/\\/video.akamai.steamstatic.com\\/store_trailers\\/256920209\\/movie_max.mp4?t=1670565034\"}', 'https://video.akamai.steamstatic.com/store_trailers/1364780/520599/9d8950fa6484a0386ff6339b98f2fba2979f9da9/1750678406/dash_av1.mpd?t=1670565034', 'https://video.akamai.steamstatic.com/store_trailers/1364780/520599/9d8950fa6484a0386ff6339b98f2fba2979f9da9/1750678406/dash_h264.mpd?t=1670565034', 'https://video.akamai.steamstatic.com/store_trailers/1364780/520599/9d8950fa6484a0386ff6339b98f2fba2979f9da9/1750678406/hls_264_master.m3u8?t=1670565034', true, NOW(), NOW());
INSERT INTO game_category (game_id, category_id, created_at, updated_at) VALUES (59, 39, NOW(), NOW());
INSERT INTO game_category (game_id, category_id, created_at, updated_at) VALUES (59, 24, NOW(), NOW());
INSERT INTO game_category (game_id, category_id, created_at, updated_at) VALUES (59, 30, NOW(), NOW());
INSERT INTO game_category (game_id, category_id, created_at, updated_at) VALUES (59, 27, NOW(), NOW());
INSERT INTO game_category (game_id, category_id, created_at, updated_at) VALUES (59, 38, NOW(), NOW());
INSERT INTO game_category (game_id, category_id, created_at, updated_at) VALUES (59, 36, NOW(), NOW());
INSERT INTO game_category (game_id, category_id, created_at, updated_at) VALUES (59, 10, NOW(), NOW());
INSERT INTO game_category (game_id, category_id, created_at, updated_at) VALUES (59, 41, NOW(), NOW());
INSERT INTO game_category (game_id, category_id, created_at, updated_at) VALUES (59, 45, NOW(), NOW());
INSERT INTO game_category (game_id, category_id, created_at, updated_at) VALUES (59, 16, NOW(), NOW());
INSERT INTO game_category (game_id, category_id, created_at, updated_at) VALUES (59, 3, NOW(), NOW());
INSERT INTO game_category (game_id, category_id, created_at, updated_at) VALUES (59, 11, NOW(), NOW());
INSERT INTO game_category (game_id, category_id, created_at, updated_at) VALUES (59, 1, NOW(), NOW());
INSERT INTO game_category (game_id, category_id, created_at, updated_at) VALUES (59, 19, NOW(), NOW());
INSERT INTO game_category (game_id, category_id, created_at, updated_at) VALUES (59, 35, NOW(), NOW());
INSERT INTO game_category (game_id, category_id, created_at, updated_at) VALUES (59, 49, NOW(), NOW());
INSERT INTO game_category (game_id, category_id, created_at, updated_at) VALUES (59, 51, NOW(), NOW());
INSERT INTO game_category (game_id, category_id, created_at, updated_at) VALUES (59, 28, NOW(), NOW());
INSERT INTO game_category (game_id, category_id, created_at, updated_at) VALUES (59, 42, NOW(), NOW());
INSERT INTO game_category (game_id, category_id, created_at, updated_at) VALUES (59, 12, NOW(), NOW());
INSERT INTO game_genre (game_id, genre_id, created_at, updated_at) VALUES (59, 1, NOW(), NOW());
INSERT INTO game_genre (game_id, genre_id, created_at, updated_at) VALUES (59, 2, NOW(), NOW());
INSERT INTO game_developer (game_id, developer_id, created_at, updated_at) VALUES (59, 17, NOW(), NOW());
INSERT INTO game_publisher (game_id, publisher_id, created_at, updated_at) VALUES (59, 16, NOW(), NOW());

-- Game #60: Palworld
INSERT INTO games (id, steam_id, name, type, slug, short_description, required_age, is_free, have_dlc, icon, supported_languages, release_date, coming_soon, recommendations, achievements_count, positive_reviews, negative_reviews, total_reviews, positive_ratio, content_descriptors, is_active, created_at, updated_at) VALUES (60, 1623730, 'Palworld', 'game', 'palworld', 'Fight, farm, build and work alongside mysterious creatures called &quot;Pals&quot; in this completely new multiplayer, open world survival and crafting game!', 0, false, true, 'https://shared.akamai.steamstatic.com/store_item_assets/steam/apps/1623730/058bd87dc17a7179e07c446aa64d0574ca43ab9d/header.jpg?t=1760634660', '[\"English\",\"Simplified Chinese\",\"Traditional Chinese\",\"Japanese\",\"French\",\"Italian\",\"German\",\"Spanish - Spain\",\"Portuguese - Brazil\",\"Russian\",\"Korean\",\"Indonesian\",\"Spanish - Latin America\",\"Thai\",\"Turkish\",\"Vietnamese\",\"Polish\"]', '2024-01-18', false, 336128, 56, 245, 55, 300, 0.817, '{\"ids\":[],\"notes\":null}', true, NOW(), NOW());
INSERT INTO game_platforms (game_id, windows, mac, linux, created_at, updated_at) VALUES (60, true, false, false, NOW(), NOW());
INSERT INTO game_requirements (game_id, pc_requirements, mac_requirements, linux_requirements, created_at, updated_at) VALUES (60, 'Minimum: Requires a 64-bit processor and operating system OS: Windows 10 or later (64-Bit) Processor: i5-3570K 3.4 GHz 4 Core Memory: 16 GB RAM Graphics: GeForce GTX 1050 (2GB) DirectX: Version 11 Network: Broadband Internet connection Storage: 40 GB available space Additional Notes: Internet connection required for multiplayer. SSD required.', 'Minimum:', 'Minimum:', NOW(), NOW());
INSERT INTO game_community_ratings (game_id, toxicity_rate, cheater_rate, bug_rate, microtransaction_rate, bad_optimization_rate, not_recommended_rate, created_at, updated_at) VALUES (60, 0.014, 0.027, 0.006, 0.005, 0.009, 0.055, NOW(), NOW());
INSERT INTO game_media (game_id, media_id, name, thumbnail, webm, mp4, dash_av1, dash_h264, hls_h264, highlight, created_at, updated_at) VALUES (60, 257161157, 'Tides of Terraria Update Gameplay Trailer', 'https://shared.akamai.steamstatic.com/store_item_assets/steam/apps/257161157/cc767bd10cc47563631ab24e71ed811ac2f4d4e0/movie_600x337.jpg?t=1752129517', '{\"480\":\"https:\\/\\/video.akamai.steamstatic.com\\/store_trailers\\/257161157\\/movie480_vp9.webm?t=1752129517\",\"max\":\"https:\\/\\/video.akamai.steamstatic.com\\/store_trailers\\/257161157\\/movie_max_vp9.webm?t=1752129517\"}', '{\"480\":\"https:\\/\\/video.akamai.steamstatic.com\\/store_trailers\\/257161157\\/movie480.mp4?t=1752129517\",\"max\":\"https:\\/\\/video.akamai.steamstatic.com\\/store_trailers\\/257161157\\/movie_max.mp4?t=1752129517\"}', 'https://video.akamai.steamstatic.com/store_trailers/1623730/113039709/3b5ebaedd8250085a582f5078ba2f873d868f6ed/1750822061/dash_av1.mpd?t=1752129517', 'https://video.akamai.steamstatic.com/store_trailers/1623730/113039709/3b5ebaedd8250085a582f5078ba2f873d868f6ed/1750822061/dash_h264.mpd?t=1752129517', 'https://video.akamai.steamstatic.com/store_trailers/1623730/113039709/3b5ebaedd8250085a582f5078ba2f873d868f6ed/1750822061/hls_264_master.m3u8?t=1752129517', true, NOW(), NOW());
INSERT INTO game_media (game_id, media_id, name, thumbnail, webm, mp4, dash_av1, dash_h264, hls_h264, highlight, created_at, updated_at) VALUES (60, 257161175, 'Tides of Terraria Update Animated Trailer', 'https://shared.akamai.steamstatic.com/store_item_assets/steam/apps/257161175/a12b3e9f2221dac87bef2c8ed96396ba1b29f0fd/movie_600x337.jpg?t=1752129520', '{\"480\":\"https:\\/\\/video.akamai.steamstatic.com\\/store_trailers\\/257161175\\/movie480_vp9.webm?t=1752129520\",\"max\":\"https:\\/\\/video.akamai.steamstatic.com\\/store_trailers\\/257161175\\/movie_max_vp9.webm?t=1752129520\"}', '{\"480\":\"https:\\/\\/video.akamai.steamstatic.com\\/store_trailers\\/257161175\\/movie480.mp4?t=1752129520\",\"max\":\"https:\\/\\/video.akamai.steamstatic.com\\/store_trailers\\/257161175\\/movie_max.mp4?t=1752129520\"}', 'https://video.akamai.steamstatic.com/store_trailers/1623730/2054858553/d98e0331eca85c894786a7ab23410ac6e23c9f53/1750825249/dash_av1.mpd?t=1752129520', 'https://video.akamai.steamstatic.com/store_trailers/1623730/2054858553/d98e0331eca85c894786a7ab23410ac6e23c9f53/1750825249/dash_h264.mpd?t=1752129520', 'https://video.akamai.steamstatic.com/store_trailers/1623730/2054858553/d98e0331eca85c894786a7ab23410ac6e23c9f53/1750825249/hls_264_master.m3u8?t=1752129520', true, NOW(), NOW());
INSERT INTO game_media (game_id, media_id, name, thumbnail, webm, mp4, dash_av1, dash_h264, hls_h264, highlight, created_at, updated_at) VALUES (60, 257063169, 'Launch Trailer', 'https://shared.akamai.steamstatic.com/store_item_assets/steam/apps/257063169/084395342751e9a744618965356e900873d6c193/movie_600x337.jpg?t=1728458616', '{\"480\":\"https:\\/\\/video.akamai.steamstatic.com\\/store_trailers\\/257063169\\/movie480_vp9.webm?t=1728458616\",\"max\":\"https:\\/\\/video.akamai.steamstatic.com\\/store_trailers\\/257063169\\/movie_max_vp9.webm?t=1728458616\"}', '{\"480\":\"https:\\/\\/video.akamai.steamstatic.com\\/store_trailers\\/257063169\\/movie480.mp4?t=1728458616\",\"max\":\"https:\\/\\/video.akamai.steamstatic.com\\/store_trailers\\/257063169\\/movie_max.mp4?t=1728458616\"}', 'https://video.akamai.steamstatic.com/store_trailers/1623730/768837/5e54f7d3b933b9502af38e537eb0194ea59b2f5d/1750714359/dash_av1.mpd?t=1728458616', 'https://video.akamai.steamstatic.com/store_trailers/1623730/768837/5e54f7d3b933b9502af38e537eb0194ea59b2f5d/1750714359/dash_h264.mpd?t=1728458616', 'https://video.akamai.steamstatic.com/store_trailers/1623730/768837/5e54f7d3b933b9502af38e537eb0194ea59b2f5d/1750714359/hls_264_master.m3u8?t=1728458616', true, NOW(), NOW());
INSERT INTO game_media (game_id, media_id, name, thumbnail, webm, mp4, dash_av1, dash_h264, hls_h264, highlight, created_at, updated_at) VALUES (60, 257116171, 'Crossplay Update Trailer', 'https://shared.akamai.steamstatic.com/store_item_assets/steam/apps/257116171/020d45e20977a67f130f3dba3775bdbba6f67f8d/movie_600x337.jpg?t=1742355752', '{\"480\":\"https:\\/\\/video.akamai.steamstatic.com\\/store_trailers\\/257116171\\/movie480_vp9.webm?t=1742355752\",\"max\":\"https:\\/\\/video.akamai.steamstatic.com\\/store_trailers\\/257116171\\/movie_max_vp9.webm?t=1742355752\"}', '{\"480\":\"https:\\/\\/video.akamai.steamstatic.com\\/store_trailers\\/257116171\\/movie480.mp4?t=1742355752\",\"max\":\"https:\\/\\/video.akamai.steamstatic.com\\/store_trailers\\/257116171\\/movie_max.mp4?t=1742355752\"}', 'https://video.akamai.steamstatic.com/store_trailers/1623730/853877/0b3541567a390e2ea8de35a042312d70252b99fd/1750713071/dash_av1.mpd?t=1742355752', 'https://video.akamai.steamstatic.com/store_trailers/1623730/853877/0b3541567a390e2ea8de35a042312d70252b99fd/1750713071/dash_h264.mpd?t=1742355752', 'https://video.akamai.steamstatic.com/store_trailers/1623730/853877/0b3541567a390e2ea8de35a042312d70252b99fd/1750713071/hls_264_master.m3u8?t=1742355752', true, NOW(), NOW());
INSERT INTO game_media (game_id, media_id, name, thumbnail, webm, mp4, dash_av1, dash_h264, hls_h264, highlight, created_at, updated_at) VALUES (60, 257084290, 'Feybreak Update Gameplay Trailer', 'https://shared.akamai.steamstatic.com/store_item_assets/steam/apps/257084290/d2034ce374c86510a85b80461871c25e31d733f2/movie_600x337.jpg?t=1734923381', '{\"480\":\"https:\\/\\/video.akamai.steamstatic.com\\/store_trailers\\/257084290\\/movie480_vp9.webm?t=1734923381\",\"max\":\"https:\\/\\/video.akamai.steamstatic.com\\/store_trailers\\/257084290\\/movie_max_vp9.webm?t=1734923381\"}', '{\"480\":\"https:\\/\\/video.akamai.steamstatic.com\\/store_trailers\\/257084290\\/movie480.mp4?t=1734923381\",\"max\":\"https:\\/\\/video.akamai.steamstatic.com\\/store_trailers\\/257084290\\/movie_max.mp4?t=1734923381\"}', 'https://video.akamai.steamstatic.com/store_trailers/1623730/803622/efb8664ba990a6e3e7283c3ca580a633db0857a1/1750713071/dash_av1.mpd?t=1734923381', 'https://video.akamai.steamstatic.com/store_trailers/1623730/803622/efb8664ba990a6e3e7283c3ca580a633db0857a1/1750713071/dash_h264.mpd?t=1734923381', 'https://video.akamai.steamstatic.com/store_trailers/1623730/803622/efb8664ba990a6e3e7283c3ca580a633db0857a1/1750713071/hls_264_master.m3u8?t=1734923381', true, NOW(), NOW());
INSERT INTO game_media (game_id, media_id, name, thumbnail, webm, mp4, dash_av1, dash_h264, hls_h264, highlight, created_at, updated_at) VALUES (60, 257081688, 'Feybreak Update Trailer', 'https://shared.akamai.steamstatic.com/store_item_assets/steam/apps/257081688/d0587b8499f16e5b11bf31b40567d67bee2c4a7a/movie_600x337.jpg?t=1734057263', '{\"480\":\"https:\\/\\/video.akamai.steamstatic.com\\/store_trailers\\/257081688\\/movie480_vp9.webm?t=1734057263\",\"max\":\"https:\\/\\/video.akamai.steamstatic.com\\/store_trailers\\/257081688\\/movie_max_vp9.webm?t=1734057263\"}', '{\"480\":\"https:\\/\\/video.akamai.steamstatic.com\\/store_trailers\\/257081688\\/movie480.mp4?t=1734057263\",\"max\":\"https:\\/\\/video.akamai.steamstatic.com\\/store_trailers\\/257081688\\/movie_max.mp4?t=1734057263\"}', 'https://video.akamai.steamstatic.com/store_trailers/1623730/799437/c72c385ef4d87edb6fa06154d6779149a201d517/1750713055/dash_av1.mpd?t=1734057263', 'https://video.akamai.steamstatic.com/store_trailers/1623730/799437/c72c385ef4d87edb6fa06154d6779149a201d517/1750713055/dash_h264.mpd?t=1734057263', 'https://video.akamai.steamstatic.com/store_trailers/1623730/799437/c72c385ef4d87edb6fa06154d6779149a201d517/1750713055/hls_264_master.m3u8?t=1734057263', true, NOW(), NOW());
INSERT INTO game_media (game_id, media_id, name, thumbnail, webm, mp4, dash_av1, dash_h264, hls_h264, highlight, created_at, updated_at) VALUES (60, 257034169, 'Sakurajima Update Trailer', 'https://shared.akamai.steamstatic.com/store_item_assets/steam/apps/257034169/movie.293x165.jpg?t=1728458620', '{\"480\":\"https:\\/\\/video.akamai.steamstatic.com\\/store_trailers\\/257034169\\/movie480_vp9.webm?t=1728458620\",\"max\":\"https:\\/\\/video.akamai.steamstatic.com\\/store_trailers\\/257034169\\/movie_max_vp9.webm?t=1728458620\"}', '{\"480\":\"https:\\/\\/video.akamai.steamstatic.com\\/store_trailers\\/257034169\\/movie480.mp4?t=1728458620\",\"max\":\"https:\\/\\/video.akamai.steamstatic.com\\/store_trailers\\/257034169\\/movie_max.mp4?t=1728458620\"}', 'https://video.akamai.steamstatic.com/store_trailers/1623730/719243/57058b338fc07dbd2ed0ba42430f1a5be234893b/1750713045/dash_av1.mpd?t=1728458620', 'https://video.akamai.steamstatic.com/store_trailers/1623730/719243/57058b338fc07dbd2ed0ba42430f1a5be234893b/1750713045/dash_h264.mpd?t=1728458620', 'https://video.akamai.steamstatic.com/store_trailers/1623730/719243/57058b338fc07dbd2ed0ba42430f1a5be234893b/1750713045/hls_264_master.m3u8?t=1728458620', true, NOW(), NOW());
INSERT INTO game_category (game_id, category_id, created_at, updated_at) VALUES (60, 39, NOW(), NOW());
INSERT INTO game_category (game_id, category_id, created_at, updated_at) VALUES (60, 24, NOW(), NOW());
INSERT INTO game_category (game_id, category_id, created_at, updated_at) VALUES (60, 7, NOW(), NOW());
INSERT INTO game_category (game_id, category_id, created_at, updated_at) VALUES (60, 26, NOW(), NOW());
INSERT INTO game_category (game_id, category_id, created_at, updated_at) VALUES (60, 10, NOW(), NOW());
INSERT INTO game_category (game_id, category_id, created_at, updated_at) VALUES (60, 41, NOW(), NOW());
INSERT INTO game_category (game_id, category_id, created_at, updated_at) VALUES (60, 13, NOW(), NOW());
INSERT INTO game_category (game_id, category_id, created_at, updated_at) VALUES (60, 42, NOW(), NOW());
INSERT INTO game_category (game_id, category_id, created_at, updated_at) VALUES (60, 12, NOW(), NOW());
INSERT INTO game_genre (game_id, genre_id, created_at, updated_at) VALUES (60, 1, NOW(), NOW());
INSERT INTO game_genre (game_id, genre_id, created_at, updated_at) VALUES (60, 2, NOW(), NOW());
INSERT INTO game_genre (game_id, genre_id, created_at, updated_at) VALUES (60, 11, NOW(), NOW());
INSERT INTO game_genre (game_id, genre_id, created_at, updated_at) VALUES (60, 14, NOW(), NOW());
INSERT INTO game_genre (game_id, genre_id, created_at, updated_at) VALUES (60, 7, NOW(), NOW());
INSERT INTO game_developer (game_id, developer_id, created_at, updated_at) VALUES (60, 76, NOW(), NOW());
INSERT INTO game_publisher (game_id, publisher_id, created_at, updated_at) VALUES (60, 60, NOW(), NOW());

-- Game #61: Borderlands 4
INSERT INTO games (id, steam_id, name, type, slug, short_description, required_age, is_free, have_dlc, icon, supported_languages, release_date, coming_soon, recommendations, achievements_count, positive_reviews, negative_reviews, total_reviews, positive_ratio, content_descriptors, is_active, created_at, updated_at) VALUES (61, 1285190, 'Borderlands 4', 'game', 'borderlands-4', 'Borderlands 4 is a mayhem-fueled looter shooter, jam-packed with billions of weapons, deadly enemies, and intense co-op action. Break free from a dangerous hidden planet as one of four new badass Vault Hunters.', 17, false, true, 'https://shared.akamai.steamstatic.com/store_item_assets/steam/apps/1285190/986a88d1b0e1420b00183def2a7034508353afa3/header.jpg?t=1761055619', '[\"English *\",\"French *\",\"Italian *\",\"German *\",\"Spanish - Spain *\",\"Japanese *\",\"Korean *\",\"Portuguese - Brazil\",\"Russian\",\"Simplified Chinese *\",\"Thai\",\"Traditional Chinese\",\"Polish\",\"Spanish - Latin America * languages with full audio support\"]', '2025-09-11', false, 46933, 35, 31, 269, 300, 0.103, '{\"ids\":[1,2,5],\"notes\":\"This Game may contain content not appropriate for all ages, or may not be appropriate for viewing at work: Intense Violence or Gore, Suggestive Themes, Strong Language, General Mature Content.\\r\\n\"}', true, NOW(), NOW());
INSERT INTO game_platforms (game_id, windows, mac, linux, created_at, updated_at) VALUES (61, true, false, false, NOW(), NOW());
INSERT INTO game_requirements (game_id, pc_requirements, mac_requirements, linux_requirements, created_at, updated_at) VALUES (61, 'Minimum: Requires a 64-bit processor and operating system OS: Windows 10 / Windows 11 Processor: Intel Core i7-9700 / AMD Ryzen 7 2700X Memory: 16 GB RAM Graphics: NVIDIA GeForce RTX 2070 / AMD Radeon RX 5700 XT / Intel Arc A580 Storage: 100 GB available space Additional Notes: Requires a 64-bit processor and operating system. Requires 8 CPU Cores for processor. Requires 8 GB VRAM for graphics. SSD storage required', 'Minimum:', 'Minimum:', NOW(), NOW());
INSERT INTO game_community_ratings (game_id, toxicity_rate, cheater_rate, bug_rate, microtransaction_rate, bad_optimization_rate, not_recommended_rate, created_at, updated_at) VALUES (61, 0.053, 0.055, 0.294, 0.017, 0.375, 0.237, NOW(), NOW());
INSERT INTO game_media (game_id, media_id, name, thumbnail, webm, mp4, dash_av1, dash_h264, hls_h264, highlight, created_at, updated_at) VALUES (61, 257195810, 'Release Date (Launch) - EN - ESRB', 'https://shared.akamai.steamstatic.com/store_item_assets/steam/apps/257195810/ae5e709f911eba3a2704a18301714c71235545bc/movie_600x337.jpg?t=1757606412', '{\"480\":\"https:\\/\\/video.akamai.steamstatic.com\\/store_trailers\\/257195810\\/movie480_vp9.webm?t=1757606412\",\"max\":\"https:\\/\\/video.akamai.steamstatic.com\\/store_trailers\\/257195810\\/movie_max_vp9.webm?t=1757606412\"}', '{\"480\":\"https:\\/\\/video.akamai.steamstatic.com\\/store_trailers\\/257195810\\/movie480.mp4?t=1757606412\",\"max\":\"https:\\/\\/video.akamai.steamstatic.com\\/store_trailers\\/257195810\\/movie_max.mp4?t=1757606412\"}', 'https://video.akamai.steamstatic.com/store_trailers/1285190/1931701200/4cc3f7acfab9165174d5d21cd4e3a73291cfbc1e/1757529184/dash_av1.mpd?t=1757606412', 'https://video.akamai.steamstatic.com/store_trailers/1285190/1931701200/4cc3f7acfab9165174d5d21cd4e3a73291cfbc1e/1757529184/dash_h264.mpd?t=1757606412', 'https://video.akamai.steamstatic.com/store_trailers/1285190/1931701200/4cc3f7acfab9165174d5d21cd4e3a73291cfbc1e/1757529184/hls_264_master.m3u8?t=1757606412', true, NOW(), NOW());
INSERT INTO game_media (game_id, media_id, name, thumbnail, webm, mp4, dash_av1, dash_h264, hls_h264, highlight, created_at, updated_at) VALUES (61, 257197026, 'Sizzle (Launch) - EN - ESRB', 'https://shared.akamai.steamstatic.com/store_item_assets/steam/apps/257197026/609a5fff313e1dd32ea3f59d18605765d2c18f8f/movie_600x337.jpg?t=1757715521', '{\"480\":\"https:\\/\\/video.akamai.steamstatic.com\\/store_trailers\\/257197026\\/movie480_vp9.webm?t=1757715521\",\"max\":\"https:\\/\\/video.akamai.steamstatic.com\\/store_trailers\\/257197026\\/movie_max_vp9.webm?t=1757715521\"}', '{\"480\":\"https:\\/\\/video.akamai.steamstatic.com\\/store_trailers\\/257197026\\/movie480.mp4?t=1757715521\",\"max\":\"https:\\/\\/video.akamai.steamstatic.com\\/store_trailers\\/257197026\\/movie_max.mp4?t=1757715521\"}', 'https://video.akamai.steamstatic.com/store_trailers/1285190/1635934328/0bd0b843e1da3acd9dbfa25fff07d06b8a44c964/1757709841/dash_av1.mpd?t=1757715521', 'https://video.akamai.steamstatic.com/store_trailers/1285190/1635934328/0bd0b843e1da3acd9dbfa25fff07d06b8a44c964/1757709841/dash_h264.mpd?t=1757715521', 'https://video.akamai.steamstatic.com/store_trailers/1285190/1635934328/0bd0b843e1da3acd9dbfa25fff07d06b8a44c964/1757709841/hls_264_master.m3u8?t=1757715521', true, NOW(), NOW());
INSERT INTO game_media (game_id, media_id, name, thumbnail, webm, mp4, dash_av1, dash_h264, hls_h264, highlight, created_at, updated_at) VALUES (61, 257195809, 'Story Trailer (Launch) - EN - ESRB', 'https://shared.akamai.steamstatic.com/store_item_assets/steam/apps/257195809/f28d5e825d9cc5d92a489ec52dff7270dcdb9e90/movie_600x337.jpg?t=1757606415', '{\"480\":\"https:\\/\\/video.akamai.steamstatic.com\\/store_trailers\\/257195809\\/movie480_vp9.webm?t=1757606415\",\"max\":\"https:\\/\\/video.akamai.steamstatic.com\\/store_trailers\\/257195809\\/movie_max_vp9.webm?t=1757606415\"}', '{\"480\":\"https:\\/\\/video.akamai.steamstatic.com\\/store_trailers\\/257195809\\/movie480.mp4?t=1757606415\",\"max\":\"https:\\/\\/video.akamai.steamstatic.com\\/store_trailers\\/257195809\\/movie_max.mp4?t=1757606415\"}', 'https://video.akamai.steamstatic.com/store_trailers/1285190/968586574/df1971cbd62f3d295ea0f80146bb7334476898d2/1757529179/dash_av1.mpd?t=1757606415', 'https://video.akamai.steamstatic.com/store_trailers/1285190/968586574/df1971cbd62f3d295ea0f80146bb7334476898d2/1757529179/dash_h264.mpd?t=1757606415', 'https://video.akamai.steamstatic.com/store_trailers/1285190/968586574/df1971cbd62f3d295ea0f80146bb7334476898d2/1757529179/hls_264_master.m3u8?t=1757606415', true, NOW(), NOW());
INSERT INTO game_category (game_id, category_id, created_at, updated_at) VALUES (61, 39, NOW(), NOW());
INSERT INTO game_category (game_id, category_id, created_at, updated_at) VALUES (61, 24, NOW(), NOW());
INSERT INTO game_category (game_id, category_id, created_at, updated_at) VALUES (61, 7, NOW(), NOW());
INSERT INTO game_category (game_id, category_id, created_at, updated_at) VALUES (61, 26, NOW(), NOW());
INSERT INTO game_category (game_id, category_id, created_at, updated_at) VALUES (61, 10, NOW(), NOW());
INSERT INTO game_category (game_id, category_id, created_at, updated_at) VALUES (61, 41, NOW(), NOW());
INSERT INTO game_category (game_id, category_id, created_at, updated_at) VALUES (61, 2, NOW(), NOW());
INSERT INTO game_category (game_id, category_id, created_at, updated_at) VALUES (61, 3, NOW(), NOW());
INSERT INTO game_category (game_id, category_id, created_at, updated_at) VALUES (61, 8, NOW(), NOW());
INSERT INTO game_category (game_id, category_id, created_at, updated_at) VALUES (61, 11, NOW(), NOW());
INSERT INTO game_category (game_id, category_id, created_at, updated_at) VALUES (61, 1, NOW(), NOW());
INSERT INTO game_category (game_id, category_id, created_at, updated_at) VALUES (61, 35, NOW(), NOW());
INSERT INTO game_category (game_id, category_id, created_at, updated_at) VALUES (61, 49, NOW(), NOW());
INSERT INTO game_category (game_id, category_id, created_at, updated_at) VALUES (61, 50, NOW(), NOW());
INSERT INTO game_category (game_id, category_id, created_at, updated_at) VALUES (61, 51, NOW(), NOW());
INSERT INTO game_category (game_id, category_id, created_at, updated_at) VALUES (61, 28, NOW(), NOW());
INSERT INTO game_category (game_id, category_id, created_at, updated_at) VALUES (61, 12, NOW(), NOW());
INSERT INTO game_genre (game_id, genre_id, created_at, updated_at) VALUES (61, 1, NOW(), NOW());
INSERT INTO game_genre (game_id, genre_id, created_at, updated_at) VALUES (61, 2, NOW(), NOW());
INSERT INTO game_genre (game_id, genre_id, created_at, updated_at) VALUES (61, 14, NOW(), NOW());
INSERT INTO game_developer (game_id, developer_id, created_at, updated_at) VALUES (61, 45, NOW(), NOW());
INSERT INTO game_publisher (game_id, publisher_id, created_at, updated_at) VALUES (61, 1, NOW(), NOW());

-- Game #62: Project Zomboid
INSERT INTO games (id, steam_id, name, type, slug, short_description, required_age, is_free, have_dlc, icon, supported_languages, release_date, coming_soon, recommendations, achievements_count, positive_reviews, negative_reviews, total_reviews, positive_ratio, content_descriptors, is_active, created_at, updated_at) VALUES (62, 108600, 'Project Zomboid', 'game', 'project-zomboid', 'Project Zomboid is the ultimate in zombie survival. Alone or in MP: you loot, build, craft, fight, farm and fish in a struggle to survive. A hardcore RPG skillset, a vast map, massively customisable sandbox and a cute tutorial raccoon await the unwary. So how will you die? All it takes is a bite..', 0, false, false, 'https://shared.akamai.steamstatic.com/store_item_assets/steam/apps/108600/header.jpg?t=1739309087', '[\"English\",\"French\",\"Italian\",\"German\",\"Spanish - Spain\",\"Danish\",\"Dutch\",\"Hungarian\",\"Norwegian\",\"Polish\",\"Portuguese - Portugal\",\"Russian\",\"Turkish\",\"Japanese\",\"Simplified Chinese\",\"Portuguese - Brazil\",\"Finnish\",\"Korean\",\"Thai\",\"Traditional Chinese\",\"Ukrainian\"]', '2013-11-08', false, 305491, 0, 159, 141, 300, 0.53, '{\"ids\":[2,5],\"notes\":null}', true, NOW(), NOW());
INSERT INTO game_platforms (game_id, windows, mac, linux, created_at, updated_at) VALUES (62, true, true, true, NOW(), NOW());
INSERT INTO game_requirements (game_id, pc_requirements, mac_requirements, linux_requirements, created_at, updated_at) VALUES (62, 'OS: Windows 10, 64 Bit 64bit OS required Processor: Intel 2.77GHz Quad-core Memory: 8Gb Ram Hard Disk Space: 5gig Video Card: Dedicated graphics card with 2 GB of RAM minimum, OpenGL 2.1 and GLSL 1.2 support (generally 2012 or newer) Sound: FMOD compatible sound card', 'OS: OS X 10.15, or later. Processor: Intel x86 (M1/M2 not supported at this time) 64bit OS required Memory: 8Gb Ram Hard Disk Space: 5gig Video Card: AMD or Intel Integrated (nVidia on Mac not compatible) Sound: FMOD compatible sound card', 'Processor: Intel 2.77GHz Quad-core Ubuntu LTS 16.04/Steam Machine. Requires Libgcc 6 or higher Memory: 8Gb Ram Hard Disk Space: 5gig Video Card: Dedicated graphics card with 2 GB of RAM minimum, OpenGL 2.1 and GLSL 1.2 support (generally 2012 or newer) Sound: FMOD compatible sound card', NOW(), NOW());
INSERT INTO game_community_ratings (game_id, toxicity_rate, cheater_rate, bug_rate, microtransaction_rate, bad_optimization_rate, not_recommended_rate, created_at, updated_at) VALUES (62, 0.07, 0.061, 0.036, 0.006, 0.054, 0.113, NOW(), NOW());
INSERT INTO game_media (game_id, media_id, name, thumbnail, webm, mp4, dash_av1, dash_h264, hls_h264, highlight, created_at, updated_at) VALUES (62, 256865885, '41 Zomboid Trailer', 'https://shared.akamai.steamstatic.com/store_item_assets/steam/apps/256865885/movie.293x165.jpg?t=1639992657', '{\"480\":\"https:\\/\\/video.akamai.steamstatic.com\\/store_trailers\\/256865885\\/movie480_vp9.webm?t=1639992657\",\"max\":\"https:\\/\\/video.akamai.steamstatic.com\\/store_trailers\\/256865885\\/movie_max_vp9.webm?t=1639992657\"}', '{\"480\":\"https:\\/\\/video.akamai.steamstatic.com\\/store_trailers\\/256865885\\/movie480.mp4?t=1639992657\",\"max\":\"https:\\/\\/video.akamai.steamstatic.com\\/store_trailers\\/256865885\\/movie_max.mp4?t=1639992657\"}', 'https://video.akamai.steamstatic.com/store_trailers/108600/426104/f029a1d7650463eb614db80fef79dd2aba95c7b8/1750498549/dash_av1.mpd?t=1639992657', 'https://video.akamai.steamstatic.com/store_trailers/108600/426104/f029a1d7650463eb614db80fef79dd2aba95c7b8/1750498549/dash_h264.mpd?t=1639992657', 'https://video.akamai.steamstatic.com/store_trailers/108600/426104/f029a1d7650463eb614db80fef79dd2aba95c7b8/1750498549/hls_264_master.m3u8?t=1639992657', true, NOW(), NOW());
INSERT INTO game_category (game_id, category_id, created_at, updated_at) VALUES (62, 39, NOW(), NOW());
INSERT INTO game_category (game_id, category_id, created_at, updated_at) VALUES (62, 24, NOW(), NOW());
INSERT INTO game_category (game_id, category_id, created_at, updated_at) VALUES (62, 30, NOW(), NOW());
INSERT INTO game_category (game_id, category_id, created_at, updated_at) VALUES (62, 27, NOW(), NOW());
INSERT INTO game_category (game_id, category_id, created_at, updated_at) VALUES (62, 7, NOW(), NOW());
INSERT INTO game_category (game_id, category_id, created_at, updated_at) VALUES (62, 26, NOW(), NOW());
INSERT INTO game_category (game_id, category_id, created_at, updated_at) VALUES (62, 37, NOW(), NOW());
INSERT INTO game_category (game_id, category_id, created_at, updated_at) VALUES (62, 36, NOW(), NOW());
INSERT INTO game_category (game_id, category_id, created_at, updated_at) VALUES (62, 10, NOW(), NOW());
INSERT INTO game_category (game_id, category_id, created_at, updated_at) VALUES (62, 45, NOW(), NOW());
INSERT INTO game_category (game_id, category_id, created_at, updated_at) VALUES (62, 47, NOW(), NOW());
INSERT INTO game_category (game_id, category_id, created_at, updated_at) VALUES (62, 28, NOW(), NOW());
INSERT INTO game_category (game_id, category_id, created_at, updated_at) VALUES (62, 31, NOW(), NOW());
INSERT INTO game_category (game_id, category_id, created_at, updated_at) VALUES (62, 12, NOW(), NOW());
INSERT INTO game_genre (game_id, genre_id, created_at, updated_at) VALUES (62, 11, NOW(), NOW());
INSERT INTO game_genre (game_id, genre_id, created_at, updated_at) VALUES (62, 14, NOW(), NOW());
INSERT INTO game_genre (game_id, genre_id, created_at, updated_at) VALUES (62, 16, NOW(), NOW());
INSERT INTO game_genre (game_id, genre_id, created_at, updated_at) VALUES (62, 7, NOW(), NOW());
INSERT INTO game_developer (game_id, developer_id, created_at, updated_at) VALUES (62, 102, NOW(), NOW());
INSERT INTO game_publisher (game_id, publisher_id, created_at, updated_at) VALUES (62, 78, NOW(), NOW());

-- Game #63: Assetto Corsa
INSERT INTO games (id, steam_id, name, type, slug, short_description, required_age, is_free, have_dlc, icon, supported_languages, release_date, coming_soon, recommendations, achievements_count, positive_reviews, negative_reviews, total_reviews, positive_ratio, content_descriptors, is_active, created_at, updated_at) VALUES (63, 244210, 'Assetto Corsa', 'game', 'assetto-corsa', 'Assetto Corsa v1.16 introduces the new &quot;Laguna Seca&quot; laser-scanned track, 7 new cars among which the eagerly awaited Alfa Romeo Giulia Quadrifoglio! Check the changelog for further info!', 0, false, true, 'https://shared.akamai.steamstatic.com/store_item_assets/steam/apps/244210/header.jpg?t=1754985171', '[\"English\",\"Italian\",\"Simplified Chinese\",\"Traditional Chinese\"]', '2014-12-19', false, 123661, 709, 250, 50, 300, 0.833, '{\"ids\":[],\"notes\":null}', true, NOW(), NOW());
INSERT INTO game_platforms (game_id, windows, mac, linux, created_at, updated_at) VALUES (63, true, false, false, NOW(), NOW());
INSERT INTO game_requirements (game_id, pc_requirements, mac_requirements, linux_requirements, created_at, updated_at) VALUES (63, 'Minimum: OS *: Windows 7 Sp1 - 8 - 8.1 - 10 Processor: AMD Athlon X2 2.8 GHZ, Intel Core 2 Duo 2.4 GHZ Memory: 2 GB RAM Graphics: DirectX 10.1 (e.g. AMD Radeon HD 6450, Nvidia GeForce GT 460) DirectX: Version 11 Network: Broadband Internet connection Storage: 15 GB available space Sound Card: Integrated VR Support: SteamVR or Oculus PC. Keyboard or gamepad required', '', '', NOW(), NOW());
INSERT INTO game_community_ratings (game_id, toxicity_rate, cheater_rate, bug_rate, microtransaction_rate, bad_optimization_rate, not_recommended_rate, created_at, updated_at) VALUES (63, 0, 0.006, 0.016, 0, 0.016, 0.016, NOW(), NOW());
INSERT INTO game_media (game_id, media_id, name, thumbnail, webm, mp4, dash_av1, dash_h264, hls_h264, highlight, created_at, updated_at) VALUES (63, 256704206, 'Assetto Corsa Bonus Pack', 'https://shared.akamai.steamstatic.com/store_item_assets/steam/apps/256704206/movie.293x165.jpg?t=1513780792', '{\"480\":\"https:\\/\\/video.akamai.steamstatic.com\\/store_trailers\\/256704206\\/movie480.webm?t=1513780792\",\"max\":\"https:\\/\\/video.akamai.steamstatic.com\\/store_trailers\\/256704206\\/movie_max.webm?t=1513780792\"}', '{\"480\":\"https:\\/\\/video.akamai.steamstatic.com\\/store_trailers\\/256704206\\/movie480.mp4?t=1513780792\",\"max\":\"https:\\/\\/video.akamai.steamstatic.com\\/store_trailers\\/256704206\\/movie_max.mp4?t=1513780792\"}', 'https://video.akamai.steamstatic.com/store_trailers/244210/138815/a371766cd8ea993e8a1046624d56227f427d6a3d/1750487015/dash_av1.mpd?t=1513780792', 'https://video.akamai.steamstatic.com/store_trailers/244210/138815/a371766cd8ea993e8a1046624d56227f427d6a3d/1750487015/dash_h264.mpd?t=1513780792', 'https://video.akamai.steamstatic.com/store_trailers/244210/138815/a371766cd8ea993e8a1046624d56227f427d6a3d/1750487015/hls_264_master.m3u8?t=1513780792', true, NOW(), NOW());
INSERT INTO game_media (game_id, media_id, name, thumbnail, webm, mp4, dash_av1, dash_h264, hls_h264, highlight, created_at, updated_at) VALUES (63, 256704196, 'Alfa Romeo Giulia Quadrifoglio', 'https://shared.akamai.steamstatic.com/store_item_assets/steam/apps/256704196/movie.293x165.jpg?t=1513779076', '{\"480\":\"https:\\/\\/video.akamai.steamstatic.com\\/store_trailers\\/256704196\\/movie480.webm?t=1513779076\",\"max\":\"https:\\/\\/video.akamai.steamstatic.com\\/store_trailers\\/256704196\\/movie_max.webm?t=1513779076\"}', '{\"480\":\"https:\\/\\/video.akamai.steamstatic.com\\/store_trailers\\/256704196\\/movie480.mp4?t=1513779076\",\"max\":\"https:\\/\\/video.akamai.steamstatic.com\\/store_trailers\\/256704196\\/movie_max.mp4?t=1513779076\"}', 'https://video.akamai.steamstatic.com/store_trailers/244210/138803/d9c00456e55d9639b387e4db74d0720740dbfe9d/1750487000/dash_av1.mpd?t=1513779076', 'https://video.akamai.steamstatic.com/store_trailers/244210/138803/d9c00456e55d9639b387e4db74d0720740dbfe9d/1750487000/dash_h264.mpd?t=1513779076', 'https://video.akamai.steamstatic.com/store_trailers/244210/138803/d9c00456e55d9639b387e4db74d0720740dbfe9d/1750487000/hls_264_master.m3u8?t=1513779076', true, NOW(), NOW());
INSERT INTO game_media (game_id, media_id, name, thumbnail, webm, mp4, dash_av1, dash_h264, hls_h264, highlight, created_at, updated_at) VALUES (63, 256704198, 'Lamborghini Sesto Elemento', 'https://shared.akamai.steamstatic.com/store_item_assets/steam/apps/256704198/movie.293x165.jpg?t=1513779089', '{\"480\":\"https:\\/\\/video.akamai.steamstatic.com\\/store_trailers\\/256704198\\/movie480.webm?t=1513779089\",\"max\":\"https:\\/\\/video.akamai.steamstatic.com\\/store_trailers\\/256704198\\/movie_max.webm?t=1513779089\"}', '{\"480\":\"https:\\/\\/video.akamai.steamstatic.com\\/store_trailers\\/256704198\\/movie480.mp4?t=1513779089\",\"max\":\"https:\\/\\/video.akamai.steamstatic.com\\/store_trailers\\/256704198\\/movie_max.mp4?t=1513779089\"}', 'https://video.akamai.steamstatic.com/store_trailers/244210/138805/f3bcc8f1b03c39a4bb0dd658680deeb51fa86176/1750487005/dash_av1.mpd?t=1513779089', 'https://video.akamai.steamstatic.com/store_trailers/244210/138805/f3bcc8f1b03c39a4bb0dd658680deeb51fa86176/1750487005/dash_h264.mpd?t=1513779089', 'https://video.akamai.steamstatic.com/store_trailers/244210/138805/f3bcc8f1b03c39a4bb0dd658680deeb51fa86176/1750487005/hls_264_master.m3u8?t=1513779089', true, NOW(), NOW());
INSERT INTO game_media (game_id, media_id, name, thumbnail, webm, mp4, dash_av1, dash_h264, hls_h264, highlight, created_at, updated_at) VALUES (63, 256704197, 'Lamborghini Huracán Performante', 'https://shared.akamai.steamstatic.com/store_item_assets/steam/apps/256704197/movie.293x165.jpg?t=1513779101', '{\"480\":\"https:\\/\\/video.akamai.steamstatic.com\\/store_trailers\\/256704197\\/movie480.webm?t=1513779101\",\"max\":\"https:\\/\\/video.akamai.steamstatic.com\\/store_trailers\\/256704197\\/movie_max.webm?t=1513779101\"}', '{\"480\":\"https:\\/\\/video.akamai.steamstatic.com\\/store_trailers\\/256704197\\/movie480.mp4?t=1513779101\",\"max\":\"https:\\/\\/video.akamai.steamstatic.com\\/store_trailers\\/256704197\\/movie_max.mp4?t=1513779101\"}', 'https://video.akamai.steamstatic.com/store_trailers/244210/138804/09c4f3208cec13c6d1119cd92ecfcc2feb5fde3a/1750487001/dash_av1.mpd?t=1513779101', 'https://video.akamai.steamstatic.com/store_trailers/244210/138804/09c4f3208cec13c6d1119cd92ecfcc2feb5fde3a/1750487001/dash_h264.mpd?t=1513779101', 'https://video.akamai.steamstatic.com/store_trailers/244210/138804/09c4f3208cec13c6d1119cd92ecfcc2feb5fde3a/1750487001/hls_264_master.m3u8?t=1513779101', true, NOW(), NOW());
INSERT INTO game_media (game_id, media_id, name, thumbnail, webm, mp4, dash_av1, dash_h264, hls_h264, highlight, created_at, updated_at) VALUES (63, 256704201, 'Pagani Huayra BC', 'https://shared.akamai.steamstatic.com/store_item_assets/steam/apps/256704201/movie.293x165.jpg?t=1513779114', '{\"480\":\"https:\\/\\/video.akamai.steamstatic.com\\/store_trailers\\/256704201\\/movie480.webm?t=1513779114\",\"max\":\"https:\\/\\/video.akamai.steamstatic.com\\/store_trailers\\/256704201\\/movie_max.webm?t=1513779114\"}', '{\"480\":\"https:\\/\\/video.akamai.steamstatic.com\\/store_trailers\\/256704201\\/movie480.mp4?t=1513779114\",\"max\":\"https:\\/\\/video.akamai.steamstatic.com\\/store_trailers\\/256704201\\/movie_max.mp4?t=1513779114\"}', 'https://video.akamai.steamstatic.com/store_trailers/244210/138808/072eb0bec40ede45e5f691615c99b36b40d67b6a/1750487014/dash_av1.mpd?t=1513779114', 'https://video.akamai.steamstatic.com/store_trailers/244210/138808/072eb0bec40ede45e5f691615c99b36b40d67b6a/1750487014/dash_h264.mpd?t=1513779114', 'https://video.akamai.steamstatic.com/store_trailers/244210/138808/072eb0bec40ede45e5f691615c99b36b40d67b6a/1750487014/hls_264_master.m3u8?t=1513779114', true, NOW(), NOW());
INSERT INTO game_media (game_id, media_id, name, thumbnail, webm, mp4, dash_av1, dash_h264, hls_h264, highlight, created_at, updated_at) VALUES (63, 256669825, 'Assetto Corsa - 2016 Trailer', 'https://shared.akamai.steamstatic.com/store_item_assets/steam/apps/256669825/movie.293x165.jpg?t=1472544584', '{\"480\":\"https:\\/\\/video.akamai.steamstatic.com\\/store_trailers\\/256669825\\/movie480.webm?t=1472544584\",\"max\":\"https:\\/\\/video.akamai.steamstatic.com\\/store_trailers\\/256669825\\/movie_max.webm?t=1472544584\"}', '{\"480\":\"https:\\/\\/video.akamai.steamstatic.com\\/store_trailers\\/256669825\\/movie480.mp4?t=1472544584\",\"max\":\"https:\\/\\/video.akamai.steamstatic.com\\/store_trailers\\/256669825\\/movie_max.mp4?t=1472544584\"}', 'https://video.akamai.steamstatic.com/store_trailers/244210/70791/fe526e49a98e1adb6185baf0d31c77919d4e8fa1/1750486998/dash_av1.mpd?t=1472544584', 'https://video.akamai.steamstatic.com/store_trailers/244210/70791/fe526e49a98e1adb6185baf0d31c77919d4e8fa1/1750486998/dash_h264.mpd?t=1472544584', 'https://video.akamai.steamstatic.com/store_trailers/244210/70791/fe526e49a98e1adb6185baf0d31c77919d4e8fa1/1750486998/hls_264_master.m3u8?t=1472544584', true, NOW(), NOW());
INSERT INTO game_media (game_id, media_id, name, thumbnail, webm, mp4, dash_av1, dash_h264, hls_h264, highlight, created_at, updated_at) VALUES (63, 2037664, 'Assetto Corsa - Dream Pack #1 Preorder', 'https://shared.akamai.steamstatic.com/store_item_assets/steam/apps/2037664/movie.293x165.jpg?t=1447370410', '{\"480\":\"https:\\/\\/video.akamai.steamstatic.com\\/store_trailers\\/2037664\\/movie480.webm?t=1447370410\",\"max\":\"https:\\/\\/video.akamai.steamstatic.com\\/store_trailers\\/2037664\\/movie_max.webm?t=1447370410\"}', '{\"480\":\"https:\\/\\/video.akamai.steamstatic.com\\/store_trailers\\/2037664\\/movie480.mp4?t=1447370410\",\"max\":\"https:\\/\\/video.akamai.steamstatic.com\\/store_trailers\\/2037664\\/movie_max.mp4?t=1447370410\"}', 'https://video.akamai.steamstatic.com/store_trailers/244210/32352/3602f04cd56dcdabbde0acc2aa075e0d8467e4c7/1750486985/dash_av1.mpd?t=1447370410', 'https://video.akamai.steamstatic.com/store_trailers/244210/32352/3602f04cd56dcdabbde0acc2aa075e0d8467e4c7/1750486985/dash_h264.mpd?t=1447370410', 'https://video.akamai.steamstatic.com/store_trailers/244210/32352/3602f04cd56dcdabbde0acc2aa075e0d8467e4c7/1750486985/hls_264_master.m3u8?t=1447370410', true, NOW(), NOW());
INSERT INTO game_media (game_id, media_id, name, thumbnail, webm, mp4, dash_av1, dash_h264, hls_h264, highlight, created_at, updated_at) VALUES (63, 2037782, 'Assetto Corsa - New 1.1 Intro', 'https://shared.akamai.steamstatic.com/store_item_assets/steam/apps/2037782/movie.293x165.jpg?t=1447370724', '{\"480\":\"https:\\/\\/video.akamai.steamstatic.com\\/store_trailers\\/2037782\\/movie480.webm?t=1447370724\",\"max\":\"https:\\/\\/video.akamai.steamstatic.com\\/store_trailers\\/2037782\\/movie_max.webm?t=1447370724\"}', '{\"480\":\"https:\\/\\/video.akamai.steamstatic.com\\/store_trailers\\/2037782\\/movie480.mp4?t=1447370724\",\"max\":\"https:\\/\\/video.akamai.steamstatic.com\\/store_trailers\\/2037782\\/movie_max.mp4?t=1447370724\"}', 'https://video.akamai.steamstatic.com/store_trailers/244210/32613/1ef421ff166200d7d8e1916d683ad8b35e692c48/1750486987/dash_av1.mpd?t=1447370724', 'https://video.akamai.steamstatic.com/store_trailers/244210/32613/1ef421ff166200d7d8e1916d683ad8b35e692c48/1750486987/dash_h264.mpd?t=1447370724', 'https://video.akamai.steamstatic.com/store_trailers/244210/32613/1ef421ff166200d7d8e1916d683ad8b35e692c48/1750486987/hls_264_master.m3u8?t=1447370724', true, NOW(), NOW());
INSERT INTO game_media (game_id, media_id, name, thumbnail, webm, mp4, dash_av1, dash_h264, hls_h264, highlight, created_at, updated_at) VALUES (63, 2034977, 'Assetto Corsa - v1.0 Trailer', 'https://shared.akamai.steamstatic.com/store_item_assets/steam/apps/2034977/movie.293x165.jpg?t=1447364227', '{\"480\":\"https:\\/\\/video.akamai.steamstatic.com\\/store_trailers\\/2034977\\/movie480.webm?t=1447364227\",\"max\":\"https:\\/\\/video.akamai.steamstatic.com\\/store_trailers\\/2034977\\/movie_max.webm?t=1447364227\"}', '{\"480\":\"https:\\/\\/video.akamai.steamstatic.com\\/store_trailers\\/2034977\\/movie480.mp4?t=1447364227\",\"max\":\"https:\\/\\/video.akamai.steamstatic.com\\/store_trailers\\/2034977\\/movie_max.mp4?t=1447364227\"}', 'https://video.akamai.steamstatic.com/store_trailers/244210/26355/055e529ae65c2f38c914d573c3fa22c1fa430997/1750486848/dash_av1.mpd?t=1447364227', 'https://video.akamai.steamstatic.com/store_trailers/244210/26355/055e529ae65c2f38c914d573c3fa22c1fa430997/1750486848/dash_h264.mpd?t=1447364227', 'https://video.akamai.steamstatic.com/store_trailers/244210/26355/055e529ae65c2f38c914d573c3fa22c1fa430997/1750486848/hls_264_master.m3u8?t=1447364227', true, NOW(), NOW());
INSERT INTO game_media (game_id, media_id, name, thumbnail, webm, mp4, dash_av1, dash_h264, hls_h264, highlight, created_at, updated_at) VALUES (63, 2034202, 'Assetto Corsa - Content Update 2 trailer', 'https://shared.akamai.steamstatic.com/store_item_assets/steam/apps/2034202/movie.293x165.jpg?t=1472544591', '{\"480\":\"https:\\/\\/video.akamai.steamstatic.com\\/store_trailers\\/2034202\\/movie480.webm?t=1472544591\",\"max\":\"https:\\/\\/video.akamai.steamstatic.com\\/store_trailers\\/2034202\\/movie_max.webm?t=1472544591\"}', '{\"480\":\"https:\\/\\/video.akamai.steamstatic.com\\/store_trailers\\/2034202\\/movie480.mp4?t=1472544591\",\"max\":\"https:\\/\\/video.akamai.steamstatic.com\\/store_trailers\\/2034202\\/movie_max.mp4?t=1472544591\"}', 'https://video.akamai.steamstatic.com/store_trailers/244210/24607/f9204c0996ae34e54c073a8d6d7e2d02dae92357/1750486843/dash_av1.mpd?t=1472544591', 'https://video.akamai.steamstatic.com/store_trailers/244210/24607/f9204c0996ae34e54c073a8d6d7e2d02dae92357/1750486843/dash_h264.mpd?t=1472544591', 'https://video.akamai.steamstatic.com/store_trailers/244210/24607/f9204c0996ae34e54c073a8d6d7e2d02dae92357/1750486843/hls_264_master.m3u8?t=1472544591', true, NOW(), NOW());
INSERT INTO game_media (game_id, media_id, name, thumbnail, webm, mp4, dash_av1, dash_h264, hls_h264, highlight, created_at, updated_at) VALUES (63, 2030262, 'Assetto Corsa - Content Update 1 trailer', 'https://shared.akamai.steamstatic.com/store_item_assets/steam/apps/2030262/movie.293x165.jpg?t=1472544596', '{\"480\":\"https:\\/\\/video.akamai.steamstatic.com\\/store_trailers\\/2030262\\/movie480.webm?t=1472544596\",\"max\":\"https:\\/\\/video.akamai.steamstatic.com\\/store_trailers\\/2030262\\/movie_max.webm?t=1472544596\"}', '{\"480\":\"https:\\/\\/video.akamai.steamstatic.com\\/store_trailers\\/2030262\\/movie480.mp4?t=1472544596\",\"max\":\"https:\\/\\/video.akamai.steamstatic.com\\/store_trailers\\/2030262\\/movie_max.mp4?t=1472544596\"}', 'https://video.akamai.steamstatic.com/store_trailers/244210/15546/cad81fedbeed260542aacbf33a69271ea95f70bf/1750486834/dash_av1.mpd?t=1472544596', 'https://video.akamai.steamstatic.com/store_trailers/244210/15546/cad81fedbeed260542aacbf33a69271ea95f70bf/1750486834/dash_h264.mpd?t=1472544596', 'https://video.akamai.steamstatic.com/store_trailers/244210/15546/cad81fedbeed260542aacbf33a69271ea95f70bf/1750486834/hls_264_master.m3u8?t=1472544596', true, NOW(), NOW());
INSERT INTO game_category (game_id, category_id, created_at, updated_at) VALUES (63, 39, NOW(), NOW());
INSERT INTO game_category (game_id, category_id, created_at, updated_at) VALUES (63, 24, NOW(), NOW());
INSERT INTO game_category (game_id, category_id, created_at, updated_at) VALUES (63, 30, NOW(), NOW());
INSERT INTO game_category (game_id, category_id, created_at, updated_at) VALUES (63, 27, NOW(), NOW());
INSERT INTO game_category (game_id, category_id, created_at, updated_at) VALUES (63, 41, NOW(), NOW());
INSERT INTO game_category (game_id, category_id, created_at, updated_at) VALUES (63, 53, NOW(), NOW());
INSERT INTO game_category (game_id, category_id, created_at, updated_at) VALUES (63, 28, NOW(), NOW());
INSERT INTO game_category (game_id, category_id, created_at, updated_at) VALUES (63, 43, NOW(), NOW());
INSERT INTO game_category (game_id, category_id, created_at, updated_at) VALUES (63, 18, NOW(), NOW());
INSERT INTO game_category (game_id, category_id, created_at, updated_at) VALUES (63, 12, NOW(), NOW());
INSERT INTO game_genre (game_id, genre_id, created_at, updated_at) VALUES (63, 11, NOW(), NOW());
INSERT INTO game_genre (game_id, genre_id, created_at, updated_at) VALUES (63, 15, NOW(), NOW());
INSERT INTO game_genre (game_id, genre_id, created_at, updated_at) VALUES (63, 16, NOW(), NOW());
INSERT INTO game_genre (game_id, genre_id, created_at, updated_at) VALUES (63, 17, NOW(), NOW());
INSERT INTO game_developer (game_id, developer_id, created_at, updated_at) VALUES (63, 57, NOW(), NOW());
INSERT INTO game_publisher (game_id, publisher_id, created_at, updated_at) VALUES (63, 44, NOW(), NOW());

-- Game #64: DayZ
INSERT INTO games (id, steam_id, name, type, slug, short_description, required_age, is_free, have_dlc, icon, supported_languages, release_date, coming_soon, recommendations, achievements_count, positive_reviews, negative_reviews, total_reviews, positive_ratio, content_descriptors, is_active, created_at, updated_at) VALUES (64, 221100, 'DayZ', 'game', 'dayz', 'How long can you survive a post-apocalyptic world? A land overrun with an infected &quot;zombie&quot; population, where you compete with other survivors for limited resources. Will you team up with strangers and stay strong together? Or play as a lone wolf to avoid betrayal? This is DayZ – this is your story.', 17, false, true, 'https://shared.akamai.steamstatic.com/store_item_assets/steam/apps/221100/header.jpg?t=1757675024', '[\"English\",\"French\",\"Italian\",\"German\",\"Spanish - Spain\",\"Czech\",\"Russian\",\"Simplified Chinese\",\"Traditional Chinese\",\"Japanese\",\"Polish\",\"Portuguese - Brazil\"]', '2018-12-13', false, 366991, 13, 179, 121, 300, 0.597, '{\"ids\":[2,5],\"notes\":\"This game may contain content not appropriate for all ages, or may not be appropriate for viewing at work: Frequent Violence or Gore, General Mature Content\\r\\n\\r\\nDayZ is a multiplayer-focused sandbox game. Other players might behave unpredictably and impact the game experience significantly. Voice chat and text chat can be disabled from the in-game options menu.\"}', true, NOW(), NOW());
INSERT INTO game_platforms (game_id, windows, mac, linux, created_at, updated_at) VALUES (64, true, false, false, NOW(), NOW());
INSERT INTO game_requirements (game_id, pc_requirements, mac_requirements, linux_requirements, created_at, updated_at) VALUES (64, 'Minimum: OS: Windows 10 64-bit Processor: Intel Core i5-4430 or AMD Ryzen 5 2600 Six-Core Memory: 8 GB RAM Graphics: NVIDIA GeForce GTX 760 or AMD R9 270X DirectX: Version 11 Storage: 25 GB available space Sound Card: DirectX®-compatible Additional Notes: Internet connection', '', '', NOW(), NOW());
INSERT INTO game_community_ratings (game_id, toxicity_rate, cheater_rate, bug_rate, microtransaction_rate, bad_optimization_rate, not_recommended_rate, created_at, updated_at) VALUES (64, 0.065, 0.109, 0.026, 0.013, 0.035, 0.054, NOW(), NOW());
INSERT INTO game_media (game_id, media_id, name, thumbnail, webm, mp4, dash_av1, dash_h264, hls_h264, highlight, created_at, updated_at) VALUES (64, 257026030, 'DayZReduxFinal', 'https://shared.akamai.steamstatic.com/store_item_assets/steam/apps/257026030/movie.293x165.jpg?t=1716813072', '{\"480\":\"https:\\/\\/video.akamai.steamstatic.com\\/store_trailers\\/257026030\\/movie480_vp9.webm?t=1716813072\",\"max\":\"https:\\/\\/video.akamai.steamstatic.com\\/store_trailers\\/257026030\\/movie_max_vp9.webm?t=1716813072\"}', '{\"480\":\"https:\\/\\/video.akamai.steamstatic.com\\/store_trailers\\/257026030\\/movie480.mp4?t=1716813072\",\"max\":\"https:\\/\\/video.akamai.steamstatic.com\\/store_trailers\\/257026030\\/movie_max.mp4?t=1716813072\"}', 'https://video.akamai.steamstatic.com/store_trailers/221100/705385/8e5a282248273dbe81eb27e48309ce3989d5d5d0/1750481651/dash_av1.mpd?t=1716813072', 'https://video.akamai.steamstatic.com/store_trailers/221100/705385/8e5a282248273dbe81eb27e48309ce3989d5d5d0/1750481651/dash_h264.mpd?t=1716813072', 'https://video.akamai.steamstatic.com/store_trailers/221100/705385/8e5a282248273dbe81eb27e48309ce3989d5d5d0/1750481651/hls_264_master.m3u8?t=1716813072', true, NOW(), NOW());
INSERT INTO game_media (game_id, media_id, name, thumbnail, webm, mp4, dash_av1, dash_h264, hls_h264, highlight, created_at, updated_at) VALUES (64, 256790906, 'DayZ Final Trailer ESRB', 'https://shared.akamai.steamstatic.com/store_item_assets/steam/apps/256790906/movie.293x165.jpg?t=1593118262', '{\"480\":\"https:\\/\\/video.akamai.steamstatic.com\\/store_trailers\\/256790906\\/movie480_vp9.webm?t=1593118262\",\"max\":\"https:\\/\\/video.akamai.steamstatic.com\\/store_trailers\\/256790906\\/movie_max_vp9.webm?t=1593118262\"}', '{\"480\":\"https:\\/\\/video.akamai.steamstatic.com\\/store_trailers\\/256790906\\/movie480.mp4?t=1593118262\",\"max\":\"https:\\/\\/video.akamai.steamstatic.com\\/store_trailers\\/256790906\\/movie_max.mp4?t=1593118262\"}', 'https://video.akamai.steamstatic.com/store_trailers/221100/295006/72499e85db67a883394a70ee674d2ef754884882/1750481645/dash_av1.mpd?t=1593118262', 'https://video.akamai.steamstatic.com/store_trailers/221100/295006/72499e85db67a883394a70ee674d2ef754884882/1750481645/dash_h264.mpd?t=1593118262', 'https://video.akamai.steamstatic.com/store_trailers/221100/295006/72499e85db67a883394a70ee674d2ef754884882/1750481645/hls_264_master.m3u8?t=1593118262', true, NOW(), NOW());
INSERT INTO game_media (game_id, media_id, name, thumbnail, webm, mp4, dash_av1, dash_h264, hls_h264, highlight, created_at, updated_at) VALUES (64, 256754405, 'DayZ Gameplay Trailer', 'https://shared.akamai.steamstatic.com/store_item_assets/steam/apps/256754405/movie.293x165.jpg?t=1577825105', '{\"480\":\"https:\\/\\/video.akamai.steamstatic.com\\/store_trailers\\/256754405\\/movie480.webm?t=1577825105\",\"max\":\"https:\\/\\/video.akamai.steamstatic.com\\/store_trailers\\/256754405\\/movie_max.webm?t=1577825105\"}', '{\"480\":\"https:\\/\\/video.akamai.steamstatic.com\\/store_trailers\\/256754405\\/movie480.mp4?t=1577825105\",\"max\":\"https:\\/\\/video.akamai.steamstatic.com\\/store_trailers\\/256754405\\/movie_max.mp4?t=1577825105\"}', 'https://video.akamai.steamstatic.com/store_trailers/221100/229881/e97c55c1bb25273deb023321759608e79ca668db/1750481640/dash_av1.mpd?t=1577825105', 'https://video.akamai.steamstatic.com/store_trailers/221100/229881/e97c55c1bb25273deb023321759608e79ca668db/1750481640/dash_h264.mpd?t=1577825105', 'https://video.akamai.steamstatic.com/store_trailers/221100/229881/e97c55c1bb25273deb023321759608e79ca668db/1750481640/hls_264_master.m3u8?t=1577825105', true, NOW(), NOW());
INSERT INTO game_media (game_id, media_id, name, thumbnail, webm, mp4, dash_av1, dash_h264, hls_h264, highlight, created_at, updated_at) VALUES (64, 256734797, 'DayZ Beta Launch Trailer', 'https://shared.akamai.steamstatic.com/store_item_assets/steam/apps/256734797/movie.293x165.jpg?t=1577825130', '{\"480\":\"https:\\/\\/video.akamai.steamstatic.com\\/store_trailers\\/256734797\\/movie480.webm?t=1577825130\",\"max\":\"https:\\/\\/video.akamai.steamstatic.com\\/store_trailers\\/256734797\\/movie_max.webm?t=1577825130\"}', '{\"480\":\"https:\\/\\/video.akamai.steamstatic.com\\/store_trailers\\/256734797\\/movie480.mp4?t=1577825130\",\"max\":\"https:\\/\\/video.akamai.steamstatic.com\\/store_trailers\\/256734797\\/movie_max.mp4?t=1577825130\"}', 'https://video.akamai.steamstatic.com/store_trailers/221100/194705/da1449ef24ebe11944cbda0ac28084ac2c4733b2/1750481631/dash_av1.mpd?t=1577825130', 'https://video.akamai.steamstatic.com/store_trailers/221100/194705/da1449ef24ebe11944cbda0ac28084ac2c4733b2/1750481631/dash_h264.mpd?t=1577825130', 'https://video.akamai.steamstatic.com/store_trailers/221100/194705/da1449ef24ebe11944cbda0ac28084ac2c4733b2/1750481631/hls_264_master.m3u8?t=1577825130', true, NOW(), NOW());
INSERT INTO game_category (game_id, category_id, created_at, updated_at) VALUES (64, 24, NOW(), NOW());
INSERT INTO game_category (game_id, category_id, created_at, updated_at) VALUES (64, 22, NOW(), NOW());
INSERT INTO game_category (game_id, category_id, created_at, updated_at) VALUES (64, 30, NOW(), NOW());
INSERT INTO game_category (game_id, category_id, created_at, updated_at) VALUES (64, 27, NOW(), NOW());
INSERT INTO game_category (game_id, category_id, created_at, updated_at) VALUES (64, 7, NOW(), NOW());
INSERT INTO game_category (game_id, category_id, created_at, updated_at) VALUES (64, 26, NOW(), NOW());
INSERT INTO game_category (game_id, category_id, created_at, updated_at) VALUES (64, 41, NOW(), NOW());
INSERT INTO game_category (game_id, category_id, created_at, updated_at) VALUES (64, 47, NOW(), NOW());
INSERT INTO game_category (game_id, category_id, created_at, updated_at) VALUES (64, 42, NOW(), NOW());
INSERT INTO game_category (game_id, category_id, created_at, updated_at) VALUES (64, 54, NOW(), NOW());
INSERT INTO game_genre (game_id, genre_id, created_at, updated_at) VALUES (64, 1, NOW(), NOW());
INSERT INTO game_genre (game_id, genre_id, created_at, updated_at) VALUES (64, 2, NOW(), NOW());
INSERT INTO game_genre (game_id, genre_id, created_at, updated_at) VALUES (64, 12, NOW(), NOW());
INSERT INTO game_developer (game_id, developer_id, created_at, updated_at) VALUES (64, 16, NOW(), NOW());
INSERT INTO game_publisher (game_id, publisher_id, created_at, updated_at) VALUES (64, 15, NOW(), NOW());

-- Game #65: Brawlhalla
INSERT INTO games (id, steam_id, name, type, slug, short_description, required_age, is_free, have_dlc, icon, supported_languages, release_date, coming_soon, recommendations, achievements_count, positive_reviews, negative_reviews, total_reviews, positive_ratio, content_descriptors, is_active, created_at, updated_at) VALUES (65, 291550, 'Brawlhalla', 'game', 'brawlhalla', 'An epic platform fighter for up to 8 players online or local. Try casual free-for-alls, ranked matches, or invite friends to a private room. And it\'s free! Play cross-platform with millions of players on PlayStation, Xbox, Nintendo Switch, iOS, Android &amp; Steam! Frequent updates. Over sixty Legends.', 0, true, true, 'https://shared.akamai.steamstatic.com/store_item_assets/steam/apps/291550/71448f1f413d5aac25b8dd08068f0f284f7bacf7/header.jpg?t=1758138374', '[\"English *\",\"French\",\"Italian\",\"German\",\"Spanish - Spain\",\"Japanese\",\"Korean\",\"Portuguese - Brazil\",\"Russian\",\"Simplified Chinese\",\"Traditional Chinese\",\"Spanish - Latin America\",\"Turkish * languages with full audio support\"]', '2017-10-17', false, 2891, 65, 104, 196, 300, 0.347, '{\"ids\":[],\"notes\":null}', true, NOW(), NOW());
INSERT INTO game_platforms (game_id, windows, mac, linux, created_at, updated_at) VALUES (65, true, true, false, NOW(), NOW());
INSERT INTO game_requirements (game_id, pc_requirements, mac_requirements, linux_requirements, created_at, updated_at) VALUES (65, 'Minimum: Memory: 2 GB RAM Storage: 800 MB available space', 'Minimum: OS: 10.7 Memory: 2 GB RAM Storage: 800 MB available space', '', NOW(), NOW());
INSERT INTO game_community_ratings (game_id, toxicity_rate, cheater_rate, bug_rate, microtransaction_rate, bad_optimization_rate, not_recommended_rate, created_at, updated_at) VALUES (65, 0.133, 0.096, 0.072, 0.05, 0.085, 0.184, NOW(), NOW());
INSERT INTO game_media (game_id, media_id, name, thumbnail, webm, mp4, dash_av1, dash_h264, hls_h264, highlight, created_at, updated_at) VALUES (65, 257200067, 'Battle Pass Season 12: Ninjas Across Time!', 'https://shared.akamai.steamstatic.com/store_item_assets/steam/apps/257200067/e767bf43193c7cf86c589ab479061647f04acfe2/movie_600x337.jpg?t=1758132662', '{\"480\":\"https:\\/\\/video.akamai.steamstatic.com\\/store_trailers\\/257200067\\/movie480_vp9.webm?t=1758132662\",\"max\":\"https:\\/\\/video.akamai.steamstatic.com\\/store_trailers\\/257200067\\/movie_max_vp9.webm?t=1758132662\"}', '{\"480\":\"https:\\/\\/video.akamai.steamstatic.com\\/store_trailers\\/257200067\\/movie480.mp4?t=1758132662\",\"max\":\"https:\\/\\/video.akamai.steamstatic.com\\/store_trailers\\/257200067\\/movie_max.mp4?t=1758132662\"}', 'https://video.akamai.steamstatic.com/store_trailers/291550/744429941/c1823f17f4112d742dba99d1dc2828cee34a77da/1758125242/dash_av1.mpd?t=1758132662', 'https://video.akamai.steamstatic.com/store_trailers/291550/744429941/c1823f17f4112d742dba99d1dc2828cee34a77da/1758125242/dash_h264.mpd?t=1758132662', 'https://video.akamai.steamstatic.com/store_trailers/291550/744429941/c1823f17f4112d742dba99d1dc2828cee34a77da/1758125242/hls_264_master.m3u8?t=1758132662', true, NOW(), NOW());
INSERT INTO game_media (game_id, media_id, name, thumbnail, webm, mp4, dash_av1, dash_h264, hls_h264, highlight, created_at, updated_at) VALUES (65, 256961362, 'Brawlhalla - Universal Trailer ESRB', 'https://shared.akamai.steamstatic.com/store_item_assets/steam/apps/256961362/movie.293x165.jpg?t=1691781903', '{\"480\":\"https:\\/\\/video.akamai.steamstatic.com\\/store_trailers\\/256961362\\/movie480_vp9.webm?t=1691781903\",\"max\":\"https:\\/\\/video.akamai.steamstatic.com\\/store_trailers\\/256961362\\/movie_max_vp9.webm?t=1691781903\"}', '{\"480\":\"https:\\/\\/video.akamai.steamstatic.com\\/store_trailers\\/256961362\\/movie480.mp4?t=1691781903\",\"max\":\"https:\\/\\/video.akamai.steamstatic.com\\/store_trailers\\/256961362\\/movie_max.mp4?t=1691781903\"}', 'https://video.akamai.steamstatic.com/store_trailers/291550/593118/df649e070c7c68cd4c227b94ef470eaa5bf8f629/1750501734/dash_av1.mpd?t=1691781903', 'https://video.akamai.steamstatic.com/store_trailers/291550/593118/df649e070c7c68cd4c227b94ef470eaa5bf8f629/1750501734/dash_h264.mpd?t=1691781903', 'https://video.akamai.steamstatic.com/store_trailers/291550/593118/df649e070c7c68cd4c227b94ef470eaa5bf8f629/1750501734/hls_264_master.m3u8?t=1691781903', true, NOW(), NOW());
INSERT INTO game_media (game_id, media_id, name, thumbnail, webm, mp4, dash_av1, dash_h264, hls_h264, highlight, created_at, updated_at) VALUES (65, 257058366, 'Brawlhalla x Mega Man', 'https://shared.akamai.steamstatic.com/store_item_assets/steam/apps/257058366/movie.293x165.jpg?t=1727271449', '{\"480\":\"https:\\/\\/video.akamai.steamstatic.com\\/store_trailers\\/257058366\\/movie480_vp9.webm?t=1727271449\",\"max\":\"https:\\/\\/video.akamai.steamstatic.com\\/store_trailers\\/257058366\\/movie_max_vp9.webm?t=1727271449\"}', '{\"480\":\"https:\\/\\/video.akamai.steamstatic.com\\/store_trailers\\/257058366\\/movie480.mp4?t=1727271449\",\"max\":\"https:\\/\\/video.akamai.steamstatic.com\\/store_trailers\\/257058366\\/movie_max.mp4?t=1727271449\"}', 'https://video.akamai.steamstatic.com/store_trailers/291550/761156/f2fe84a09ca248625b4233e16035eca71820b818/1750501826/dash_av1.mpd?t=1727271449', 'https://video.akamai.steamstatic.com/store_trailers/291550/761156/f2fe84a09ca248625b4233e16035eca71820b818/1750501826/dash_h264.mpd?t=1727271449', 'https://video.akamai.steamstatic.com/store_trailers/291550/761156/f2fe84a09ca248625b4233e16035eca71820b818/1750501826/hls_264_master.m3u8?t=1727271449', true, NOW(), NOW());
INSERT INTO game_media (game_id, media_id, name, thumbnail, webm, mp4, dash_av1, dash_h264, hls_h264, highlight, created_at, updated_at) VALUES (65, 257009777, 'Brawlhalla Star Wars Event – Feel the Power of the Force!', 'https://shared.akamai.steamstatic.com/store_item_assets/steam/apps/257009777/movie.293x165.jpg?t=1710942535', '{\"480\":\"https:\\/\\/video.akamai.steamstatic.com\\/store_trailers\\/257009777\\/movie480_vp9.webm?t=1710942535\",\"max\":\"https:\\/\\/video.akamai.steamstatic.com\\/store_trailers\\/257009777\\/movie_max_vp9.webm?t=1710942535\"}', '{\"480\":\"https:\\/\\/video.akamai.steamstatic.com\\/store_trailers\\/257009777\\/movie480.mp4?t=1710942535\",\"max\":\"https:\\/\\/video.akamai.steamstatic.com\\/store_trailers\\/257009777\\/movie_max.mp4?t=1710942535\"}', 'https://video.akamai.steamstatic.com/store_trailers/291550/677267/4b9c04a0e83ae5a8360c52a6f1a71cc17f4516df/1750501760/dash_av1.mpd?t=1710942535', 'https://video.akamai.steamstatic.com/store_trailers/291550/677267/4b9c04a0e83ae5a8360c52a6f1a71cc17f4516df/1750501760/dash_h264.mpd?t=1710942535', 'https://video.akamai.steamstatic.com/store_trailers/291550/677267/4b9c04a0e83ae5a8360c52a6f1a71cc17f4516df/1750501760/hls_264_master.m3u8?t=1710942535', true, NOW(), NOW());
INSERT INTO game_category (game_id, category_id, created_at, updated_at) VALUES (65, 39, NOW(), NOW());
INSERT INTO game_category (game_id, category_id, created_at, updated_at) VALUES (65, 24, NOW(), NOW());
INSERT INTO game_category (game_id, category_id, created_at, updated_at) VALUES (65, 30, NOW(), NOW());
INSERT INTO game_category (game_id, category_id, created_at, updated_at) VALUES (65, 27, NOW(), NOW());
INSERT INTO game_category (game_id, category_id, created_at, updated_at) VALUES (65, 38, NOW(), NOW());
INSERT INTO game_category (game_id, category_id, created_at, updated_at) VALUES (65, 7, NOW(), NOW());
INSERT INTO game_category (game_id, category_id, created_at, updated_at) VALUES (65, 26, NOW(), NOW());
INSERT INTO game_category (game_id, category_id, created_at, updated_at) VALUES (65, 37, NOW(), NOW());
INSERT INTO game_category (game_id, category_id, created_at, updated_at) VALUES (65, 36, NOW(), NOW());
INSERT INTO game_category (game_id, category_id, created_at, updated_at) VALUES (65, 10, NOW(), NOW());
INSERT INTO game_category (game_id, category_id, created_at, updated_at) VALUES (65, 41, NOW(), NOW());
INSERT INTO game_category (game_id, category_id, created_at, updated_at) VALUES (65, 45, NOW(), NOW());
INSERT INTO game_category (game_id, category_id, created_at, updated_at) VALUES (65, 28, NOW(), NOW());
INSERT INTO game_category (game_id, category_id, created_at, updated_at) VALUES (65, 32, NOW(), NOW());
INSERT INTO game_category (game_id, category_id, created_at, updated_at) VALUES (65, 34, NOW(), NOW());
INSERT INTO game_category (game_id, category_id, created_at, updated_at) VALUES (65, 33, NOW(), NOW());
INSERT INTO game_category (game_id, category_id, created_at, updated_at) VALUES (65, 31, NOW(), NOW());
INSERT INTO game_genre (game_id, genre_id, created_at, updated_at) VALUES (65, 1, NOW(), NOW());
INSERT INTO game_genre (game_id, genre_id, created_at, updated_at) VALUES (65, 11, NOW(), NOW());
INSERT INTO game_genre (game_id, genre_id, created_at, updated_at) VALUES (65, 9, NOW(), NOW());
INSERT INTO game_developer (game_id, developer_id, created_at, updated_at) VALUES (65, 15, NOW(), NOW());
INSERT INTO game_publisher (game_id, publisher_id, created_at, updated_at) VALUES (65, 80, NOW(), NOW());

-- Game #66: Farming Simulator 25
INSERT INTO games (id, steam_id, name, type, slug, short_description, required_age, is_free, have_dlc, icon, supported_languages, release_date, coming_soon, recommendations, achievements_count, positive_reviews, negative_reviews, total_reviews, positive_ratio, content_descriptors, is_active, created_at, updated_at) VALUES (66, 2300320, 'Farming Simulator 25', 'game', 'farming-simulator-25', 'Farming Simulator 25 invites you to join the rewarding farm life, single-handedly or cooperatively in multiplayer. This Farm is Your Farm!', 0, false, true, 'https://shared.akamai.steamstatic.com/store_item_assets/steam/apps/2300320/header.jpg?t=1761296764', '[\"English *\",\"French\",\"Italian\",\"German\",\"Spanish - Spain\",\"Czech\",\"Danish\",\"Dutch\",\"Finnish\",\"Hungarian\",\"Japanese\",\"Korean\",\"Norwegian\",\"Polish\",\"Portuguese - Brazil\",\"Portuguese - Portugal\",\"Romanian\",\"Russian\",\"Simplified Chinese\",\"Spanish - Latin America\",\"Swedish\",\"Traditional Chinese\",\"Turkish\",\"Ukrainian\",\"Vietnamese\",\"Indonesian * languages with full audio support\"]', '2024-11-12', false, 25733, 45, 127, 173, 300, 0.423, '{\"ids\":[],\"notes\":null}', true, NOW(), NOW());
INSERT INTO game_platforms (game_id, windows, mac, linux, created_at, updated_at) VALUES (66, true, true, false, NOW(), NOW());
INSERT INTO game_requirements (game_id, pc_requirements, mac_requirements, linux_requirements, created_at, updated_at) VALUES (66, 'Minimum: Requires a 64-bit processor and operating system OS: Windows 10 64bit Processor: Intel Core i5-6400, AMD Ryzen 5 1400, or better Memory: 8 GB RAM Graphics: Nvidia GeForce GTX 1050Ti, AMD Radeon RX 470 graphics card or better (min 3GB VRAM, DX12 support) DirectX: Version 12 Network: Broadband Internet connection Storage: 45 GB available space Sound Card: Sound card VR Support: N/A Additional Notes: These system requirements can´t cover all possible system configurations so issues could occur that avoid or influence the functionality in some cases.', 'Minimum: OS: MacOS 11.3 or newer Processor: Intel Core i5-6400, Apple M1, or better Memory: 8 GB RAM Graphics: AMD Radeon RX 470 or Apple M1 or better (min. 3 GB VRAM, DX12 support) Network: Broadband Internet connection Storage: 45 GB available space Sound Card: Sound Card Additional Notes: These system requirements can´t cover all possible system configurations so issues could occur that avoid or influence the functionality in some cases.', 'Minimum:', NOW(), NOW());
INSERT INTO game_community_ratings (game_id, toxicity_rate, cheater_rate, bug_rate, microtransaction_rate, bad_optimization_rate, not_recommended_rate, created_at, updated_at) VALUES (66, 0.007, 0.003, 0.022, 0.007, 0.025, 0.034, NOW(), NOW());
INSERT INTO game_media (game_id, media_id, name, thumbnail, webm, mp4, dash_av1, dash_h264, hls_h264, highlight, created_at, updated_at) VALUES (66, 257073020, 'FS25 - Launch Trailer', 'https://shared.akamai.steamstatic.com/store_item_assets/steam/apps/257073020/47f9a6a9eac3b2af052c02ebb458a37788440df9/movie_600x337.jpg?t=1731509683', '{\"480\":\"https:\\/\\/video.akamai.steamstatic.com\\/store_trailers\\/257073020\\/movie480_vp9.webm?t=1731509683\",\"max\":\"https:\\/\\/video.akamai.steamstatic.com\\/store_trailers\\/257073020\\/movie_max_vp9.webm?t=1731509683\"}', '{\"480\":\"https:\\/\\/video.akamai.steamstatic.com\\/store_trailers\\/257073020\\/movie480.mp4?t=1731509683\",\"max\":\"https:\\/\\/video.akamai.steamstatic.com\\/store_trailers\\/257073020\\/movie_max.mp4?t=1731509683\"}', 'https://video.akamai.steamstatic.com/store_trailers/2300320/785196/06e239d4c358ae0935c00dc97da09762a68e9195/1750812242/dash_av1.mpd?t=1731509683', 'https://video.akamai.steamstatic.com/store_trailers/2300320/785196/06e239d4c358ae0935c00dc97da09762a68e9195/1750812242/dash_h264.mpd?t=1731509683', 'https://video.akamai.steamstatic.com/store_trailers/2300320/785196/06e239d4c358ae0935c00dc97da09762a68e9195/1750812242/hls_264_master.m3u8?t=1731509683', true, NOW(), NOW());
INSERT INTO game_media (game_id, media_id, name, thumbnail, webm, mp4, dash_av1, dash_h264, hls_h264, highlight, created_at, updated_at) VALUES (66, 257067301, 'FS25 - Feature Trailer', 'https://shared.akamai.steamstatic.com/store_item_assets/steam/apps/257067301/59d7f0822dba8f19f34a355de13be3fff29674fe/movie_600x337.jpg?t=1729598537', '{\"480\":\"https:\\/\\/video.akamai.steamstatic.com\\/store_trailers\\/257067301\\/movie480_vp9.webm?t=1729598537\",\"max\":\"https:\\/\\/video.akamai.steamstatic.com\\/store_trailers\\/257067301\\/movie_max_vp9.webm?t=1729598537\"}', '{\"480\":\"https:\\/\\/video.akamai.steamstatic.com\\/store_trailers\\/257067301\\/movie480.mp4?t=1729598537\",\"max\":\"https:\\/\\/video.akamai.steamstatic.com\\/store_trailers\\/257067301\\/movie_max.mp4?t=1729598537\"}', 'https://video.akamai.steamstatic.com/store_trailers/2300320/775326/49edf5c8a647f420fc0336fe88053b2316ad4650/1750811169/dash_av1.mpd?t=1729598537', 'https://video.akamai.steamstatic.com/store_trailers/2300320/775326/49edf5c8a647f420fc0336fe88053b2316ad4650/1750811169/dash_h264.mpd?t=1729598537', 'https://video.akamai.steamstatic.com/store_trailers/2300320/775326/49edf5c8a647f420fc0336fe88053b2316ad4650/1750811169/hls_264_master.m3u8?t=1729598537', true, NOW(), NOW());
INSERT INTO game_media (game_id, media_id, name, thumbnail, webm, mp4, dash_av1, dash_h264, hls_h264, highlight, created_at, updated_at) VALUES (66, 257074053, 'FS25-Garage Trailer', 'https://shared.akamai.steamstatic.com/store_item_assets/steam/apps/257074053/ac9913f9023651e42301bf7256f3af937d1167a3/movie_600x337.jpg?t=1731668459', '{\"480\":\"https:\\/\\/video.akamai.steamstatic.com\\/store_trailers\\/257074053\\/movie480_vp9.webm?t=1731668459\",\"max\":\"https:\\/\\/video.akamai.steamstatic.com\\/store_trailers\\/257074053\\/movie_max_vp9.webm?t=1731668459\"}', '{\"480\":\"https:\\/\\/video.akamai.steamstatic.com\\/store_trailers\\/257074053\\/movie480.mp4?t=1731668459\",\"max\":\"https:\\/\\/video.akamai.steamstatic.com\\/store_trailers\\/257074053\\/movie_max.mp4?t=1731668459\"}', 'https://video.akamai.steamstatic.com/store_trailers/2300320/786588/5f0c3c9dfce6e2917d75e983398f8c9aac55b4a9/1750811169/dash_av1.mpd?t=1731668459', 'https://video.akamai.steamstatic.com/store_trailers/2300320/786588/5f0c3c9dfce6e2917d75e983398f8c9aac55b4a9/1750811169/dash_h264.mpd?t=1731668459', 'https://video.akamai.steamstatic.com/store_trailers/2300320/786588/5f0c3c9dfce6e2917d75e983398f8c9aac55b4a9/1750811169/hls_264_master.m3u8?t=1731668459', true, NOW(), NOW());
INSERT INTO game_media (game_id, media_id, name, thumbnail, webm, mp4, dash_av1, dash_h264, hls_h264, highlight, created_at, updated_at) VALUES (66, 257071954, 'FS25 - Gameplay Trailer', 'https://shared.akamai.steamstatic.com/store_item_assets/steam/apps/257071954/d5ef66109774bb2b878bea39eef55b3d5f63500d/movie_600x337.jpg?t=1731109910', '{\"480\":\"https:\\/\\/video.akamai.steamstatic.com\\/store_trailers\\/257071954\\/movie480_vp9.webm?t=1731109910\",\"max\":\"https:\\/\\/video.akamai.steamstatic.com\\/store_trailers\\/257071954\\/movie_max_vp9.webm?t=1731109910\"}', '{\"480\":\"https:\\/\\/video.akamai.steamstatic.com\\/store_trailers\\/257071954\\/movie480.mp4?t=1731109910\",\"max\":\"https:\\/\\/video.akamai.steamstatic.com\\/store_trailers\\/257071954\\/movie_max.mp4?t=1731109910\"}', 'https://video.akamai.steamstatic.com/store_trailers/2300320/783271/2f81adf0a7f108f8b4c75c9915f0ca028df273c0/1750811169/dash_av1.mpd?t=1731109910', 'https://video.akamai.steamstatic.com/store_trailers/2300320/783271/2f81adf0a7f108f8b4c75c9915f0ca028df273c0/1750811169/dash_h264.mpd?t=1731109910', 'https://video.akamai.steamstatic.com/store_trailers/2300320/783271/2f81adf0a7f108f8b4c75c9915f0ca028df273c0/1750811169/hls_264_master.m3u8?t=1731109910', false, NOW(), NOW());
INSERT INTO game_media (game_id, media_id, name, thumbnail, webm, mp4, dash_av1, dash_h264, hls_h264, highlight, created_at, updated_at) VALUES (66, 257031043, 'FS25 - CGI Trailer', 'https://shared.akamai.steamstatic.com/store_item_assets/steam/apps/257031043/movie.293x165.jpg?t=1719317259', '{\"480\":\"https:\\/\\/video.akamai.steamstatic.com\\/store_trailers\\/257031043\\/movie480_vp9.webm?t=1719317259\",\"max\":\"https:\\/\\/video.akamai.steamstatic.com\\/store_trailers\\/257031043\\/movie_max_vp9.webm?t=1719317259\"}', '{\"480\":\"https:\\/\\/video.akamai.steamstatic.com\\/store_trailers\\/257031043\\/movie480.mp4?t=1719317259\",\"max\":\"https:\\/\\/video.akamai.steamstatic.com\\/store_trailers\\/257031043\\/movie_max.mp4?t=1719317259\"}', 'https://video.akamai.steamstatic.com/store_trailers/2300320/713557/d80de41c4a3311bc73a4d5d317bc461dff2657d5/1750811169/dash_av1.mpd?t=1719317259', 'https://video.akamai.steamstatic.com/store_trailers/2300320/713557/d80de41c4a3311bc73a4d5d317bc461dff2657d5/1750811169/dash_h264.mpd?t=1719317259', 'https://video.akamai.steamstatic.com/store_trailers/2300320/713557/d80de41c4a3311bc73a4d5d317bc461dff2657d5/1750811169/hls_264_master.m3u8?t=1719317259', false, NOW(), NOW());
INSERT INTO game_category (game_id, category_id, created_at, updated_at) VALUES (66, 39, NOW(), NOW());
INSERT INTO game_category (game_id, category_id, created_at, updated_at) VALUES (66, 24, NOW(), NOW());
INSERT INTO game_category (game_id, category_id, created_at, updated_at) VALUES (66, 7, NOW(), NOW());
INSERT INTO game_category (game_id, category_id, created_at, updated_at) VALUES (66, 26, NOW(), NOW());
INSERT INTO game_category (game_id, category_id, created_at, updated_at) VALUES (66, 41, NOW(), NOW());
INSERT INTO game_category (game_id, category_id, created_at, updated_at) VALUES (66, 13, NOW(), NOW());
INSERT INTO game_category (game_id, category_id, created_at, updated_at) VALUES (66, 42, NOW(), NOW());
INSERT INTO game_category (game_id, category_id, created_at, updated_at) VALUES (66, 12, NOW(), NOW());
INSERT INTO game_genre (game_id, genre_id, created_at, updated_at) VALUES (66, 16, NOW(), NOW());
INSERT INTO game_developer (game_id, developer_id, created_at, updated_at) VALUES (66, 43, NOW(), NOW());
INSERT INTO game_publisher (game_id, publisher_id, created_at, updated_at) VALUES (66, 34, NOW(), NOW());

-- Game #67: The Elder Scrolls V: Skyrim Special Edition
INSERT INTO games (id, steam_id, name, type, slug, short_description, required_age, is_free, have_dlc, icon, supported_languages, release_date, coming_soon, recommendations, achievements_count, positive_reviews, negative_reviews, total_reviews, positive_ratio, content_descriptors, is_active, created_at, updated_at) VALUES (67, 489830, 'The Elder Scrolls V: Skyrim Special Edition', 'game', 'the-elder-scrolls-v-skyrim-special-edition', 'Winner of more than 200 Game of the Year Awards, The Elder Scrolls V: Skyrim Special Edition brings the epic fantasy to life in stunning detail. The Special Edition includes the critically acclaimed game and add-ons with all-new features.', 17, false, true, 'https://shared.akamai.steamstatic.com/store_item_assets/steam/apps/489830/header.jpg?t=1753715778', '[\"English *\",\"French *\",\"Italian *\",\"German *\",\"Spanish - Spain *\",\"Polish *\",\"Traditional Chinese\",\"Russian *\",\"Japanese * * languages with full audio support\"]', '2016-10-27', false, 197962, 75, 232, 68, 300, 0.773, '{\"ids\":[1,5],\"notes\":\"Skyrim contains Blood and Gore, Intense Violence, Sexual Themes, Use of Alcohol, and Language.\"}', true, NOW(), NOW());
INSERT INTO game_platforms (game_id, windows, mac, linux, created_at, updated_at) VALUES (67, true, false, false, NOW(), NOW());
INSERT INTO game_requirements (game_id, pc_requirements, mac_requirements, linux_requirements, created_at, updated_at) VALUES (67, 'Minimum: OS *: Windows 7/8.1/10 (64-bit Version) Processor: Intel i5-750/AMD Phenom II X4-945 Memory: 8 GB RAM Graphics: NVIDIA GTX 470 1GB /AMD HD 7870 2GB Storage: 12 GB available space', '', '', NOW(), NOW());
INSERT INTO game_community_ratings (game_id, toxicity_rate, cheater_rate, bug_rate, microtransaction_rate, bad_optimization_rate, not_recommended_rate, created_at, updated_at) VALUES (67, 0, 0, 0.028, 0.006, 0.015, 0.028, NOW(), NOW());
INSERT INTO game_media (game_id, media_id, name, thumbnail, webm, mp4, dash_av1, dash_h264, hls_h264, highlight, created_at, updated_at) VALUES (67, 256672927, 'Skyrim Special Edition Trailer', 'https://shared.akamai.steamstatic.com/store_item_assets/steam/apps/256672927/movie.293x165.jpg?t=1476991615', '{\"480\":\"https:\\/\\/video.akamai.steamstatic.com\\/store_trailers\\/256672927\\/movie480.webm?t=1476991615\",\"max\":\"https:\\/\\/video.akamai.steamstatic.com\\/store_trailers\\/256672927\\/movie_max.webm?t=1476991615\"}', '{\"480\":\"https:\\/\\/video.akamai.steamstatic.com\\/store_trailers\\/256672927\\/movie480.mp4?t=1476991615\",\"max\":\"https:\\/\\/video.akamai.steamstatic.com\\/store_trailers\\/256672927\\/movie_max.mp4?t=1476991615\"}', 'https://video.akamai.steamstatic.com/store_trailers/489830/77128/20c56f14e492b05846f7262a246b4e4f0d455f7f/1750536877/dash_av1.mpd?t=1476991615', 'https://video.akamai.steamstatic.com/store_trailers/489830/77128/20c56f14e492b05846f7262a246b4e4f0d455f7f/1750536877/dash_h264.mpd?t=1476991615', 'https://video.akamai.steamstatic.com/store_trailers/489830/77128/20c56f14e492b05846f7262a246b4e4f0d455f7f/1750536877/hls_264_master.m3u8?t=1476991615', true, NOW(), NOW());
INSERT INTO game_media (game_id, media_id, name, thumbnail, webm, mp4, dash_av1, dash_h264, hls_h264, highlight, created_at, updated_at) VALUES (67, 256672841, 'Skyrim SE Live Action Trailer', 'https://shared.akamai.steamstatic.com/store_item_assets/steam/apps/256672841/movie.293x165.jpg?t=1476909226', '{\"480\":\"https:\\/\\/video.akamai.steamstatic.com\\/store_trailers\\/256672841\\/movie480.webm?t=1476909226\",\"max\":\"https:\\/\\/video.akamai.steamstatic.com\\/store_trailers\\/256672841\\/movie_max.webm?t=1476909226\"}', '{\"480\":\"https:\\/\\/video.akamai.steamstatic.com\\/store_trailers\\/256672841\\/movie480.mp4?t=1476909226\",\"max\":\"https:\\/\\/video.akamai.steamstatic.com\\/store_trailers\\/256672841\\/movie_max.mp4?t=1476909226\"}', 'https://video.akamai.steamstatic.com/store_trailers/489830/76994/d34a1d9266cd9ea5eb9f0e6ff8b2c23bddc28368/1750536868/dash_av1.mpd?t=1476909226', 'https://video.akamai.steamstatic.com/store_trailers/489830/76994/d34a1d9266cd9ea5eb9f0e6ff8b2c23bddc28368/1750536868/dash_h264.mpd?t=1476909226', 'https://video.akamai.steamstatic.com/store_trailers/489830/76994/d34a1d9266cd9ea5eb9f0e6ff8b2c23bddc28368/1750536868/hls_264_master.m3u8?t=1476909226', true, NOW(), NOW());
INSERT INTO game_category (game_id, category_id, created_at, updated_at) VALUES (67, 39, NOW(), NOW());
INSERT INTO game_category (game_id, category_id, created_at, updated_at) VALUES (67, 41, NOW(), NOW());
INSERT INTO game_category (game_id, category_id, created_at, updated_at) VALUES (67, 29, NOW(), NOW());
INSERT INTO game_category (game_id, category_id, created_at, updated_at) VALUES (67, 35, NOW(), NOW());
INSERT INTO game_category (game_id, category_id, created_at, updated_at) VALUES (67, 49, NOW(), NOW());
INSERT INTO game_category (game_id, category_id, created_at, updated_at) VALUES (67, 51, NOW(), NOW());
INSERT INTO game_category (game_id, category_id, created_at, updated_at) VALUES (67, 28, NOW(), NOW());
INSERT INTO game_category (game_id, category_id, created_at, updated_at) VALUES (67, 42, NOW(), NOW());
INSERT INTO game_category (game_id, category_id, created_at, updated_at) VALUES (67, 32, NOW(), NOW());
INSERT INTO game_category (game_id, category_id, created_at, updated_at) VALUES (67, 34, NOW(), NOW());
INSERT INTO game_category (game_id, category_id, created_at, updated_at) VALUES (67, 12, NOW(), NOW());
INSERT INTO game_genre (game_id, genre_id, created_at, updated_at) VALUES (67, 14, NOW(), NOW());
INSERT INTO game_developer (game_id, developer_id, created_at, updated_at) VALUES (67, 13, NOW(), NOW());
INSERT INTO game_publisher (game_id, publisher_id, created_at, updated_at) VALUES (67, 13, NOW(), NOW());

-- Game #68: Valheim
INSERT INTO games (id, steam_id, name, type, slug, short_description, required_age, is_free, have_dlc, icon, supported_languages, release_date, coming_soon, recommendations, achievements_count, positive_reviews, negative_reviews, total_reviews, positive_ratio, content_descriptors, is_active, created_at, updated_at) VALUES (68, 892970, 'Valheim', 'game', 'valheim', 'A brutal exploration and survival game for 1-10 players, set in a procedurally-generated purgatory inspired by viking culture. Battle, build, and conquer your way to a saga worthy of Odin’s patronage!', 0, false, true, 'https://shared.akamai.steamstatic.com/store_item_assets/steam/apps/892970/de0bdcf6c008c508a79d8e75eb91fc67f4bebd5d/header.jpg?t=1757486247', '[\"English\",\"French\",\"German\",\"Spanish - Spain\",\"Russian\",\"Simplified Chinese\",\"Turkish\",\"Japanese\",\"Portuguese - Brazil\",\"Polish\",\"Ukrainian\",\"Italian\",\"Korean\",\"Traditional Chinese\"]', '2021-02-02', false, 434570, 0, 105, 195, 300, 0.35, '{\"ids\":[],\"notes\":null}', true, NOW(), NOW());
INSERT INTO game_platforms (game_id, windows, mac, linux, created_at, updated_at) VALUES (68, true, true, true, NOW(), NOW());
INSERT INTO game_requirements (game_id, pc_requirements, mac_requirements, linux_requirements, created_at, updated_at) VALUES (68, 'Minimum: Requires a 64-bit processor and operating system OS: Windows 10 or later Processor: 2.6 GHz Quad Core or similar Memory: 8 GB RAM Graphics: GeForce GTX 950 or Radeon HD 7970 DirectX: Version 11 Storage: 1 GB available space Additional Notes: The following languages have been partially translated by the community: Svenska, Italiano, Romanian, български, македонски, Suomi, Dansk, íslenska, Lietuvių kalba, čeština, Magyar nyelv, Português europeu, 한국어 (불완전한), Norsk, ภาษาไทย, ქართული ენა, Abenaki, Slovenčina', 'Minimum: OS: MacOS 11 or later Processor: 2.6 GHz Quad Core or similar Memory: 8 GB RAM Graphics: Radeon Pro 450 or R9 M290X Storage: 3 GB available space', 'Minimum: OS: Any up to date version Processor: 2.6 GHz Dual Core or similar Memory: 8 GB RAM Graphics: GeForce GTX 950 or Radeon HD 7970 Storage: 2 GB available space', NOW(), NOW());
INSERT INTO game_community_ratings (game_id, toxicity_rate, cheater_rate, bug_rate, microtransaction_rate, bad_optimization_rate, not_recommended_rate, created_at, updated_at) VALUES (68, 0.026, 0.014, 0.012, 0, 0.022, 0.131, NOW(), NOW());
INSERT INTO game_media (game_id, media_id, name, thumbnail, webm, mp4, dash_av1, dash_h264, hls_h264, highlight, created_at, updated_at) VALUES (68, 257023147, 'Ashlands Animated Trailer', 'https://shared.akamai.steamstatic.com/store_item_assets/steam/apps/257023147/movie.293x165.jpg?t=1715688262', '{\"480\":\"https:\\/\\/video.akamai.steamstatic.com\\/store_trailers\\/257023147\\/movie480_vp9.webm?t=1715688262\",\"max\":\"https:\\/\\/video.akamai.steamstatic.com\\/store_trailers\\/257023147\\/movie_max_vp9.webm?t=1715688262\"}', '{\"480\":\"https:\\/\\/video.akamai.steamstatic.com\\/store_trailers\\/257023147\\/movie480.mp4?t=1715688262\",\"max\":\"https:\\/\\/video.akamai.steamstatic.com\\/store_trailers\\/257023147\\/movie_max.mp4?t=1715688262\"}', 'https://video.akamai.steamstatic.com/store_trailers/892970/700057/92243856917a479ef44b4ab22d3378a272c6fffc/1750594091/dash_av1.mpd?t=1715688262', 'https://video.akamai.steamstatic.com/store_trailers/892970/700057/92243856917a479ef44b4ab22d3378a272c6fffc/1750594091/dash_h264.mpd?t=1715688262', 'https://video.akamai.steamstatic.com/store_trailers/892970/700057/92243856917a479ef44b4ab22d3378a272c6fffc/1750594091/hls_264_master.m3u8?t=1715688262', true, NOW(), NOW());
INSERT INTO game_media (game_id, media_id, name, thumbnail, webm, mp4, dash_av1, dash_h264, hls_h264, highlight, created_at, updated_at) VALUES (68, 257017624, 'Ashlands Gameplay Trailer', 'https://shared.akamai.steamstatic.com/store_item_assets/steam/apps/257017624/movie.293x165.jpg?t=1713783864', '{\"480\":\"https:\\/\\/video.akamai.steamstatic.com\\/store_trailers\\/257017624\\/movie480_vp9.webm?t=1713783864\",\"max\":\"https:\\/\\/video.akamai.steamstatic.com\\/store_trailers\\/257017624\\/movie_max_vp9.webm?t=1713783864\"}', '{\"480\":\"https:\\/\\/video.akamai.steamstatic.com\\/store_trailers\\/257017624\\/movie480.mp4?t=1713783864\",\"max\":\"https:\\/\\/video.akamai.steamstatic.com\\/store_trailers\\/257017624\\/movie_max.mp4?t=1713783864\"}', 'https://video.akamai.steamstatic.com/store_trailers/892970/690390/d72844d76fc153a859f5f9be77c5b3edb3b2b89f/1750594074/dash_av1.mpd?t=1713783864', 'https://video.akamai.steamstatic.com/store_trailers/892970/690390/d72844d76fc153a859f5f9be77c5b3edb3b2b89f/1750594074/dash_h264.mpd?t=1713783864', 'https://video.akamai.steamstatic.com/store_trailers/892970/690390/d72844d76fc153a859f5f9be77c5b3edb3b2b89f/1750594074/hls_264_master.m3u8?t=1713783864', true, NOW(), NOW());
INSERT INTO game_media (game_id, media_id, name, thumbnail, webm, mp4, dash_av1, dash_h264, hls_h264, highlight, created_at, updated_at) VALUES (68, 256919598, 'Mistlands Gameplay Trailer', 'https://shared.akamai.steamstatic.com/store_item_assets/steam/apps/256919598/movie.293x165.jpg?t=1670328406', '{\"480\":\"https:\\/\\/video.akamai.steamstatic.com\\/store_trailers\\/256919598\\/movie480_vp9.webm?t=1670328406\",\"max\":\"https:\\/\\/video.akamai.steamstatic.com\\/store_trailers\\/256919598\\/movie_max_vp9.webm?t=1670328406\"}', '{\"480\":\"https:\\/\\/video.akamai.steamstatic.com\\/store_trailers\\/256919598\\/movie480.mp4?t=1670328406\",\"max\":\"https:\\/\\/video.akamai.steamstatic.com\\/store_trailers\\/256919598\\/movie_max.mp4?t=1670328406\"}', 'https://video.akamai.steamstatic.com/store_trailers/892970/519670/86e103a5d064fec1944deba945aabbb77099e877/1750594068/dash_av1.mpd?t=1670328406', 'https://video.akamai.steamstatic.com/store_trailers/892970/519670/86e103a5d064fec1944deba945aabbb77099e877/1750594068/dash_h264.mpd?t=1670328406', 'https://video.akamai.steamstatic.com/store_trailers/892970/519670/86e103a5d064fec1944deba945aabbb77099e877/1750594068/hls_264_master.m3u8?t=1670328406', true, NOW(), NOW());
INSERT INTO game_media (game_id, media_id, name, thumbnail, webm, mp4, dash_av1, dash_h264, hls_h264, highlight, created_at, updated_at) VALUES (68, 256820008, 'Early Access Launch Trailer', 'https://shared.akamai.steamstatic.com/store_item_assets/steam/apps/256820008/movie.293x165.jpg?t=1612278985', '{\"480\":\"https:\\/\\/video.akamai.steamstatic.com\\/store_trailers\\/256820008\\/movie480_vp9.webm?t=1612278985\",\"max\":\"https:\\/\\/video.akamai.steamstatic.com\\/store_trailers\\/256820008\\/movie_max_vp9.webm?t=1612278985\"}', '{\"480\":\"https:\\/\\/video.akamai.steamstatic.com\\/store_trailers\\/256820008\\/movie480.mp4?t=1612278985\",\"max\":\"https:\\/\\/video.akamai.steamstatic.com\\/store_trailers\\/256820008\\/movie_max.mp4?t=1612278985\"}', 'https://video.akamai.steamstatic.com/store_trailers/892970/343833/29b59654b58ce6153f88c9d00200f78793f59323/1750594040/dash_av1.mpd?t=1612278985', 'https://video.akamai.steamstatic.com/store_trailers/892970/343833/29b59654b58ce6153f88c9d00200f78793f59323/1750594040/dash_h264.mpd?t=1612278985', 'https://video.akamai.steamstatic.com/store_trailers/892970/343833/29b59654b58ce6153f88c9d00200f78793f59323/1750594040/hls_264_master.m3u8?t=1612278985', true, NOW(), NOW());
INSERT INTO game_media (game_id, media_id, name, thumbnail, webm, mp4, dash_av1, dash_h264, hls_h264, highlight, created_at, updated_at) VALUES (68, 256919597, 'Mistlands Animated trailer', 'https://shared.akamai.steamstatic.com/store_item_assets/steam/apps/256919597/movie.293x165.jpg?t=1670328411', '{\"480\":\"https:\\/\\/video.akamai.steamstatic.com\\/store_trailers\\/256919597\\/movie480_vp9.webm?t=1670328411\",\"max\":\"https:\\/\\/video.akamai.steamstatic.com\\/store_trailers\\/256919597\\/movie_max_vp9.webm?t=1670328411\"}', '{\"480\":\"https:\\/\\/video.akamai.steamstatic.com\\/store_trailers\\/256919597\\/movie480.mp4?t=1670328411\",\"max\":\"https:\\/\\/video.akamai.steamstatic.com\\/store_trailers\\/256919597\\/movie_max.mp4?t=1670328411\"}', 'https://video.akamai.steamstatic.com/store_trailers/892970/519666/7c43b29816e1ddfd923185f048b5676f69943d79/1750594068/dash_av1.mpd?t=1670328411', 'https://video.akamai.steamstatic.com/store_trailers/892970/519666/7c43b29816e1ddfd923185f048b5676f69943d79/1750594068/dash_h264.mpd?t=1670328411', 'https://video.akamai.steamstatic.com/store_trailers/892970/519666/7c43b29816e1ddfd923185f048b5676f69943d79/1750594068/hls_264_master.m3u8?t=1670328411', true, NOW(), NOW());
INSERT INTO game_media (game_id, media_id, name, thumbnail, webm, mp4, dash_av1, dash_h264, hls_h264, highlight, created_at, updated_at) VALUES (68, 256863747, 'Hearth & Home Animated Trailer', 'https://shared.akamai.steamstatic.com/store_item_assets/steam/apps/256863747/movie.293x165.jpg?t=1715688266', '{\"480\":\"https:\\/\\/video.akamai.steamstatic.com\\/store_trailers\\/256863747\\/movie480_vp9.webm?t=1715688266\",\"max\":\"https:\\/\\/video.akamai.steamstatic.com\\/store_trailers\\/256863747\\/movie_max_vp9.webm?t=1715688266\"}', '{\"480\":\"https:\\/\\/video.akamai.steamstatic.com\\/store_trailers\\/256863747\\/movie480.mp4?t=1715688266\",\"max\":\"https:\\/\\/video.akamai.steamstatic.com\\/store_trailers\\/256863747\\/movie_max.mp4?t=1715688266\"}', 'https://video.akamai.steamstatic.com/store_trailers/892970/422769/3140449b4695a04a8fbdfd90680723458c935bcf/1750594060/dash_av1.mpd?t=1715688266', 'https://video.akamai.steamstatic.com/store_trailers/892970/422769/3140449b4695a04a8fbdfd90680723458c935bcf/1750594060/dash_h264.mpd?t=1715688266', 'https://video.akamai.steamstatic.com/store_trailers/892970/422769/3140449b4695a04a8fbdfd90680723458c935bcf/1750594060/hls_264_master.m3u8?t=1715688266', true, NOW(), NOW());
INSERT INTO game_media (game_id, media_id, name, thumbnail, webm, mp4, dash_av1, dash_h264, hls_h264, highlight, created_at, updated_at) VALUES (68, 256851823, 'Hearth & Home Gameplay Trailer', 'https://shared.akamai.steamstatic.com/store_item_assets/steam/apps/256851823/movie.293x165.jpg?t=1715688270', '{\"480\":\"https:\\/\\/video.akamai.steamstatic.com\\/store_trailers\\/256851823\\/movie480_vp9.webm?t=1715688270\",\"max\":\"https:\\/\\/video.akamai.steamstatic.com\\/store_trailers\\/256851823\\/movie_max_vp9.webm?t=1715688270\"}', '{\"480\":\"https:\\/\\/video.akamai.steamstatic.com\\/store_trailers\\/256851823\\/movie480.mp4?t=1715688270\",\"max\":\"https:\\/\\/video.akamai.steamstatic.com\\/store_trailers\\/256851823\\/movie_max.mp4?t=1715688270\"}', 'https://video.akamai.steamstatic.com/store_trailers/892970/401761/429c130b298d4f58bef31c97ccaeed0a6052ead9/1750594057/dash_av1.mpd?t=1715688270', 'https://video.akamai.steamstatic.com/store_trailers/892970/401761/429c130b298d4f58bef31c97ccaeed0a6052ead9/1750594057/dash_h264.mpd?t=1715688270', 'https://video.akamai.steamstatic.com/store_trailers/892970/401761/429c130b298d4f58bef31c97ccaeed0a6052ead9/1750594057/hls_264_master.m3u8?t=1715688270', true, NOW(), NOW());
INSERT INTO game_category (game_id, category_id, created_at, updated_at) VALUES (68, 39, NOW(), NOW());
INSERT INTO game_category (game_id, category_id, created_at, updated_at) VALUES (68, 24, NOW(), NOW());
INSERT INTO game_category (game_id, category_id, created_at, updated_at) VALUES (68, 7, NOW(), NOW());
INSERT INTO game_category (game_id, category_id, created_at, updated_at) VALUES (68, 26, NOW(), NOW());
INSERT INTO game_category (game_id, category_id, created_at, updated_at) VALUES (68, 13, NOW(), NOW());
INSERT INTO game_category (game_id, category_id, created_at, updated_at) VALUES (68, 42, NOW(), NOW());
INSERT INTO game_category (game_id, category_id, created_at, updated_at) VALUES (68, 34, NOW(), NOW());
INSERT INTO game_category (game_id, category_id, created_at, updated_at) VALUES (68, 12, NOW(), NOW());
INSERT INTO game_genre (game_id, genre_id, created_at, updated_at) VALUES (68, 1, NOW(), NOW());
INSERT INTO game_genre (game_id, genre_id, created_at, updated_at) VALUES (68, 2, NOW(), NOW());
INSERT INTO game_genre (game_id, genre_id, created_at, updated_at) VALUES (68, 11, NOW(), NOW());
INSERT INTO game_genre (game_id, genre_id, created_at, updated_at) VALUES (68, 14, NOW(), NOW());
INSERT INTO game_genre (game_id, genre_id, created_at, updated_at) VALUES (68, 7, NOW(), NOW());
INSERT INTO game_developer (game_id, developer_id, created_at, updated_at) VALUES (68, 51, NOW(), NOW());
INSERT INTO game_publisher (game_id, publisher_id, created_at, updated_at) VALUES (68, 19, NOW(), NOW());

-- Game #69: THE FINALS
INSERT INTO games (id, steam_id, name, type, slug, short_description, required_age, is_free, have_dlc, icon, supported_languages, release_date, coming_soon, recommendations, achievements_count, positive_reviews, negative_reviews, total_reviews, positive_ratio, content_descriptors, is_active, created_at, updated_at) VALUES (69, 2073850, 'THE FINALS', 'game', 'the-finals', 'THE FINALS is the world’s first Dynamism Shooter, a free-to-play, fast-paced, physics-driven, first-person shooter set on the stage of the biggest Gameshow of the future! Fight for Fans and fortune in fully-destructible, virtual Arenas that guarantee no two rounds will ever play the same!', 0, true, true, 'https://shared.akamai.steamstatic.com/store_item_assets/steam/apps/2073850/a32b488108690704908fd54963c208cf85f39714/header.jpg?t=1761214157', '[\"English *\",\"French\",\"German\",\"Spanish - Spain\",\"Japanese\",\"Korean\",\"Portuguese - Brazil\",\"Simplified Chinese\",\"Traditional Chinese\",\"Polish\",\"Turkish * languages with full audio support\"]', '2023-12-07', false, 0, 50, 66, 234, 300, 0.22, '{\"ids\":[],\"notes\":null}', true, NOW(), NOW());
INSERT INTO game_platforms (game_id, windows, mac, linux, created_at, updated_at) VALUES (69, true, false, false, NOW(), NOW());
INSERT INTO game_requirements (game_id, pc_requirements, mac_requirements, linux_requirements, created_at, updated_at) VALUES (69, 'Minimum: OS: Windows 10 or later 64-bit (latest update) Processor: Intel Core i5-6600K or AMD Ryzen R5 1600 processor Memory: 12 GB RAM Graphics: NVIDIA GeForce GTX 1050 Ti or AMD Radeon RX 580 DirectX: Version 12', '', '', NOW(), NOW());
INSERT INTO game_community_ratings (game_id, toxicity_rate, cheater_rate, bug_rate, microtransaction_rate, bad_optimization_rate, not_recommended_rate, created_at, updated_at) VALUES (69, 0.105, 0.106, 0.067, 0.034, 0.082, 0.181, NOW(), NOW());
INSERT INTO game_media (game_id, media_id, name, thumbnail, webm, mp4, dash_av1, dash_h264, hls_h264, highlight, created_at, updated_at) VALUES (69, 257195649, 'THE FINALS - Season 8 Trailer', 'https://shared.akamai.steamstatic.com/store_item_assets/steam/apps/257195649/fffe748ced9d93b8a1eb7a6fa62e58dfa992e417/movie_600x337.jpg?t=1757516149', '{\"480\":\"https:\\/\\/video.akamai.steamstatic.com\\/store_trailers\\/257195649\\/movie480_vp9.webm?t=1757516149\",\"max\":\"https:\\/\\/video.akamai.steamstatic.com\\/store_trailers\\/257195649\\/movie_max_vp9.webm?t=1757516149\"}', '{\"480\":\"https:\\/\\/video.akamai.steamstatic.com\\/store_trailers\\/257195649\\/movie480.mp4?t=1757516149\",\"max\":\"https:\\/\\/video.akamai.steamstatic.com\\/store_trailers\\/257195649\\/movie_max.mp4?t=1757516149\"}', 'https://video.akamai.steamstatic.com/store_trailers/2073850/675515308/4c03fae9100616f0cc85d50ea511240bb1ed5359/1757510369/dash_av1.mpd?t=1757516149', 'https://video.akamai.steamstatic.com/store_trailers/2073850/675515308/4c03fae9100616f0cc85d50ea511240bb1ed5359/1757510369/dash_h264.mpd?t=1757516149', 'https://video.akamai.steamstatic.com/store_trailers/2073850/675515308/4c03fae9100616f0cc85d50ea511240bb1ed5359/1757510369/hls_264_master.m3u8?t=1757516149', true, NOW(), NOW());
INSERT INTO game_media (game_id, media_id, name, thumbnail, webm, mp4, dash_av1, dash_h264, hls_h264, highlight, created_at, updated_at) VALUES (69, 257102318, 'THE FINALS - Intro Trailer', 'https://shared.akamai.steamstatic.com/store_item_assets/steam/apps/257102318/e4628900c681982f0d89c82fbb5a3493a0b284fe/movie_600x337.jpg?t=1742475028', '{\"480\":\"https:\\/\\/video.akamai.steamstatic.com\\/store_trailers\\/257102318\\/movie480_vp9.webm?t=1742475028\",\"max\":\"https:\\/\\/video.akamai.steamstatic.com\\/store_trailers\\/257102318\\/movie_max_vp9.webm?t=1742475028\"}', '{\"480\":\"https:\\/\\/video.akamai.steamstatic.com\\/store_trailers\\/257102318\\/movie480.mp4?t=1742475028\",\"max\":\"https:\\/\\/video.akamai.steamstatic.com\\/store_trailers\\/257102318\\/movie_max.mp4?t=1742475028\"}', 'https://video.akamai.steamstatic.com/store_trailers/2073850/835193/2391ceec90fdec03971150f6862578ebaf97aa9f/1750745996/dash_av1.mpd?t=1742475028', 'https://video.akamai.steamstatic.com/store_trailers/2073850/835193/2391ceec90fdec03971150f6862578ebaf97aa9f/1750745996/dash_h264.mpd?t=1742475028', 'https://video.akamai.steamstatic.com/store_trailers/2073850/835193/2391ceec90fdec03971150f6862578ebaf97aa9f/1750745996/hls_264_master.m3u8?t=1742475028', true, NOW(), NOW());
INSERT INTO game_media (game_id, media_id, name, thumbnail, webm, mp4, dash_av1, dash_h264, hls_h264, highlight, created_at, updated_at) VALUES (69, 257116717, 'THE FINALS - Come and Play', 'https://shared.akamai.steamstatic.com/store_item_assets/steam/apps/257116717/aeac6dca910f5b317d12290752798e4f76562236/movie_600x337.jpg?t=1749742747', '{\"480\":\"https:\\/\\/video.akamai.steamstatic.com\\/store_trailers\\/257116717\\/movie480_vp9.webm?t=1749742747\",\"max\":\"https:\\/\\/video.akamai.steamstatic.com\\/store_trailers\\/257116717\\/movie_max_vp9.webm?t=1749742747\"}', '{\"480\":\"https:\\/\\/video.akamai.steamstatic.com\\/store_trailers\\/257116717\\/movie480.mp4?t=1749742747\",\"max\":\"https:\\/\\/video.akamai.steamstatic.com\\/store_trailers\\/257116717\\/movie_max.mp4?t=1749742747\"}', 'https://video.akamai.steamstatic.com/store_trailers/2073850/579832966/d1456d55d52c40806887cf23716bbb8546e7921e/1750746001/dash_av1.mpd?t=1749742747', 'https://video.akamai.steamstatic.com/store_trailers/2073850/579832966/d1456d55d52c40806887cf23716bbb8546e7921e/1750746001/dash_h264.mpd?t=1749742747', 'https://video.akamai.steamstatic.com/store_trailers/2073850/579832966/d1456d55d52c40806887cf23716bbb8546e7921e/1750746001/hls_264_master.m3u8?t=1749742747', false, NOW(), NOW());
INSERT INTO game_category (game_id, category_id, created_at, updated_at) VALUES (69, 24, NOW(), NOW());
INSERT INTO game_category (game_id, category_id, created_at, updated_at) VALUES (69, 30, NOW(), NOW());
INSERT INTO game_category (game_id, category_id, created_at, updated_at) VALUES (69, 27, NOW(), NOW());
INSERT INTO game_category (game_id, category_id, created_at, updated_at) VALUES (69, 7, NOW(), NOW());
INSERT INTO game_category (game_id, category_id, created_at, updated_at) VALUES (69, 26, NOW(), NOW());
INSERT INTO game_category (game_id, category_id, created_at, updated_at) VALUES (69, 10, NOW(), NOW());
INSERT INTO game_category (game_id, category_id, created_at, updated_at) VALUES (69, 41, NOW(), NOW());
INSERT INTO game_category (game_id, category_id, created_at, updated_at) VALUES (69, 13, NOW(), NOW());
INSERT INTO game_category (game_id, category_id, created_at, updated_at) VALUES (69, 16, NOW(), NOW());
INSERT INTO game_genre (game_id, genre_id, created_at, updated_at) VALUES (69, 1, NOW(), NOW());
INSERT INTO game_genre (game_id, genre_id, created_at, updated_at) VALUES (69, 9, NOW(), NOW());
INSERT INTO game_developer (game_id, developer_id, created_at, updated_at) VALUES (69, 34, NOW(), NOW());
INSERT INTO game_publisher (game_id, publisher_id, created_at, updated_at) VALUES (69, 27, NOW(), NOW());

-- Game #70: Hogwarts Legacy
INSERT INTO games (id, steam_id, name, type, slug, short_description, required_age, is_free, have_dlc, icon, supported_languages, release_date, coming_soon, recommendations, achievements_count, positive_reviews, negative_reviews, total_reviews, positive_ratio, content_descriptors, is_active, created_at, updated_at) VALUES (70, 990080, 'Hogwarts Legacy', 'game', 'hogwarts-legacy', 'Hogwarts Legacy is an immersive, open-world action RPG. Now you can take control of the action and be at the center of your own adventure in the wizarding world.', 0, false, true, 'https://shared.akamai.steamstatic.com/store_item_assets/steam/apps/990080/a3cdc6f40d97df8ac993679c2dd1edeb5222421e/header.jpg?t=1753912780', '[\"English *\",\"French *\",\"Italian *\",\"German *\",\"Spanish - Spain *\",\"Arabic\",\"Japanese *\",\"Korean\",\"Polish\",\"Portuguese - Brazil *\",\"Russian\",\"Simplified Chinese\",\"Spanish - Latin America *\",\"Traditional Chinese * languages with full audio support\"]', '2023-02-10', false, 246398, 45, 113, 187, 300, 0.377, '{\"ids\":[],\"notes\":null}', true, NOW(), NOW());
INSERT INTO game_platforms (game_id, windows, mac, linux, created_at, updated_at) VALUES (70, true, false, false, NOW(), NOW());
INSERT INTO game_requirements (game_id, pc_requirements, mac_requirements, linux_requirements, created_at, updated_at) VALUES (70, 'Minimum: Requires a 64-bit processor and operating system OS: 64-bit Windows 10 Processor: Intel Core i5-6600 (3.3Ghz) or AMD Ryzen 5 1400 (3.2Ghz) Memory: 16 GB RAM Graphics: NVIDIA GeForce GTX 960 4GB or AMD Radeon RX 470 4GB DirectX: Version 12 Storage: 85 GB available space Additional Notes: SSD (Preferred), HDD (Supported), 720p/30 fps, Low Quality Settings', 'Minimum:', 'Minimum:', NOW(), NOW());
INSERT INTO game_community_ratings (game_id, toxicity_rate, cheater_rate, bug_rate, microtransaction_rate, bad_optimization_rate, not_recommended_rate, created_at, updated_at) VALUES (70, 0, 0, 0.04, 0.017, 0.065, 0.146, NOW(), NOW());
INSERT INTO game_media (game_id, media_id, name, thumbnail, webm, mp4, dash_av1, dash_h264, hls_h264, highlight, created_at, updated_at) VALUES (70, 256930503, 'Hogwarts Legacy Launch Trailer ESRB', 'https://shared.akamai.steamstatic.com/store_item_assets/steam/apps/256930503/movie.293x165.jpg?t=1676412597', '{\"480\":\"https:\\/\\/video.akamai.steamstatic.com\\/store_trailers\\/256930503\\/movie480_vp9.webm?t=1676412597\",\"max\":\"https:\\/\\/video.akamai.steamstatic.com\\/store_trailers\\/256930503\\/movie_max_vp9.webm?t=1676412597\"}', '{\"480\":\"https:\\/\\/video.akamai.steamstatic.com\\/store_trailers\\/256930503\\/movie480.mp4?t=1676412597\",\"max\":\"https:\\/\\/video.akamai.steamstatic.com\\/store_trailers\\/256930503\\/movie_max.mp4?t=1676412597\"}', 'https://video.akamai.steamstatic.com/store_trailers/990080/539066/d65e68ce2361789449a04c563a3709884be42459/1750604670/dash_av1.mpd?t=1676412597', 'https://video.akamai.steamstatic.com/store_trailers/990080/539066/d65e68ce2361789449a04c563a3709884be42459/1750604670/dash_h264.mpd?t=1676412597', 'https://video.akamai.steamstatic.com/store_trailers/990080/539066/d65e68ce2361789449a04c563a3709884be42459/1750604670/hls_264_master.m3u8?t=1676412597', true, NOW(), NOW());
INSERT INTO game_media (game_id, media_id, name, thumbnail, webm, mp4, dash_av1, dash_h264, hls_h264, highlight, created_at, updated_at) VALUES (70, 256926763, 'Hogwarts Legacy CG Trailer ESRB', 'https://shared.akamai.steamstatic.com/store_item_assets/steam/apps/256926763/movie.293x165.jpg?t=1674596513', '{\"480\":\"https:\\/\\/video.akamai.steamstatic.com\\/store_trailers\\/256926763\\/movie480_vp9.webm?t=1674596513\",\"max\":\"https:\\/\\/video.akamai.steamstatic.com\\/store_trailers\\/256926763\\/movie_max_vp9.webm?t=1674596513\"}', '{\"480\":\"https:\\/\\/video.akamai.steamstatic.com\\/store_trailers\\/256926763\\/movie480.mp4?t=1674596513\",\"max\":\"https:\\/\\/video.akamai.steamstatic.com\\/store_trailers\\/256926763\\/movie_max.mp4?t=1674596513\"}', 'https://video.akamai.steamstatic.com/store_trailers/990080/532397/a1234838e313df774499f745b48f5424d6a7b410/1750604656/dash_av1.mpd?t=1674596513', 'https://video.akamai.steamstatic.com/store_trailers/990080/532397/a1234838e313df774499f745b48f5424d6a7b410/1750604656/dash_h264.mpd?t=1674596513', 'https://video.akamai.steamstatic.com/store_trailers/990080/532397/a1234838e313df774499f745b48f5424d6a7b410/1750604656/hls_264_master.m3u8?t=1674596513', true, NOW(), NOW());
INSERT INTO game_category (game_id, category_id, created_at, updated_at) VALUES (70, 39, NOW(), NOW());
INSERT INTO game_category (game_id, category_id, created_at, updated_at) VALUES (70, 41, NOW(), NOW());
INSERT INTO game_category (game_id, category_id, created_at, updated_at) VALUES (70, 13, NOW(), NOW());
INSERT INTO game_category (game_id, category_id, created_at, updated_at) VALUES (70, 16, NOW(), NOW());
INSERT INTO game_category (game_id, category_id, created_at, updated_at) VALUES (70, 2, NOW(), NOW());
INSERT INTO game_category (game_id, category_id, created_at, updated_at) VALUES (70, 3, NOW(), NOW());
INSERT INTO game_category (game_id, category_id, created_at, updated_at) VALUES (70, 11, NOW(), NOW());
INSERT INTO game_category (game_id, category_id, created_at, updated_at) VALUES (70, 25, NOW(), NOW());
INSERT INTO game_category (game_id, category_id, created_at, updated_at) VALUES (70, 35, NOW(), NOW());
INSERT INTO game_category (game_id, category_id, created_at, updated_at) VALUES (70, 49, NOW(), NOW());
INSERT INTO game_category (game_id, category_id, created_at, updated_at) VALUES (70, 51, NOW(), NOW());
INSERT INTO game_category (game_id, category_id, created_at, updated_at) VALUES (70, 42, NOW(), NOW());
INSERT INTO game_category (game_id, category_id, created_at, updated_at) VALUES (70, 15, NOW(), NOW());
INSERT INTO game_category (game_id, category_id, created_at, updated_at) VALUES (70, 12, NOW(), NOW());
INSERT INTO game_genre (game_id, genre_id, created_at, updated_at) VALUES (70, 1, NOW(), NOW());
INSERT INTO game_genre (game_id, genre_id, created_at, updated_at) VALUES (70, 2, NOW(), NOW());
INSERT INTO game_genre (game_id, genre_id, created_at, updated_at) VALUES (70, 14, NOW(), NOW());
INSERT INTO game_developer (game_id, developer_id, created_at, updated_at) VALUES (70, 8, NOW(), NOW());
INSERT INTO game_publisher (game_id, publisher_id, created_at, updated_at) VALUES (70, 84, NOW(), NOW());

-- Game #71: Forza Horizon 5
INSERT INTO games (id, steam_id, name, type, slug, short_description, required_age, is_free, have_dlc, icon, supported_languages, release_date, coming_soon, recommendations, achievements_count, positive_reviews, negative_reviews, total_reviews, positive_ratio, content_descriptors, is_active, created_at, updated_at) VALUES (71, 1551360, 'Forza Horizon 5', 'game', 'forza-horizon-5', 'Explore the vibrant open world landscapes of Mexico with limitless, fun driving action in the world’s greatest cars.', 0, false, true, 'https://shared.akamai.steamstatic.com/store_item_assets/steam/apps/1551360/header.jpg?t=1746471508', '[\"English *\",\"French *\",\"Italian *\",\"German *\",\"Spanish - Spain *\",\"Czech\",\"Hungarian\",\"Japanese *\",\"Korean *\",\"Polish\",\"Portuguese - Brazil *\",\"Russian\",\"Simplified Chinese *\",\"Spanish - Latin America *\",\"Traditional Chinese *\",\"Turkish * languages with full audio support\"]', '2021-11-08', false, 224166, 164, 117, 183, 300, 0.39, '{\"ids\":[],\"notes\":null}', true, NOW(), NOW());
INSERT INTO game_platforms (game_id, windows, mac, linux, created_at, updated_at) VALUES (71, true, false, false, NOW(), NOW());
INSERT INTO game_requirements (game_id, pc_requirements, mac_requirements, linux_requirements, created_at, updated_at) VALUES (71, 'Minimum: Requires a 64-bit processor and operating system OS: Windows 10 version 18362.0 or higher Processor: Intel i5-4460 or AMD Ryzen 3 1200 Memory: 8 GB RAM Graphics: NVidia GTX 970, AMD RX 470, OR Intel Arc A380 DirectX: Version 12 Network: Broadband Internet connection Storage: 110 GB available space', 'Minimum:', 'Minimum:', NOW(), NOW());
INSERT INTO game_community_ratings (game_id, toxicity_rate, cheater_rate, bug_rate, microtransaction_rate, bad_optimization_rate, not_recommended_rate, created_at, updated_at) VALUES (71, 0.022, 0.042, 0.05, 0.01, 0.048, 0.056, NOW(), NOW());
INSERT INTO game_media (game_id, media_id, name, thumbnail, webm, mp4, dash_av1, dash_h264, hls_h264, highlight, created_at, updated_at) VALUES (71, 256875134, 'Forza Horizon 5 Accolades Trailer', 'https://shared.akamai.steamstatic.com/store_item_assets/steam/apps/256875134/movie.293x165.jpg?t=1647525311', '{\"480\":\"https:\\/\\/video.akamai.steamstatic.com\\/store_trailers\\/256875134\\/movie480_vp9.webm?t=1647525311\",\"max\":\"https:\\/\\/video.akamai.steamstatic.com\\/store_trailers\\/256875134\\/movie_max_vp9.webm?t=1647525311\"}', '{\"480\":\"https:\\/\\/video.akamai.steamstatic.com\\/store_trailers\\/256875134\\/movie480.mp4?t=1647525311\",\"max\":\"https:\\/\\/video.akamai.steamstatic.com\\/store_trailers\\/256875134\\/movie_max.mp4?t=1647525311\"}', 'https://video.akamai.steamstatic.com/store_trailers/1551360/442268/66eddb8cdf196bf7c8d9bb8e8895bd7f60133cc1/1750700745/dash_av1.mpd?t=1647525311', 'https://video.akamai.steamstatic.com/store_trailers/1551360/442268/66eddb8cdf196bf7c8d9bb8e8895bd7f60133cc1/1750700745/dash_h264.mpd?t=1647525311', 'https://video.akamai.steamstatic.com/store_trailers/1551360/442268/66eddb8cdf196bf7c8d9bb8e8895bd7f60133cc1/1750700745/hls_264_master.m3u8?t=1647525311', true, NOW(), NOW());
INSERT INTO game_media (game_id, media_id, name, thumbnail, webm, mp4, dash_av1, dash_h264, hls_h264, highlight, created_at, updated_at) VALUES (71, 256859757, 'Forza Horizon 5 Launch Trailer', 'https://shared.akamai.steamstatic.com/store_item_assets/steam/apps/256859757/movie.293x165.jpg?t=1636489104', '{\"480\":\"https:\\/\\/video.akamai.steamstatic.com\\/store_trailers\\/256859757\\/movie480_vp9.webm?t=1636489104\",\"max\":\"https:\\/\\/video.akamai.steamstatic.com\\/store_trailers\\/256859757\\/movie_max_vp9.webm?t=1636489104\"}', '{\"480\":\"https:\\/\\/video.akamai.steamstatic.com\\/store_trailers\\/256859757\\/movie480.mp4?t=1636489104\",\"max\":\"https:\\/\\/video.akamai.steamstatic.com\\/store_trailers\\/256859757\\/movie_max.mp4?t=1636489104\"}', 'https://video.akamai.steamstatic.com/store_trailers/1551360/415818/c7f56150fb05a56618bd5675f8d2770a2c9b1a20/1750700743/dash_av1.mpd?t=1636489104', 'https://video.akamai.steamstatic.com/store_trailers/1551360/415818/c7f56150fb05a56618bd5675f8d2770a2c9b1a20/1750700743/dash_h264.mpd?t=1636489104', 'https://video.akamai.steamstatic.com/store_trailers/1551360/415818/c7f56150fb05a56618bd5675f8d2770a2c9b1a20/1750700743/hls_264_master.m3u8?t=1636489104', true, NOW(), NOW());
INSERT INTO game_category (game_id, category_id, created_at, updated_at) VALUES (71, 39, NOW(), NOW());
INSERT INTO game_category (game_id, category_id, created_at, updated_at) VALUES (71, 24, NOW(), NOW());
INSERT INTO game_category (game_id, category_id, created_at, updated_at) VALUES (71, 30, NOW(), NOW());
INSERT INTO game_category (game_id, category_id, created_at, updated_at) VALUES (71, 27, NOW(), NOW());
INSERT INTO game_category (game_id, category_id, created_at, updated_at) VALUES (71, 7, NOW(), NOW());
INSERT INTO game_category (game_id, category_id, created_at, updated_at) VALUES (71, 26, NOW(), NOW());
INSERT INTO game_category (game_id, category_id, created_at, updated_at) VALUES (71, 10, NOW(), NOW());
INSERT INTO game_category (game_id, category_id, created_at, updated_at) VALUES (71, 41, NOW(), NOW());
INSERT INTO game_category (game_id, category_id, created_at, updated_at) VALUES (71, 13, NOW(), NOW());
INSERT INTO game_category (game_id, category_id, created_at, updated_at) VALUES (71, 45, NOW(), NOW());
INSERT INTO game_category (game_id, category_id, created_at, updated_at) VALUES (71, 42, NOW(), NOW());
INSERT INTO game_category (game_id, category_id, created_at, updated_at) VALUES (71, 15, NOW(), NOW());
INSERT INTO game_category (game_id, category_id, created_at, updated_at) VALUES (71, 12, NOW(), NOW());
INSERT INTO game_genre (game_id, genre_id, created_at, updated_at) VALUES (71, 1, NOW(), NOW());
INSERT INTO game_genre (game_id, genre_id, created_at, updated_at) VALUES (71, 2, NOW(), NOW());
INSERT INTO game_genre (game_id, genre_id, created_at, updated_at) VALUES (71, 15, NOW(), NOW());
INSERT INTO game_genre (game_id, genre_id, created_at, updated_at) VALUES (71, 16, NOW(), NOW());
INSERT INTO game_genre (game_id, genre_id, created_at, updated_at) VALUES (71, 17, NOW(), NOW());
INSERT INTO game_developer (game_id, developer_id, created_at, updated_at) VALUES (71, 75, NOW(), NOW());
INSERT INTO game_publisher (game_id, publisher_id, created_at, updated_at) VALUES (71, 85, NOW(), NOW());

-- Game #72: eFootball™
INSERT INTO games (id, steam_id, name, type, slug, short_description, required_age, is_free, have_dlc, icon, supported_languages, release_date, coming_soon, recommendations, achievements_count, positive_reviews, negative_reviews, total_reviews, positive_ratio, content_descriptors, is_active, created_at, updated_at) VALUES (72, 1665460, 'eFootball™', 'game', 'efootball', 'Step up and experience the exhilarating soccer game that has now surpassed 900 million downloads! The stars of today, legends of the past, and fellow users from around the world are all waiting for you!', 0, true, false, 'https://shared.akamai.steamstatic.com/store_item_assets/steam/apps/1665460/0fb7eebc292768714f2b3be666d59b59a11b0031/header.jpg?t=1761192425', '[\"English *\",\"French *\",\"Italian *\",\"German *\",\"Spanish - Spain *\",\"Arabic *\",\"Japanese *\",\"Korean *\",\"Portuguese - Portugal *\",\"Portuguese - Brazil *\",\"Russian\",\"Simplified Chinese *\",\"Spanish - Latin America *\",\"Traditional Chinese *\",\"Turkish *\",\"Indonesian\",\"Thai * languages with full audio support\"]', '2021-09-29', false, 1213, 0, 74, 226, 300, 0.247, '{\"ids\":[],\"notes\":null}', true, NOW(), NOW());
INSERT INTO game_platforms (game_id, windows, mac, linux, created_at, updated_at) VALUES (72, true, false, false, NOW(), NOW());
INSERT INTO game_requirements (game_id, pc_requirements, mac_requirements, linux_requirements, created_at, updated_at) VALUES (72, 'Minimum: Requires a 64-bit processor and operating system OS: Windows 11 - 64bit Processor: Intel Core i5-2300, / AMD FX-4350 Memory: 8 GB RAM Graphics: GeForce GTX 660 Ti / Radeon HD 7790 Network: Broadband Internet connection Storage: 70 GB available space', 'Minimum:', 'Minimum:', NOW(), NOW());
INSERT INTO game_community_ratings (game_id, toxicity_rate, cheater_rate, bug_rate, microtransaction_rate, bad_optimization_rate, not_recommended_rate, created_at, updated_at) VALUES (72, 0.035, 0.038, 0.016, 0.025, 0.029, 0.075, NOW(), NOW());
INSERT INTO game_category (game_id, category_id, created_at, updated_at) VALUES (72, 39, NOW(), NOW());
INSERT INTO game_category (game_id, category_id, created_at, updated_at) VALUES (72, 24, NOW(), NOW());
INSERT INTO game_category (game_id, category_id, created_at, updated_at) VALUES (72, 30, NOW(), NOW());
INSERT INTO game_category (game_id, category_id, created_at, updated_at) VALUES (72, 27, NOW(), NOW());
INSERT INTO game_category (game_id, category_id, created_at, updated_at) VALUES (72, 38, NOW(), NOW());
INSERT INTO game_category (game_id, category_id, created_at, updated_at) VALUES (72, 7, NOW(), NOW());
INSERT INTO game_category (game_id, category_id, created_at, updated_at) VALUES (72, 26, NOW(), NOW());
INSERT INTO game_category (game_id, category_id, created_at, updated_at) VALUES (72, 37, NOW(), NOW());
INSERT INTO game_category (game_id, category_id, created_at, updated_at) VALUES (72, 36, NOW(), NOW());
INSERT INTO game_category (game_id, category_id, created_at, updated_at) VALUES (72, 10, NOW(), NOW());
INSERT INTO game_category (game_id, category_id, created_at, updated_at) VALUES (72, 16, NOW(), NOW());
INSERT INTO game_category (game_id, category_id, created_at, updated_at) VALUES (72, 28, NOW(), NOW());
INSERT INTO game_genre (game_id, genre_id, created_at, updated_at) VALUES (72, 16, NOW(), NOW());
INSERT INTO game_genre (game_id, genre_id, created_at, updated_at) VALUES (72, 17, NOW(), NOW());
INSERT INTO game_genre (game_id, genre_id, created_at, updated_at) VALUES (72, 9, NOW(), NOW());
INSERT INTO game_developer (game_id, developer_id, created_at, updated_at) VALUES (72, 53, NOW(), NOW());
INSERT INTO game_publisher (game_id, publisher_id, created_at, updated_at) VALUES (72, 40, NOW(), NOW());

-- Game #73: Hunt: Showdown 1896
INSERT INTO games (id, steam_id, name, type, slug, short_description, required_age, is_free, have_dlc, icon, supported_languages, release_date, coming_soon, recommendations, achievements_count, positive_reviews, negative_reviews, total_reviews, positive_ratio, content_descriptors, is_active, created_at, updated_at) VALUES (73, 594650, 'Hunt: Showdown 1896', 'game', 'hunt-showdown-1896', 'Hunt: Showdown 1896 is a new era of the addictively unforgiving extraction shooter. In corrupted backwaters lost to history, fight back alone – or with friends – against timeless evil. Twisted monsters and other ruthless Hunters stand between you and your Bounty. Risk everything as Hunt consumes you', 17, false, true, 'https://shared.akamai.steamstatic.com/store_item_assets/steam/apps/594650/b816a0a1a2afaadc224e6cfe150c1b273f1d0457/header_alt_assets_21.jpg?t=1761063726', '[\"English *\",\"French\",\"Italian\",\"German\",\"Spanish - Spain\",\"Russian\",\"Simplified Chinese *\",\"Polish\",\"Turkish\",\"Japanese\",\"Portuguese - Brazil\",\"Korean\",\"Traditional Chinese * languages with full audio support\"]', '2019-08-27', false, 199083, 36, 97, 203, 300, 0.323, '{\"ids\":[2,5],\"notes\":null}', true, NOW(), NOW());
INSERT INTO game_platforms (game_id, windows, mac, linux, created_at, updated_at) VALUES (73, true, false, false, NOW(), NOW());
INSERT INTO game_requirements (game_id, pc_requirements, mac_requirements, linux_requirements, created_at, updated_at) VALUES (73, 'Minimum: Requires a 64-bit processor and operating system OS: Windows 10 64 bit Processor: Intel CPU 7th Gen 7700 / AMD Ryzen 5 2600 Memory: 8 GB RAM Graphics: NVIDIA GTX 1650 Super or AMD Radeon RX 5500 XT, with a minimum of 4GB of VRAM DirectX: Version 12 Network: Broadband Internet connection Storage: 75 GB available space Sound Card: DirectX compatible audio card Additional Notes: Best experienced with headphones and on a SSD drive', 'Minimum:', 'Minimum:', NOW(), NOW());
INSERT INTO game_community_ratings (game_id, toxicity_rate, cheater_rate, bug_rate, microtransaction_rate, bad_optimization_rate, not_recommended_rate, created_at, updated_at) VALUES (73, 0.062, 0.099, 0.02, 0.008, 0.024, 0.074, NOW(), NOW());
INSERT INTO game_media (game_id, media_id, name, thumbnail, webm, mp4, dash_av1, dash_h264, hls_h264, highlight, created_at, updated_at) VALUES (73, 257205280, 'Web of Empress_Event_Trailer', 'https://shared.akamai.steamstatic.com/store_item_assets/steam/apps/257205280/45b2b4503f7fcf977943181030d5efdb673f258a/movie_600x337.jpg?t=1758705798', '{\"480\":\"https:\\/\\/video.akamai.steamstatic.com\\/store_trailers\\/257205280\\/movie480_vp9.webm?t=1758705798\",\"max\":\"https:\\/\\/video.akamai.steamstatic.com\\/store_trailers\\/257205280\\/movie_max_vp9.webm?t=1758705798\"}', '{\"480\":\"https:\\/\\/video.akamai.steamstatic.com\\/store_trailers\\/257205280\\/movie480.mp4?t=1758705798\",\"max\":\"https:\\/\\/video.akamai.steamstatic.com\\/store_trailers\\/257205280\\/movie_max.mp4?t=1758705798\"}', 'https://video.akamai.steamstatic.com/store_trailers/594650/655943666/1b0b35d1c2b2203b01fb5d404e79718d68bc0872/1758702121/dash_av1.mpd?t=1758705798', 'https://video.akamai.steamstatic.com/store_trailers/594650/655943666/1b0b35d1c2b2203b01fb5d404e79718d68bc0872/1758702121/dash_h264.mpd?t=1758705798', 'https://video.akamai.steamstatic.com/store_trailers/594650/655943666/1b0b35d1c2b2203b01fb5d404e79718d68bc0872/1758702121/hls_264_master.m3u8?t=1758705798', true, NOW(), NOW());
INSERT INTO game_media (game_id, media_id, name, thumbnail, webm, mp4, dash_av1, dash_h264, hls_h264, highlight, created_at, updated_at) VALUES (73, 257046574, 'Hunt: Showdown 1896 - Launch Trailer', 'https://shared.akamai.steamstatic.com/store_item_assets/steam/apps/257046574/movie.293x165.jpg?t=1723744244', '{\"480\":\"https:\\/\\/video.akamai.steamstatic.com\\/store_trailers\\/257046574\\/movie480_vp9.webm?t=1723744244\",\"max\":\"https:\\/\\/video.akamai.steamstatic.com\\/store_trailers\\/257046574\\/movie_max_vp9.webm?t=1723744244\"}', '{\"480\":\"https:\\/\\/video.akamai.steamstatic.com\\/store_trailers\\/257046574\\/movie480.mp4?t=1723744244\",\"max\":\"https:\\/\\/video.akamai.steamstatic.com\\/store_trailers\\/257046574\\/movie_max.mp4?t=1723744244\"}', 'https://video.akamai.steamstatic.com/store_trailers/594650/741030/b8950610162abbef2ce300b0453bb5ba8e425bf0/1750558675/dash_av1.mpd?t=1723744244', 'https://video.akamai.steamstatic.com/store_trailers/594650/741030/b8950610162abbef2ce300b0453bb5ba8e425bf0/1750558675/dash_h264.mpd?t=1723744244', 'https://video.akamai.steamstatic.com/store_trailers/594650/741030/b8950610162abbef2ce300b0453bb5ba8e425bf0/1750558675/hls_264_master.m3u8?t=1723744244', true, NOW(), NOW());
INSERT INTO game_media (game_id, media_id, name, thumbnail, webm, mp4, dash_av1, dash_h264, hls_h264, highlight, created_at, updated_at) VALUES (73, 257046461, 'Hunt: Showdown 1896 - Gameplay trailer', 'https://shared.akamai.steamstatic.com/store_item_assets/steam/apps/257046461/movie.293x165.jpg?t=1723720636', '{\"480\":\"https:\\/\\/video.akamai.steamstatic.com\\/store_trailers\\/257046461\\/movie480_vp9.webm?t=1723720636\",\"max\":\"https:\\/\\/video.akamai.steamstatic.com\\/store_trailers\\/257046461\\/movie_max_vp9.webm?t=1723720636\"}', '{\"480\":\"https:\\/\\/video.akamai.steamstatic.com\\/store_trailers\\/257046461\\/movie480.mp4?t=1723720636\",\"max\":\"https:\\/\\/video.akamai.steamstatic.com\\/store_trailers\\/257046461\\/movie_max.mp4?t=1723720636\"}', 'https://video.akamai.steamstatic.com/store_trailers/594650/740838/d269c8accccad3f3e6c7d828c177948f732b25a8/1750837071/dash_av1.mpd?t=1723720636', 'https://video.akamai.steamstatic.com/store_trailers/594650/740838/d269c8accccad3f3e6c7d828c177948f732b25a8/1750837071/dash_h264.mpd?t=1723720636', 'https://video.akamai.steamstatic.com/store_trailers/594650/740838/d269c8accccad3f3e6c7d828c177948f732b25a8/1750837071/hls_264_master.m3u8?t=1723720636', true, NOW(), NOW());
INSERT INTO game_category (game_id, category_id, created_at, updated_at) VALUES (73, 24, NOW(), NOW());
INSERT INTO game_category (game_id, category_id, created_at, updated_at) VALUES (73, 30, NOW(), NOW());
INSERT INTO game_category (game_id, category_id, created_at, updated_at) VALUES (73, 27, NOW(), NOW());
INSERT INTO game_category (game_id, category_id, created_at, updated_at) VALUES (73, 7, NOW(), NOW());
INSERT INTO game_category (game_id, category_id, created_at, updated_at) VALUES (73, 26, NOW(), NOW());
INSERT INTO game_category (game_id, category_id, created_at, updated_at) VALUES (73, 41, NOW(), NOW());
INSERT INTO game_category (game_id, category_id, created_at, updated_at) VALUES (73, 13, NOW(), NOW());
INSERT INTO game_category (game_id, category_id, created_at, updated_at) VALUES (73, 45, NOW(), NOW());
INSERT INTO game_category (game_id, category_id, created_at, updated_at) VALUES (73, 16, NOW(), NOW());
INSERT INTO game_category (game_id, category_id, created_at, updated_at) VALUES (73, 43, NOW(), NOW());
INSERT INTO game_category (game_id, category_id, created_at, updated_at) VALUES (73, 34, NOW(), NOW());
INSERT INTO game_category (game_id, category_id, created_at, updated_at) VALUES (73, 33, NOW(), NOW());
INSERT INTO game_genre (game_id, genre_id, created_at, updated_at) VALUES (73, 1, NOW(), NOW());
INSERT INTO game_developer (game_id, developer_id, created_at, updated_at) VALUES (73, 26, NOW(), NOW());
INSERT INTO game_publisher (game_id, publisher_id, created_at, updated_at) VALUES (73, 21, NOW(), NOW());

-- Game #74: Total War: WARHAMMER III
INSERT INTO games (id, steam_id, name, type, slug, short_description, required_age, is_free, have_dlc, icon, supported_languages, release_date, coming_soon, recommendations, achievements_count, positive_reviews, negative_reviews, total_reviews, positive_ratio, content_descriptors, is_active, created_at, updated_at) VALUES (74, 1142710, 'Total War: WARHAMMER III', 'game', 'total-war-warhammer-iii', 'The cataclysmic conclusion to the Total War: WARHAMMER trilogy is here. Rally your forces and step into the Realm of Chaos, a dimension of mind-bending horror where the very fate of the world will be decided. Will you conquer your Daemons… or command them?', 0, false, true, 'https://shared.akamai.steamstatic.com/store_item_assets/steam/apps/1142710/header.jpg?t=1756465756', '[\"English *\",\"French\",\"Italian\",\"German\",\"Spanish - Spain\",\"Czech\",\"Korean\",\"Polish\",\"Portuguese - Brazil\",\"Russian\",\"Simplified Chinese\",\"Traditional Chinese\",\"Turkish * languages with full audio support\"]', '2022-02-16', false, 92056, 138, 5, 295, 300, 0.017, '{\"ids\":[2,5],\"notes\":\"This content shows violence of a graphical nature within a Fantasy World.\"}', true, NOW(), NOW());
INSERT INTO game_platforms (game_id, windows, mac, linux, created_at, updated_at) VALUES (74, true, true, true, NOW(), NOW());
INSERT INTO game_requirements (game_id, pc_requirements, mac_requirements, linux_requirements, created_at, updated_at) VALUES (74, 'Minimum: OS *: Windows 7 64-bit Processor: Intel i3/Ryzen 3 series Memory: 6 GB RAM Graphics: Nvidia GTX 900/AMD RX 400 series | Intel Iris Xe Graphics DirectX: Version 11 Storage: 120 GB available space Additional Notes: This game may be updated over time and have paid for and free. additional content released for it. Please be aware that this may increase the minimum requirements for running the game above the specification stated here.', 'Minimum: OS: macOS 12.5 Processor: Apple M1 (8‑Core CPU) or better Memory: 8 GB RAM Graphics: Apple M1 (7‑Core GPU) or better Storage: 125 GB available space Additional Notes: The game is officially supported on all Mac models released since November 2020 with an Apple M1 chip or better. To check your Mac model and when it was released, select About This Mac from the Apple menu on your menu bar. ——— The following Macs are capable of running the game but do not consistently meet the standards required for official support: * All Mac models with an AMD GPU that support macOS 12.5', 'Minimum: OS: Ubuntu 20.04 LTS Processor: 3.4GHz Intel Core i3-4130 or AMD Ryzen CPU equivalent Memory: 8 GB RAM Graphics: NVIDIA GeForce GTX 970 4GB or AMD Radeon RX 470 4GB Storage: 125 GB available space Additional Notes: Requires Vulkan, NVIDIA driver version 470.xx or later required (tested), AMD Mesa driver version 23.2.1 or later required (tested), Intel GPUs are not supported at the time of release', NOW(), NOW());
INSERT INTO game_community_ratings (game_id, toxicity_rate, cheater_rate, bug_rate, microtransaction_rate, bad_optimization_rate, not_recommended_rate, created_at, updated_at) VALUES (74, 0.156, 0.193, 0.192, 0.087, 0.1, 0.095, NOW(), NOW());
INSERT INTO game_media (game_id, media_id, name, thumbnail, webm, mp4, dash_av1, dash_h264, hls_h264, highlight, created_at, updated_at) VALUES (74, 256930877, 'Immortal Empires', 'https://shared.akamai.steamstatic.com/store_item_assets/steam/apps/256930877/movie.293x165.jpg?t=1740719934', '{\"480\":\"https:\\/\\/video.akamai.steamstatic.com\\/store_trailers\\/256930877\\/movie480_vp9.webm?t=1740719934\",\"max\":\"https:\\/\\/video.akamai.steamstatic.com\\/store_trailers\\/256930877\\/movie_max_vp9.webm?t=1740719934\"}', '{\"480\":\"https:\\/\\/video.akamai.steamstatic.com\\/store_trailers\\/256930877\\/movie480.mp4?t=1740719934\",\"max\":\"https:\\/\\/video.akamai.steamstatic.com\\/store_trailers\\/256930877\\/movie_max.mp4?t=1740719934\"}', 'https://video.akamai.steamstatic.com/store_trailers/1142710/539677/e598079c9bc92ad089825060102465987d361027/1750627141/dash_av1.mpd?t=1740719934', 'https://video.akamai.steamstatic.com/store_trailers/1142710/539677/e598079c9bc92ad089825060102465987d361027/1750627141/dash_h264.mpd?t=1740719934', 'https://video.akamai.steamstatic.com/store_trailers/1142710/539677/e598079c9bc92ad089825060102465987d361027/1750627141/hls_264_master.m3u8?t=1740719934', true, NOW(), NOW());
INSERT INTO game_media (game_id, media_id, name, thumbnail, webm, mp4, dash_av1, dash_h264, hls_h264, highlight, created_at, updated_at) VALUES (74, 256874322, 'Launch (Release Day) Trailer', 'https://shared.akamai.steamstatic.com/store_item_assets/steam/apps/256874322/movie.293x165.jpg?t=1740719936', '{\"480\":\"https:\\/\\/video.akamai.steamstatic.com\\/store_trailers\\/256874322\\/movie480_vp9.webm?t=1740719936\",\"max\":\"https:\\/\\/video.akamai.steamstatic.com\\/store_trailers\\/256874322\\/movie_max_vp9.webm?t=1740719936\"}', '{\"480\":\"https:\\/\\/video.akamai.steamstatic.com\\/store_trailers\\/256874322\\/movie480.mp4?t=1740719936\",\"max\":\"https:\\/\\/video.akamai.steamstatic.com\\/store_trailers\\/256874322\\/movie_max.mp4?t=1740719936\"}', 'https://video.akamai.steamstatic.com/store_trailers/1142710/440868/5f668ee08b06f46ea40cb4e30656090d7e659d16/1750627103/dash_av1.mpd?t=1740719936', 'https://video.akamai.steamstatic.com/store_trailers/1142710/440868/5f668ee08b06f46ea40cb4e30656090d7e659d16/1750627103/dash_h264.mpd?t=1740719936', 'https://video.akamai.steamstatic.com/store_trailers/1142710/440868/5f668ee08b06f46ea40cb4e30656090d7e659d16/1750627103/hls_264_master.m3u8?t=1740719936', true, NOW(), NOW());
INSERT INTO game_media (game_id, media_id, name, thumbnail, webm, mp4, dash_av1, dash_h264, hls_h264, highlight, created_at, updated_at) VALUES (74, 256869812, 'Daemon Prince Announce Trailer (Unrated)', 'https://shared.akamai.steamstatic.com/store_item_assets/steam/apps/256869812/movie.293x165.jpg?t=1740719938', '{\"480\":\"https:\\/\\/video.akamai.steamstatic.com\\/store_trailers\\/256869812\\/movie480_vp9.webm?t=1740719938\",\"max\":\"https:\\/\\/video.akamai.steamstatic.com\\/store_trailers\\/256869812\\/movie_max_vp9.webm?t=1740719938\"}', '{\"480\":\"https:\\/\\/video.akamai.steamstatic.com\\/store_trailers\\/256869812\\/movie480.mp4?t=1740719938\",\"max\":\"https:\\/\\/video.akamai.steamstatic.com\\/store_trailers\\/256869812\\/movie_max.mp4?t=1740719938\"}', 'https://video.akamai.steamstatic.com/store_trailers/1142710/432976/22c4be609f8b948551caf5e1b0bb7b8222964732/1750627102/dash_av1.mpd?t=1740719938', 'https://video.akamai.steamstatic.com/store_trailers/1142710/432976/22c4be609f8b948551caf5e1b0bb7b8222964732/1750627102/dash_h264.mpd?t=1740719938', 'https://video.akamai.steamstatic.com/store_trailers/1142710/432976/22c4be609f8b948551caf5e1b0bb7b8222964732/1750627102/hls_264_master.m3u8?t=1740719938', true, NOW(), NOW());
INSERT INTO game_media (game_id, media_id, name, thumbnail, webm, mp4, dash_av1, dash_h264, hls_h264, highlight, created_at, updated_at) VALUES (74, 256874323, 'CATHAY VS TZEENTCH (EN)', 'https://shared.akamai.steamstatic.com/store_item_assets/steam/apps/256874323/movie.293x165.jpg?t=1740719947', '{\"480\":\"https:\\/\\/video.akamai.steamstatic.com\\/store_trailers\\/256874323\\/movie480_vp9.webm?t=1740719947\",\"max\":\"https:\\/\\/video.akamai.steamstatic.com\\/store_trailers\\/256874323\\/movie_max_vp9.webm?t=1740719947\"}', '{\"480\":\"https:\\/\\/video.akamai.steamstatic.com\\/store_trailers\\/256874323\\/movie480.mp4?t=1740719947\",\"max\":\"https:\\/\\/video.akamai.steamstatic.com\\/store_trailers\\/256874323\\/movie_max.mp4?t=1740719947\"}', 'https://video.akamai.steamstatic.com/store_trailers/1142710/440869/e0ed30d3805ef8a15c1b5cb99f09c23624d1fe65/1750627135/dash_av1.mpd?t=1740719947', 'https://video.akamai.steamstatic.com/store_trailers/1142710/440869/e0ed30d3805ef8a15c1b5cb99f09c23624d1fe65/1750627135/dash_h264.mpd?t=1740719947', 'https://video.akamai.steamstatic.com/store_trailers/1142710/440869/e0ed30d3805ef8a15c1b5cb99f09c23624d1fe65/1750627135/hls_264_master.m3u8?t=1740719947', true, NOW(), NOW());
INSERT INTO game_category (game_id, category_id, created_at, updated_at) VALUES (74, 39, NOW(), NOW());
INSERT INTO game_category (game_id, category_id, created_at, updated_at) VALUES (74, 24, NOW(), NOW());
INSERT INTO game_category (game_id, category_id, created_at, updated_at) VALUES (74, 30, NOW(), NOW());
INSERT INTO game_category (game_id, category_id, created_at, updated_at) VALUES (74, 27, NOW(), NOW());
INSERT INTO game_category (game_id, category_id, created_at, updated_at) VALUES (74, 21, NOW(), NOW());
INSERT INTO game_category (game_id, category_id, created_at, updated_at) VALUES (74, 7, NOW(), NOW());
INSERT INTO game_category (game_id, category_id, created_at, updated_at) VALUES (74, 26, NOW(), NOW());
INSERT INTO game_category (game_id, category_id, created_at, updated_at) VALUES (74, 20, NOW(), NOW());
INSERT INTO game_category (game_id, category_id, created_at, updated_at) VALUES (74, 41, NOW(), NOW());
INSERT INTO game_category (game_id, category_id, created_at, updated_at) VALUES (74, 45, NOW(), NOW());
INSERT INTO game_category (game_id, category_id, created_at, updated_at) VALUES (74, 42, NOW(), NOW());
INSERT INTO game_category (game_id, category_id, created_at, updated_at) VALUES (74, 12, NOW(), NOW());
INSERT INTO game_genre (game_id, genre_id, created_at, updated_at) VALUES (74, 1, NOW(), NOW());
INSERT INTO game_genre (game_id, genre_id, created_at, updated_at) VALUES (74, 18, NOW(), NOW());
INSERT INTO game_developer (game_id, developer_id, created_at, updated_at) VALUES (74, 19, NOW(), NOW());
INSERT INTO game_developer (game_id, developer_id, created_at, updated_at) VALUES (74, 38, NOW(), NOW());
INSERT INTO game_publisher (game_id, publisher_id, created_at, updated_at) VALUES (74, 69, NOW(), NOW());
INSERT INTO game_publisher (game_id, publisher_id, created_at, updated_at) VALUES (74, 30, NOW(), NOW());

-- Game #75: Slay the Spire
INSERT INTO games (id, steam_id, name, type, slug, short_description, required_age, is_free, have_dlc, icon, supported_languages, release_date, coming_soon, recommendations, achievements_count, positive_reviews, negative_reviews, total_reviews, positive_ratio, content_descriptors, is_active, created_at, updated_at) VALUES (75, 646570, 'Slay the Spire', 'game', 'slay-the-spire', 'We fused card games and roguelikes together to make the best single player deckbuilder we could. Craft a unique deck, encounter bizarre creatures, discover relics of immense power, and Slay the Spire!', 0, false, true, 'https://shared.akamai.steamstatic.com/store_item_assets/steam/apps/646570/header.jpg?t=1745019194', '[\"English\",\"Simplified Chinese\",\"French\",\"German\",\"Korean\",\"Russian\",\"Japanese\",\"Polish\",\"Ukrainian\",\"Spanish - Spain\",\"Italian\",\"Dutch\",\"Traditional Chinese\",\"Turkish\",\"Thai\",\"Portuguese - Brazil\",\"Vietnamese\"]', '2019-01-23', false, 166047, 46, 232, 68, 300, 0.773, '{\"ids\":[],\"notes\":null}', true, NOW(), NOW());
INSERT INTO game_platforms (game_id, windows, mac, linux, created_at, updated_at) VALUES (75, true, true, true, NOW(), NOW());
INSERT INTO game_requirements (game_id, pc_requirements, mac_requirements, linux_requirements, created_at, updated_at) VALUES (75, 'Minimum: OS *: Windows XP, Vista, 7, 8/8.1, 10 Processor: 2.0 Ghz Memory: 2 GB RAM Graphics: 1Gb Video Memory, capable of OpenGL 3.0+ support (2.1 with ARB extensions acceptable) Storage: 1 GB available space', 'Minimum: OS: OSX 10.14+ Processor: 2.0 Ghz Memory: 2 GB RAM Graphics: 1Gb Video Memory, capable of OpenGL 3.0+ support (2.1 with ARB extensions acceptable) Storage: 1 GB available space', 'Minimum: OS: Ubuntu 14.04 LTS Processor: 2.0 Ghz Memory: 2 GB RAM Graphics: 1Gb Video Memory, capable of OpenGL 3.0+ support (2.1 with ARB extensions acceptable) Storage: 1 GB available space', NOW(), NOW());
INSERT INTO game_community_ratings (game_id, toxicity_rate, cheater_rate, bug_rate, microtransaction_rate, bad_optimization_rate, not_recommended_rate, created_at, updated_at) VALUES (75, 0, 0, 0.012, 0.01, 0.015, 0.045, NOW(), NOW());
INSERT INTO game_media (game_id, media_id, name, thumbnail, webm, mp4, dash_av1, dash_h264, hls_h264, highlight, created_at, updated_at) VALUES (75, 256740869, 'Launch Trailer', 'https://shared.akamai.steamstatic.com/store_item_assets/steam/apps/256740869/movie.293x165.jpg?t=1548258737', '{\"480\":\"https:\\/\\/video.akamai.steamstatic.com\\/store_trailers\\/256740869\\/movie480.webm?t=1548258737\",\"max\":\"https:\\/\\/video.akamai.steamstatic.com\\/store_trailers\\/256740869\\/movie_max.webm?t=1548258737\"}', '{\"480\":\"https:\\/\\/video.akamai.steamstatic.com\\/store_trailers\\/256740869\\/movie480.mp4?t=1548258737\",\"max\":\"https:\\/\\/video.akamai.steamstatic.com\\/store_trailers\\/256740869\\/movie_max.mp4?t=1548258737\"}', 'https://video.akamai.steamstatic.com/store_trailers/646570/205320/640196deb3169b2a1667340ab45f229af73caba7/1750566635/dash_av1.mpd?t=1548258737', 'https://video.akamai.steamstatic.com/store_trailers/646570/205320/640196deb3169b2a1667340ab45f229af73caba7/1750566635/dash_h264.mpd?t=1548258737', 'https://video.akamai.steamstatic.com/store_trailers/646570/205320/640196deb3169b2a1667340ab45f229af73caba7/1750566635/hls_264_master.m3u8?t=1548258737', true, NOW(), NOW());
INSERT INTO game_category (game_id, category_id, created_at, updated_at) VALUES (75, 39, NOW(), NOW());
INSERT INTO game_category (game_id, category_id, created_at, updated_at) VALUES (75, 41, NOW(), NOW());
INSERT INTO game_category (game_id, category_id, created_at, updated_at) VALUES (75, 13, NOW(), NOW());
INSERT INTO game_category (game_id, category_id, created_at, updated_at) VALUES (75, 45, NOW(), NOW());
INSERT INTO game_category (game_id, category_id, created_at, updated_at) VALUES (75, 47, NOW(), NOW());
INSERT INTO game_category (game_id, category_id, created_at, updated_at) VALUES (75, 42, NOW(), NOW());
INSERT INTO game_category (game_id, category_id, created_at, updated_at) VALUES (75, 40, NOW(), NOW());
INSERT INTO game_category (game_id, category_id, created_at, updated_at) VALUES (75, 43, NOW(), NOW());
INSERT INTO game_category (game_id, category_id, created_at, updated_at) VALUES (75, 32, NOW(), NOW());
INSERT INTO game_category (game_id, category_id, created_at, updated_at) VALUES (75, 34, NOW(), NOW());
INSERT INTO game_category (game_id, category_id, created_at, updated_at) VALUES (75, 33, NOW(), NOW());
INSERT INTO game_category (game_id, category_id, created_at, updated_at) VALUES (75, 12, NOW(), NOW());
INSERT INTO game_genre (game_id, genre_id, created_at, updated_at) VALUES (75, 11, NOW(), NOW());
INSERT INTO game_genre (game_id, genre_id, created_at, updated_at) VALUES (75, 18, NOW(), NOW());
INSERT INTO game_developer (game_id, developer_id, created_at, updated_at) VALUES (75, 64, NOW(), NOW());
INSERT INTO game_publisher (game_id, publisher_id, created_at, updated_at) VALUES (75, 49, NOW(), NOW());

-- Game #76: OBS Studio
INSERT INTO games (id, steam_id, name, type, slug, short_description, required_age, is_free, have_dlc, icon, supported_languages, release_date, coming_soon, recommendations, achievements_count, positive_reviews, negative_reviews, total_reviews, positive_ratio, content_descriptors, is_active, created_at, updated_at) VALUES (76, 1905180, 'OBS Studio', 'game', 'obs-studio', 'Free and open-source software for video recording and live streaming', 0, true, false, 'https://shared.akamai.steamstatic.com/store_item_assets/steam/apps/1905180/header.jpg?t=1733595297', '[\"English\",\"French\",\"Italian\",\"German\",\"Spanish - Spain\",\"Arabic\",\"Bulgarian\",\"Czech\",\"Danish\",\"Dutch\",\"Finnish\",\"Greek\",\"Hungarian\",\"Japanese\",\"Korean\",\"Norwegian\",\"Polish\",\"Portuguese - Portugal\",\"Portuguese - Brazil\",\"Romanian\",\"Russian\",\"Simplified Chinese\",\"Swedish\",\"Thai\",\"Traditional Chinese\",\"Turkish\",\"Ukrainian\",\"Vietnamese\",\"Armenian\",\"Basque\",\"Catalan\",\"Estonian\",\"Filipino\",\"Galician\",\"Georgian\",\"Hebrew\",\"Hindi\",\"Indonesian\",\"Malay\",\"Persian\",\"Slovak\",\"Slovenian\"]', '2022-03-21', false, 0, 0, 262, 38, 300, 0.873, '{\"ids\":[],\"notes\":null}', true, NOW(), NOW());
INSERT INTO game_platforms (game_id, windows, mac, linux, created_at, updated_at) VALUES (76, true, true, false, NOW(), NOW());
INSERT INTO game_requirements (game_id, pc_requirements, mac_requirements, linux_requirements, created_at, updated_at) VALUES (76, 'Minimum: Requires a 64-bit processor and operating system OS: Windows 10 20H2 (64 bit) Processor: Intel i5 2500K, AMD Ryzen 1300X Memory: 4 GB RAM Graphics: GeForce GTX 900 Series, Radeon RX 400 Series, Intel HD Graphics 500 DirectX: Version 11 Storage: 600 MB available space Additional Notes: Hardware encoders recommended', 'Minimum: OS: 11 or higher Processor: Intel quad-core recommended Memory: 4 GB RAM Graphics: Intel or AMD Storage: 800 MB available space', 'Minimum:', NOW(), NOW());
INSERT INTO game_community_ratings (game_id, toxicity_rate, cheater_rate, bug_rate, microtransaction_rate, bad_optimization_rate, not_recommended_rate, created_at, updated_at) VALUES (76, 0, 0, 0.003, 0.003, 0.006, 0.006, NOW(), NOW());
INSERT INTO game_genre (game_id, genre_id, created_at, updated_at) VALUES (76, 19, NOW(), NOW());
INSERT INTO game_genre (game_id, genre_id, created_at, updated_at) VALUES (76, 20, NOW(), NOW());
INSERT INTO game_developer (game_id, developer_id, created_at, updated_at) VALUES (76, 70, NOW(), NOW());
INSERT INTO game_publisher (game_id, publisher_id, created_at, updated_at) VALUES (76, 56, NOW(), NOW());

-- Game #77: Wuthering Waves
INSERT INTO games (id, steam_id, name, type, slug, short_description, required_age, is_free, have_dlc, icon, supported_languages, release_date, coming_soon, recommendations, achievements_count, positive_reviews, negative_reviews, total_reviews, positive_ratio, content_descriptors, is_active, created_at, updated_at) VALUES (77, 3513350, 'Wuthering Waves', 'game', 'wuthering-waves', 'Wuthering Waves is a story-rich open-world action RPG with a high degree of freedom. You wake from your slumber as Rover, joined by a vibrant cast of Resonators on a journey to reclaim your lost memories and change the world.', 0, true, false, 'https://shared.akamai.steamstatic.com/store_item_assets/steam/apps/3513350/7ec18f44e089bf340391c6470218ddf3fea2007d/header.jpg?t=1759954991', '[\"English *\",\"French\",\"German\",\"Spanish - Spain\",\"Japanese *\",\"Simplified Chinese *\",\"Traditional Chinese\",\"Korean * * languages with full audio support\"]', '2025-04-28', false, 0, 0, 160, 140, 300, 0.533, '{\"ids\":[],\"notes\":null}', true, NOW(), NOW());
INSERT INTO game_platforms (game_id, windows, mac, linux, created_at, updated_at) VALUES (77, true, false, false, NOW(), NOW());
INSERT INTO game_requirements (game_id, pc_requirements, mac_requirements, linux_requirements, created_at, updated_at) VALUES (77, 'Minimum: Requires a 64-bit processor and operating system OS: Windows10 64-bit Processor: Intel Core i5 (9th Gen) / Ryzen 2700 Memory: 16 GB RAM Graphics: NVIDIA GeForce GTX 1060/AMD Radeon RX 570/Intel ARC A380 Network: Broadband Internet connection Storage: 60 GB available space Sound Card: Windows Compatible Audio Device Additional Notes: HDD Supported, SSD Recommended.', 'Minimum:', 'Minimum:', NOW(), NOW());
INSERT INTO game_community_ratings (game_id, toxicity_rate, cheater_rate, bug_rate, microtransaction_rate, bad_optimization_rate, not_recommended_rate, created_at, updated_at) VALUES (77, 0, 0, 0.01, 0.026, 0.017, 0.048, NOW(), NOW());
INSERT INTO game_media (game_id, media_id, name, thumbnail, webm, mp4, dash_av1, dash_h264, hls_h264, highlight, created_at, updated_at) VALUES (77, 257208519, 'Wuthering Waves Version 2.7 Official Trailer | Dawn Breaks on Dark Tides', 'https://shared.akamai.steamstatic.com/store_item_assets/steam/apps/257208519/1a6edc5b01ff21a0e4f34b87962eb02709c71e30/movie_600x337.jpg?t=1759954986', '{\"480\":\"https:\\/\\/video.akamai.steamstatic.com\\/store_trailers\\/257208519\\/movie480.webm?t=1759954986\",\"max\":\"https:\\/\\/video.akamai.steamstatic.com\\/store_trailers\\/257208519\\/movie_max.webm?t=1759954986\"}', '{\"480\":\"https:\\/\\/video.akamai.steamstatic.com\\/store_trailers\\/257208519\\/movie480.mp4?t=1759954986\",\"max\":\"https:\\/\\/video.akamai.steamstatic.com\\/store_trailers\\/257208519\\/movie_max.mp4?t=1759954986\"}', 'https://video.akamai.steamstatic.com/store_trailers/3513350/880204695/731b752be52e75ea9146c860f1390b75627e9601/1759148158/dash_av1.mpd?t=1759954986', 'https://video.akamai.steamstatic.com/store_trailers/3513350/880204695/731b752be52e75ea9146c860f1390b75627e9601/1759148158/dash_h264.mpd?t=1759954986', 'https://video.akamai.steamstatic.com/store_trailers/3513350/880204695/731b752be52e75ea9146c860f1390b75627e9601/1759148158/hls_264_master.m3u8?t=1759954986', true, NOW(), NOW());
INSERT INTO game_media (game_id, media_id, name, thumbnail, webm, mp4, dash_av1, dash_h264, hls_h264, highlight, created_at, updated_at) VALUES (77, 257110899, 'Wuthering Waves | Each Choice You Made', 'https://shared.akamai.steamstatic.com/store_item_assets/steam/apps/257110899/6f3295383ee43e6d6bd519909168b717b8dae166/movie_600x337.jpg?t=1745898564', '{\"480\":\"https:\\/\\/video.akamai.steamstatic.com\\/store_trailers\\/257110899\\/movie480_vp9.webm?t=1745898564\",\"max\":\"https:\\/\\/video.akamai.steamstatic.com\\/store_trailers\\/257110899\\/movie_max_vp9.webm?t=1745898564\"}', '{\"480\":\"https:\\/\\/video.akamai.steamstatic.com\\/store_trailers\\/257110899\\/movie480.mp4?t=1745898564\",\"max\":\"https:\\/\\/video.akamai.steamstatic.com\\/store_trailers\\/257110899\\/movie_max.mp4?t=1745898564\"}', 'https://video.akamai.steamstatic.com/store_trailers/3513350/845850/04c1c47d04f15a8c92cfd0e30d6e368cf0ef5c7c/1750826362/dash_av1.mpd?t=1745898564', 'https://video.akamai.steamstatic.com/store_trailers/3513350/845850/04c1c47d04f15a8c92cfd0e30d6e368cf0ef5c7c/1750826362/dash_h264.mpd?t=1745898564', 'https://video.akamai.steamstatic.com/store_trailers/3513350/845850/04c1c47d04f15a8c92cfd0e30d6e368cf0ef5c7c/1750826362/hls_264_master.m3u8?t=1745898564', true, NOW(), NOW());
INSERT INTO game_category (game_id, category_id, created_at, updated_at) VALUES (77, 39, NOW(), NOW());
INSERT INTO game_category (game_id, category_id, created_at, updated_at) VALUES (77, 16, NOW(), NOW());
INSERT INTO game_category (game_id, category_id, created_at, updated_at) VALUES (77, 28, NOW(), NOW());
INSERT INTO game_genre (game_id, genre_id, created_at, updated_at) VALUES (77, 1, NOW(), NOW());
INSERT INTO game_genre (game_id, genre_id, created_at, updated_at) VALUES (77, 2, NOW(), NOW());
INSERT INTO game_genre (game_id, genre_id, created_at, updated_at) VALUES (77, 14, NOW(), NOW());
INSERT INTO game_genre (game_id, genre_id, created_at, updated_at) VALUES (77, 9, NOW(), NOW());
INSERT INTO game_developer (game_id, developer_id, created_at, updated_at) VALUES (77, 54, NOW(), NOW());
INSERT INTO game_publisher (game_id, publisher_id, created_at, updated_at) VALUES (77, 42, NOW(), NOW());

-- Game #78: 7 Days to Die
INSERT INTO games (id, steam_id, name, type, slug, short_description, required_age, is_free, have_dlc, icon, supported_languages, release_date, coming_soon, recommendations, achievements_count, positive_reviews, negative_reviews, total_reviews, positive_ratio, content_descriptors, is_active, created_at, updated_at) VALUES (78, 251570, '7 Days to Die', 'game', '7-days-to-die', '7 Days to Die is an open-world game that is a unique combination of first-person shooter, survival horror, tower defense, and role-playing games. Play the definitive zombie survival sandbox RPG that came first. Navezgane awaits!', 0, false, true, 'https://shared.akamai.steamstatic.com/store_item_assets/steam/apps/251570/header.jpg?t=1756397337', '[\"English\",\"French\",\"German\",\"Spanish - Spain\",\"Italian\",\"Japanese\",\"Korean\",\"Polish\",\"Portuguese - Brazil\",\"Russian\",\"Simplified Chinese\",\"Spanish - Latin America\",\"Traditional Chinese\",\"Turkish\"]', '2024-07-25', false, 263637, 43, 47, 253, 300, 0.157, '{\"ids\":[2,5],\"notes\":\"Explicit Violence\\r\\nShock and\\/or Horror Content\\r\\nDrug Use\"}', true, NOW(), NOW());
INSERT INTO game_platforms (game_id, windows, mac, linux, created_at, updated_at) VALUES (78, true, true, true, NOW(), NOW());
INSERT INTO game_requirements (game_id, pc_requirements, mac_requirements, linux_requirements, created_at, updated_at) VALUES (78, 'Minimum: Requires a 64-bit processor and operating system OS: Windows 10 or higher (64-bit) Processor: 2.8 Ghz Quad Core CPU Memory: 8 GB RAM Graphics: 2 GB Dedicated Memory DirectX: Version 11 Network: Broadband Internet connection Storage: 15 GB available space Sound Card: Sound Card: DirectX® Compatible Additional Notes: Running a Dedicated Server and Client on the same computer will double ram requirements. Also future releases may require more hard drive space.', 'Minimum: OS: 10.13 Processor: 2.8 Ghz Quad Core CPU Memory: 8 GB RAM Graphics: 2 GB Dedicated Memory Network: Broadband Internet connection Storage: 15 GB available space Additional Notes: Running the Dedicated Server and Client on the same computer will double ram requirements. Also future releases may require more hard drive space.', 'Minimum: OS: Ubuntu 16.04 (64-bit) Processor: 2.8 Ghz Quad Core CPU Memory: 8 GB RAM Graphics: 2 GB Dedicated Memory Network: Broadband Internet connection Storage: 15 GB available space Additional Notes: Running the Dedicated Server and Client on the same computer will double ram requirements. Also future releases may require more hard drive space.', NOW(), NOW());
INSERT INTO game_community_ratings (game_id, toxicity_rate, cheater_rate, bug_rate, microtransaction_rate, bad_optimization_rate, not_recommended_rate, created_at, updated_at) VALUES (78, 0.064, 0.029, 0.028, 0.025, 0.025, 0.116, NOW(), NOW());
INSERT INTO game_media (game_id, media_id, name, thumbnail, webm, mp4, dash_av1, dash_h264, hls_h264, highlight, created_at, updated_at) VALUES (78, 257032424, 'Gameplay Trailer 1.0', 'https://shared.akamai.steamstatic.com/store_item_assets/steam/apps/257032424/movie.293x165.jpg?t=1718836140', '{\"480\":\"https:\\/\\/video.akamai.steamstatic.com\\/store_trailers\\/257032424\\/movie480_vp9.webm?t=1718836140\",\"max\":\"https:\\/\\/video.akamai.steamstatic.com\\/store_trailers\\/257032424\\/movie_max_vp9.webm?t=1718836140\"}', '{\"480\":\"https:\\/\\/video.akamai.steamstatic.com\\/store_trailers\\/257032424\\/movie480.mp4?t=1718836140\",\"max\":\"https:\\/\\/video.akamai.steamstatic.com\\/store_trailers\\/257032424\\/movie_max.mp4?t=1718836140\"}', 'https://video.akamai.steamstatic.com/store_trailers/251570/716092/d75e4c32543a286465ed22b50b4b3285097323e0/1750497144/dash_av1.mpd?t=1718836140', 'https://video.akamai.steamstatic.com/store_trailers/251570/716092/d75e4c32543a286465ed22b50b4b3285097323e0/1750497144/dash_h264.mpd?t=1718836140', 'https://video.akamai.steamstatic.com/store_trailers/251570/716092/d75e4c32543a286465ed22b50b4b3285097323e0/1750497144/hls_264_master.m3u8?t=1718836140', true, NOW(), NOW());
INSERT INTO game_media (game_id, media_id, name, thumbnail, webm, mp4, dash_av1, dash_h264, hls_h264, highlight, created_at, updated_at) VALUES (78, 257032437, 'Live Action Trailer 1.0', 'https://shared.akamai.steamstatic.com/store_item_assets/steam/apps/257032437/movie.293x165.jpg?t=1718836145', '{\"480\":\"https:\\/\\/video.akamai.steamstatic.com\\/store_trailers\\/257032437\\/movie480_vp9.webm?t=1718836145\",\"max\":\"https:\\/\\/video.akamai.steamstatic.com\\/store_trailers\\/257032437\\/movie_max_vp9.webm?t=1718836145\"}', '{\"480\":\"https:\\/\\/video.akamai.steamstatic.com\\/store_trailers\\/257032437\\/movie480.mp4?t=1718836145\",\"max\":\"https:\\/\\/video.akamai.steamstatic.com\\/store_trailers\\/257032437\\/movie_max.mp4?t=1718836145\"}', 'https://video.akamai.steamstatic.com/store_trailers/251570/716115/4e94542b083e44a734637bb5a2e9248ea4e54c8d/1750497154/dash_av1.mpd?t=1718836145', 'https://video.akamai.steamstatic.com/store_trailers/251570/716115/4e94542b083e44a734637bb5a2e9248ea4e54c8d/1750497154/dash_h264.mpd?t=1718836145', 'https://video.akamai.steamstatic.com/store_trailers/251570/716115/4e94542b083e44a734637bb5a2e9248ea4e54c8d/1750497154/hls_264_master.m3u8?t=1718836145', true, NOW(), NOW());
INSERT INTO game_category (game_id, category_id, created_at, updated_at) VALUES (78, 39, NOW(), NOW());
INSERT INTO game_category (game_id, category_id, created_at, updated_at) VALUES (78, 24, NOW(), NOW());
INSERT INTO game_category (game_id, category_id, created_at, updated_at) VALUES (78, 30, NOW(), NOW());
INSERT INTO game_category (game_id, category_id, created_at, updated_at) VALUES (78, 27, NOW(), NOW());
INSERT INTO game_category (game_id, category_id, created_at, updated_at) VALUES (78, 21, NOW(), NOW());
INSERT INTO game_category (game_id, category_id, created_at, updated_at) VALUES (78, 7, NOW(), NOW());
INSERT INTO game_category (game_id, category_id, created_at, updated_at) VALUES (78, 26, NOW(), NOW());
INSERT INTO game_category (game_id, category_id, created_at, updated_at) VALUES (78, 20, NOW(), NOW());
INSERT INTO game_category (game_id, category_id, created_at, updated_at) VALUES (78, 10, NOW(), NOW());
INSERT INTO game_category (game_id, category_id, created_at, updated_at) VALUES (78, 41, NOW(), NOW());
INSERT INTO game_category (game_id, category_id, created_at, updated_at) VALUES (78, 13, NOW(), NOW());
INSERT INTO game_category (game_id, category_id, created_at, updated_at) VALUES (78, 45, NOW(), NOW());
INSERT INTO game_category (game_id, category_id, created_at, updated_at) VALUES (78, 18, NOW(), NOW());
INSERT INTO game_category (game_id, category_id, created_at, updated_at) VALUES (78, 34, NOW(), NOW());
INSERT INTO game_category (game_id, category_id, created_at, updated_at) VALUES (78, 33, NOW(), NOW());
INSERT INTO game_category (game_id, category_id, created_at, updated_at) VALUES (78, 12, NOW(), NOW());
INSERT INTO game_genre (game_id, genre_id, created_at, updated_at) VALUES (78, 1, NOW(), NOW());
INSERT INTO game_genre (game_id, genre_id, created_at, updated_at) VALUES (78, 2, NOW(), NOW());
INSERT INTO game_genre (game_id, genre_id, created_at, updated_at) VALUES (78, 11, NOW(), NOW());
INSERT INTO game_genre (game_id, genre_id, created_at, updated_at) VALUES (78, 14, NOW(), NOW());
INSERT INTO game_genre (game_id, genre_id, created_at, updated_at) VALUES (78, 16, NOW(), NOW());
INSERT INTO game_genre (game_id, genre_id, created_at, updated_at) VALUES (78, 18, NOW(), NOW());
INSERT INTO game_developer (game_id, developer_id, created_at, updated_at) VALUES (78, 101, NOW(), NOW());
INSERT INTO game_publisher (game_id, publisher_id, created_at, updated_at) VALUES (78, 77, NOW(), NOW());

-- Game #79: Path of Exile 2
INSERT INTO games (id, steam_id, name, type, slug, short_description, required_age, is_free, have_dlc, icon, supported_languages, release_date, coming_soon, recommendations, achievements_count, positive_reviews, negative_reviews, total_reviews, positive_ratio, content_descriptors, is_active, created_at, updated_at) VALUES (79, 2694490, 'Path of Exile 2', 'game', 'path-of-exile-2', 'Path of Exile 2 is a next generation Action RPG from Grinding Gear Games, featuring co-op for up to six players. Set years after the original Path of Exile, you will return to the dark world of Wraeclast and seek to end the corruption that is spreading.', 0, false, true, 'https://shared.akamai.steamstatic.com/store_item_assets/steam/apps/2694490/bb2944f7d5c6e8e008c882938fddaa5ec6061457/header.jpg?t=1757031577', '[\"English *\",\"French\",\"German\",\"Spanish - Spain\",\"Japanese\",\"Korean\",\"Portuguese - Brazil\",\"Russian\",\"Thai * languages with full audio support\"]', '2024-12-06', false, 139228, 0, 57, 243, 300, 0.19, '{\"ids\":[1,2,5],\"notes\":null}', true, NOW(), NOW());
INSERT INTO game_platforms (game_id, windows, mac, linux, created_at, updated_at) VALUES (79, true, false, false, NOW(), NOW());
INSERT INTO game_requirements (game_id, pc_requirements, mac_requirements, linux_requirements, created_at, updated_at) VALUES (79, 'Minimum: OS: Windows 10 Processor: Intel® Core™ i7-7700 or AMD™ Ryzen 5 2500x Memory: 8 GB RAM Graphics: NVIDIA® GeForce® GTX 960 (3GB), Intel® Arc™ A380, or ATI Radeon™ RX 470 DirectX: Version 12 Network: Broadband Internet connection Storage: 100 GB available space Additional Notes: A GPU with at least 3GB of VRAM is required', 'Minimum: OS: macOS 10.13 Processor: 2.6GHz quad-core Intel Core i7 Memory: 8 GB RAM Graphics: Radeon Pro 450 Network: Broadband Internet connection', '', NOW(), NOW());
INSERT INTO game_community_ratings (game_id, toxicity_rate, cheater_rate, bug_rate, microtransaction_rate, bad_optimization_rate, not_recommended_rate, created_at, updated_at) VALUES (79, 0.066, 0.046, 0.109, 0.017, 0.145, 0.226, NOW(), NOW());
INSERT INTO game_media (game_id, media_id, name, thumbnail, webm, mp4, dash_av1, dash_h264, hls_h264, highlight, created_at, updated_at) VALUES (79, 257186341, 'Path of Exile 2 The Third Edict Official Trailer', 'https://shared.akamai.steamstatic.com/store_item_assets/steam/apps/257186341/5f94e168a92df780c3ba210945d63e3aed0dfa43/movie_600x337.jpg?t=1755739001', '{\"480\":\"https:\\/\\/video.akamai.steamstatic.com\\/store_trailers\\/257186341\\/movie480_vp9.webm?t=1755739001\",\"max\":\"https:\\/\\/video.akamai.steamstatic.com\\/store_trailers\\/257186341\\/movie_max_vp9.webm?t=1755739001\"}', '{\"480\":\"https:\\/\\/video.akamai.steamstatic.com\\/store_trailers\\/257186341\\/movie480.mp4?t=1755739001\",\"max\":\"https:\\/\\/video.akamai.steamstatic.com\\/store_trailers\\/257186341\\/movie_max.mp4?t=1755739001\"}', 'https://video.akamai.steamstatic.com/store_trailers/2694490/2073152427/34b312eeeb353dd4c92184126adf6034c5a72458/1755730818/dash_av1.mpd?t=1755739001', 'https://video.akamai.steamstatic.com/store_trailers/2694490/2073152427/34b312eeeb353dd4c92184126adf6034c5a72458/1755730818/dash_h264.mpd?t=1755739001', 'https://video.akamai.steamstatic.com/store_trailers/2694490/2073152427/34b312eeeb353dd4c92184126adf6034c5a72458/1755730818/hls_264_master.m3u8?t=1755739001', true, NOW(), NOW());
INSERT INTO game_media (game_id, media_id, name, thumbnail, webm, mp4, dash_av1, dash_h264, hls_h264, highlight, created_at, updated_at) VALUES (79, 257119320, 'Path of Exile 2 Dawn of the Hunt Gameplay Trailer', 'https://shared.akamai.steamstatic.com/store_item_assets/steam/apps/257119320/aa553e042c381704af534e3fe2ab800aaa0f1e9b/movie_600x337.jpg?t=1743118508', '{\"480\":\"https:\\/\\/video.akamai.steamstatic.com\\/store_trailers\\/257119320\\/movie480_vp9.webm?t=1743118508\",\"max\":\"https:\\/\\/video.akamai.steamstatic.com\\/store_trailers\\/257119320\\/movie_max_vp9.webm?t=1743118508\"}', '{\"480\":\"https:\\/\\/video.akamai.steamstatic.com\\/store_trailers\\/257119320\\/movie480.mp4?t=1743118508\",\"max\":\"https:\\/\\/video.akamai.steamstatic.com\\/store_trailers\\/257119320\\/movie_max.mp4?t=1743118508\"}', 'https://video.akamai.steamstatic.com/store_trailers/2694490/859082/4f9e34f1016dd96fdf693831e8b746c011c2a988/1750818808/dash_av1.mpd?t=1743118508', 'https://video.akamai.steamstatic.com/store_trailers/2694490/859082/4f9e34f1016dd96fdf693831e8b746c011c2a988/1750818808/dash_h264.mpd?t=1743118508', 'https://video.akamai.steamstatic.com/store_trailers/2694490/859082/4f9e34f1016dd96fdf693831e8b746c011c2a988/1750818808/hls_264_master.m3u8?t=1743118508', true, NOW(), NOW());
INSERT INTO game_media (game_id, media_id, name, thumbnail, webm, mp4, dash_av1, dash_h264, hls_h264, highlight, created_at, updated_at) VALUES (79, 257075660, 'Path of Exile 2 Early Access Trailer', 'https://shared.akamai.steamstatic.com/store_item_assets/steam/apps/257075660/3a53472004dab79e94c458516d1d23d5c34c86c6/movie_600x337.jpg?t=1732227231', '{\"480\":\"https:\\/\\/video.akamai.steamstatic.com\\/store_trailers\\/257075660\\/movie480_vp9.webm?t=1732227231\",\"max\":\"https:\\/\\/video.akamai.steamstatic.com\\/store_trailers\\/257075660\\/movie_max_vp9.webm?t=1732227231\"}', '{\"480\":\"https:\\/\\/video.akamai.steamstatic.com\\/store_trailers\\/257075660\\/movie480.mp4?t=1732227231\",\"max\":\"https:\\/\\/video.akamai.steamstatic.com\\/store_trailers\\/257075660\\/movie_max.mp4?t=1732227231\"}', 'https://video.akamai.steamstatic.com/store_trailers/2694490/789447/84811b5e1ddc5cb8680a109d05d7a9290ea5683b/1750818803/dash_av1.mpd?t=1732227231', 'https://video.akamai.steamstatic.com/store_trailers/2694490/789447/84811b5e1ddc5cb8680a109d05d7a9290ea5683b/1750818803/dash_h264.mpd?t=1732227231', 'https://video.akamai.steamstatic.com/store_trailers/2694490/789447/84811b5e1ddc5cb8680a109d05d7a9290ea5683b/1750818803/hls_264_master.m3u8?t=1732227231', true, NOW(), NOW());
INSERT INTO game_media (game_id, media_id, name, thumbnail, webm, mp4, dash_av1, dash_h264, hls_h264, highlight, created_at, updated_at) VALUES (79, 257030529, 'Path of Exile 2 Witch Gameplay Walkthrough', 'https://shared.akamai.steamstatic.com/store_item_assets/steam/apps/257030529/movie.293x165.jpg?t=1718225751', '{\"480\":\"https:\\/\\/video.akamai.steamstatic.com\\/store_trailers\\/257030529\\/movie480_vp9.webm?t=1718225751\",\"max\":\"https:\\/\\/video.akamai.steamstatic.com\\/store_trailers\\/257030529\\/movie_max_vp9.webm?t=1718225751\"}', '{\"480\":\"https:\\/\\/video.akamai.steamstatic.com\\/store_trailers\\/257030529\\/movie480.mp4?t=1718225751\",\"max\":\"https:\\/\\/video.akamai.steamstatic.com\\/store_trailers\\/257030529\\/movie_max.mp4?t=1718225751\"}', 'https://video.akamai.steamstatic.com/store_trailers/2694490/712725/b5ef05f5be689b43ebacf91e36a831c0ad190043/1750818802/dash_av1.mpd?t=1718225751', 'https://video.akamai.steamstatic.com/store_trailers/2694490/712725/b5ef05f5be689b43ebacf91e36a831c0ad190043/1750818802/dash_h264.mpd?t=1718225751', 'https://video.akamai.steamstatic.com/store_trailers/2694490/712725/b5ef05f5be689b43ebacf91e36a831c0ad190043/1750818802/hls_264_master.m3u8?t=1718225751', true, NOW(), NOW());
INSERT INTO game_media (game_id, media_id, name, thumbnail, webm, mp4, dash_av1, dash_h264, hls_h264, highlight, created_at, updated_at) VALUES (79, 256982422, 'Path of Exile 2 Trailer 3', 'https://shared.akamai.steamstatic.com/store_item_assets/steam/apps/256982422/movie.293x165.jpg?t=1701323414', '{\"480\":\"https:\\/\\/video.akamai.steamstatic.com\\/store_trailers\\/256982422\\/movie480_vp9.webm?t=1701323414\",\"max\":\"https:\\/\\/video.akamai.steamstatic.com\\/store_trailers\\/256982422\\/movie_max_vp9.webm?t=1701323414\"}', '{\"480\":\"https:\\/\\/video.akamai.steamstatic.com\\/store_trailers\\/256982422\\/movie480.mp4?t=1701323414\",\"max\":\"https:\\/\\/video.akamai.steamstatic.com\\/store_trailers\\/256982422\\/movie_max.mp4?t=1701323414\"}', 'https://video.akamai.steamstatic.com/store_trailers/2694490/629395/9023f4a484d3be968f92fbf709d0601d90c3e684/1750818796/dash_av1.mpd?t=1701323414', 'https://video.akamai.steamstatic.com/store_trailers/2694490/629395/9023f4a484d3be968f92fbf709d0601d90c3e684/1750818796/dash_h264.mpd?t=1701323414', 'https://video.akamai.steamstatic.com/store_trailers/2694490/629395/9023f4a484d3be968f92fbf709d0601d90c3e684/1750818796/hls_264_master.m3u8?t=1701323414', true, NOW(), NOW());
INSERT INTO game_category (game_id, category_id, created_at, updated_at) VALUES (79, 39, NOW(), NOW());
INSERT INTO game_category (game_id, category_id, created_at, updated_at) VALUES (79, 24, NOW(), NOW());
INSERT INTO game_category (game_id, category_id, created_at, updated_at) VALUES (79, 22, NOW(), NOW());
INSERT INTO game_category (game_id, category_id, created_at, updated_at) VALUES (79, 7, NOW(), NOW());
INSERT INTO game_category (game_id, category_id, created_at, updated_at) VALUES (79, 26, NOW(), NOW());
INSERT INTO game_category (game_id, category_id, created_at, updated_at) VALUES (79, 13, NOW(), NOW());
INSERT INTO game_category (game_id, category_id, created_at, updated_at) VALUES (79, 15, NOW(), NOW());
INSERT INTO game_genre (game_id, genre_id, created_at, updated_at) VALUES (79, 1, NOW(), NOW());
INSERT INTO game_genre (game_id, genre_id, created_at, updated_at) VALUES (79, 2, NOW(), NOW());
INSERT INTO game_genre (game_id, genre_id, created_at, updated_at) VALUES (79, 12, NOW(), NOW());
INSERT INTO game_genre (game_id, genre_id, created_at, updated_at) VALUES (79, 14, NOW(), NOW());
INSERT INTO game_genre (game_id, genre_id, created_at, updated_at) VALUES (79, 7, NOW(), NOW());
INSERT INTO game_developer (game_id, developer_id, created_at, updated_at) VALUES (79, 46, NOW(), NOW());
INSERT INTO game_publisher (game_id, publisher_id, created_at, updated_at) VALUES (79, 37, NOW(), NOW());

-- Game #80: Fellowship
INSERT INTO games (id, steam_id, name, type, slug, short_description, required_age, is_free, have_dlc, icon, supported_languages, release_date, coming_soon, recommendations, achievements_count, positive_reviews, negative_reviews, total_reviews, positive_ratio, content_descriptors, is_active, created_at, updated_at) VALUES (80, 2352620, 'Fellowship', 'game', 'fellowship', 'FELLOWSHIP is a multiplayer online dungeon adventure set in an exciting fantasy setting, with endlessly scaling dungeon runs.', 0, false, true, 'https://shared.akamai.steamstatic.com/store_item_assets/steam/apps/2352620/9a614f739249e84fb74fe986cd6ccfc0edcee2bb/header.jpg?t=1761150960', '[\"English *\",\"French\",\"Italian\",\"German\",\"Spanish - Spain\",\"Russian\",\"Simplified Chinese\",\"Traditional Chinese\",\"Korean\",\"Portuguese - Brazil\",\"Japanese * languages with full audio support\"]', '2025-10-16', false, 8987, 0, 102, 198, 300, 0.34, '{\"ids\":[5],\"notes\":\"Players will engage in combat with a variety of fantasy creatures. Combat is viewed from the third-person camera and while there is no depiction of blood the fantasy violence on display may not be suitable for all ages.\"}', true, NOW(), NOW());
INSERT INTO game_platforms (game_id, windows, mac, linux, created_at, updated_at) VALUES (80, true, false, false, NOW(), NOW());
INSERT INTO game_requirements (game_id, pc_requirements, mac_requirements, linux_requirements, created_at, updated_at) VALUES (80, 'Minimum: Requires a 64-bit processor and operating system OS: Windows 10 64-bit Processor: Intel Core i3-10100 or AMD Ryzen 5 1600 Memory: 16 GB RAM Graphics: NVIDIA GeForce GTX 1650 or AMD Radeon RX 570 Network: Broadband Internet connection Storage: 20 GB available space', 'Minimum:', 'Minimum:', NOW(), NOW());
INSERT INTO game_community_ratings (game_id, toxicity_rate, cheater_rate, bug_rate, microtransaction_rate, bad_optimization_rate, not_recommended_rate, created_at, updated_at) VALUES (80, 0.154, 0.128, 0.169, 0.021, 0.239, 0.192, NOW(), NOW());
INSERT INTO game_media (game_id, media_id, name, thumbnail, webm, mp4, dash_av1, dash_h264, hls_h264, highlight, created_at, updated_at) VALUES (80, 257215931, 'Fellowship - Early Access Play Now', 'https://shared.akamai.steamstatic.com/store_item_assets/steam/apps/257215931/3d98b9acdb64a96bc303f4203843e1c7e89b79f5/movie_600x337.jpg?t=1760613456', '{\"480\":\"https:\\/\\/video.akamai.steamstatic.com\\/store_trailers\\/257215931\\/movie480.webm?t=1760613456\",\"max\":\"https:\\/\\/video.akamai.steamstatic.com\\/store_trailers\\/257215931\\/movie_max.webm?t=1760613456\"}', '{\"480\":\"https:\\/\\/video.akamai.steamstatic.com\\/store_trailers\\/257215931\\/movie480.mp4?t=1760613456\",\"max\":\"https:\\/\\/video.akamai.steamstatic.com\\/store_trailers\\/257215931\\/movie_max.mp4?t=1760613456\"}', 'https://video.akamai.steamstatic.com/store_trailers/2352620/1929919289/ed7202912e259194e3cf4c615008b7b99724c40e/1760153621/dash_av1.mpd?t=1760613456', 'https://video.akamai.steamstatic.com/store_trailers/2352620/1929919289/ed7202912e259194e3cf4c615008b7b99724c40e/1760153621/dash_h264.mpd?t=1760613456', 'https://video.akamai.steamstatic.com/store_trailers/2352620/1929919289/ed7202912e259194e3cf4c615008b7b99724c40e/1760153621/hls_264_master.m3u8?t=1760613456', true, NOW(), NOW());
INSERT INTO game_media (game_id, media_id, name, thumbnail, webm, mp4, dash_av1, dash_h264, hls_h264, highlight, created_at, updated_at) VALUES (80, 257100143, 'Fellowship - Overview Trailer', 'https://shared.akamai.steamstatic.com/store_item_assets/steam/apps/257100143/933c4dd915b068b659897a72d15ad603fbc8173e/movie_600x337.jpg?t=1746737614', '{\"480\":\"https:\\/\\/video.akamai.steamstatic.com\\/store_trailers\\/257100143\\/movie480_vp9.webm?t=1746737614\",\"max\":\"https:\\/\\/video.akamai.steamstatic.com\\/store_trailers\\/257100143\\/movie_max_vp9.webm?t=1746737614\"}', '{\"480\":\"https:\\/\\/video.akamai.steamstatic.com\\/store_trailers\\/257100143\\/movie480.mp4?t=1746737614\",\"max\":\"https:\\/\\/video.akamai.steamstatic.com\\/store_trailers\\/257100143\\/movie_max.mp4?t=1746737614\"}', 'https://video.akamai.steamstatic.com/store_trailers/2352620/831931/c25811b568c922a3570533da74259564e1b41e34/1750910230/dash_av1.mpd?t=1746737614', 'https://video.akamai.steamstatic.com/store_trailers/2352620/831931/c25811b568c922a3570533da74259564e1b41e34/1750910230/dash_h264.mpd?t=1746737614', 'https://video.akamai.steamstatic.com/store_trailers/2352620/831931/c25811b568c922a3570533da74259564e1b41e34/1750910230/hls_264_master.m3u8?t=1746737614', false, NOW(), NOW());
INSERT INTO game_media (game_id, media_id, name, thumbnail, webm, mp4, dash_av1, dash_h264, hls_h264, highlight, created_at, updated_at) VALUES (80, 257040311, 'Fellowship - Announcement Trailer', 'https://shared.akamai.steamstatic.com/store_item_assets/steam/apps/257040311/movie.293x165.jpg?t=1722527067', '{\"480\":\"https:\\/\\/video.akamai.steamstatic.com\\/store_trailers\\/257040311\\/movie480_vp9.webm?t=1722527067\",\"max\":\"https:\\/\\/video.akamai.steamstatic.com\\/store_trailers\\/257040311\\/movie_max_vp9.webm?t=1722527067\"}', '{\"480\":\"https:\\/\\/video.akamai.steamstatic.com\\/store_trailers\\/257040311\\/movie480.mp4?t=1722527067\",\"max\":\"https:\\/\\/video.akamai.steamstatic.com\\/store_trailers\\/257040311\\/movie_max.mp4?t=1722527067\"}', 'https://video.akamai.steamstatic.com/store_trailers/2352620/730401/800763731a55b11d2a67d1ba886137795bcb106e/1750910224/dash_av1.mpd?t=1722527067', 'https://video.akamai.steamstatic.com/store_trailers/2352620/730401/800763731a55b11d2a67d1ba886137795bcb106e/1750910224/dash_h264.mpd?t=1722527067', 'https://video.akamai.steamstatic.com/store_trailers/2352620/730401/800763731a55b11d2a67d1ba886137795bcb106e/1750910224/hls_264_master.m3u8?t=1722527067', false, NOW(), NOW());
INSERT INTO game_category (game_id, category_id, created_at, updated_at) VALUES (80, 24, NOW(), NOW());
INSERT INTO game_category (game_id, category_id, created_at, updated_at) VALUES (80, 7, NOW(), NOW());
INSERT INTO game_category (game_id, category_id, created_at, updated_at) VALUES (80, 26, NOW(), NOW());
INSERT INTO game_category (game_id, category_id, created_at, updated_at) VALUES (80, 2, NOW(), NOW());
INSERT INTO game_category (game_id, category_id, created_at, updated_at) VALUES (80, 3, NOW(), NOW());
INSERT INTO game_category (game_id, category_id, created_at, updated_at) VALUES (80, 11, NOW(), NOW());
INSERT INTO game_category (game_id, category_id, created_at, updated_at) VALUES (80, 1, NOW(), NOW());
INSERT INTO game_category (game_id, category_id, created_at, updated_at) VALUES (80, 29, NOW(), NOW());
INSERT INTO game_category (game_id, category_id, created_at, updated_at) VALUES (80, 49, NOW(), NOW());
INSERT INTO game_category (game_id, category_id, created_at, updated_at) VALUES (80, 12, NOW(), NOW());
INSERT INTO game_genre (game_id, genre_id, created_at, updated_at) VALUES (80, 14, NOW(), NOW());
INSERT INTO game_genre (game_id, genre_id, created_at, updated_at) VALUES (80, 7, NOW(), NOW());
INSERT INTO game_developer (game_id, developer_id, created_at, updated_at) VALUES (80, 22, NOW(), NOW());
INSERT INTO game_publisher (game_id, publisher_id, created_at, updated_at) VALUES (80, 7, NOW(), NOW());

-- Game #81: Shadowverse: Worlds Beyond
INSERT INTO games (id, steam_id, name, type, slug, short_description, required_age, is_free, have_dlc, icon, supported_languages, release_date, coming_soon, recommendations, achievements_count, positive_reviews, negative_reviews, total_reviews, positive_ratio, content_descriptors, is_active, created_at, updated_at) VALUES (81, 2584990, 'Shadowverse: Worlds Beyond', 'game', 'shadowverse-worlds-beyond', 'Shadowverse: Worlds Beyond is a brand-new strategy card game from the popular Shadowverse CCG. With the newly added super-evolution mechanic and Shadowverse Park, among other brand-new content, there is lots to enjoy for both seasoned and brand-new players.', 0, true, false, 'https://shared.akamai.steamstatic.com/store_item_assets/steam/apps/2584990/bab5a90e2765d340ca3ba8553e1b0ee679176dda/header.jpg?t=1759125056', '[\"English *\",\"Japanese *\",\"Simplified Chinese\",\"Traditional Chinese\",\"Korean * languages with full audio support\"]', '2025-06-14', false, 0, 27, 27, 273, 300, 0.09, '{\"ids\":[],\"notes\":null}', true, NOW(), NOW());
INSERT INTO game_platforms (game_id, windows, mac, linux, created_at, updated_at) VALUES (81, true, false, false, NOW(), NOW());
INSERT INTO game_requirements (game_id, pc_requirements, mac_requirements, linux_requirements, created_at, updated_at) VALUES (81, 'Minimum: Requires a 64-bit processor and operating system OS: Windows® 11 Processor: Intel® Core™ i5-8500 Processor / AMD Ryzen™ 5 3500 Memory: 8 GB RAM Graphics: GeForce GTX™ 970 / AMD Radeon™ RX 6500 XT DirectX: Version 11 Storage: 20 GB available space Additional Notes: SSD recommended.', 'Minimum:', 'Minimum:', NOW(), NOW());
INSERT INTO game_community_ratings (game_id, toxicity_rate, cheater_rate, bug_rate, microtransaction_rate, bad_optimization_rate, not_recommended_rate, created_at, updated_at) VALUES (81, 0.075, 0.077, 0.025, 0.089, 0.02, 0.097, NOW(), NOW());
INSERT INTO game_media (game_id, media_id, name, thumbnail, webm, mp4, dash_av1, dash_h264, hls_h264, highlight, created_at, updated_at) VALUES (81, 257155942, 'ストア用動画_英語', 'https://shared.akamai.steamstatic.com/store_item_assets/steam/apps/257155942/6bd792e788fc7990da115e80747cdd46b5bccb19/movie_600x337.jpg?t=1749953593', '{\"480\":\"https:\\/\\/video.akamai.steamstatic.com\\/store_trailers\\/257155942\\/movie480_vp9.webm?t=1749953593\",\"max\":\"https:\\/\\/video.akamai.steamstatic.com\\/store_trailers\\/257155942\\/movie_max_vp9.webm?t=1749953593\"}', '{\"480\":\"https:\\/\\/video.akamai.steamstatic.com\\/store_trailers\\/257155942\\/movie480.mp4?t=1749953593\",\"max\":\"https:\\/\\/video.akamai.steamstatic.com\\/store_trailers\\/257155942\\/movie_max.mp4?t=1749953593\"}', 'https://video.akamai.steamstatic.com/store_trailers/2584990/1715950205/2da1c136563bef9d8986031f524c6280451b5ac5/1750817199/dash_av1.mpd?t=1749953593', 'https://video.akamai.steamstatic.com/store_trailers/2584990/1715950205/2da1c136563bef9d8986031f524c6280451b5ac5/1750817199/dash_h264.mpd?t=1749953593', 'https://video.akamai.steamstatic.com/store_trailers/2584990/1715950205/2da1c136563bef9d8986031f524c6280451b5ac5/1750817199/hls_264_master.m3u8?t=1749953593', true, NOW(), NOW());
INSERT INTO game_category (game_id, category_id, created_at, updated_at) VALUES (81, 39, NOW(), NOW());
INSERT INTO game_category (game_id, category_id, created_at, updated_at) VALUES (81, 24, NOW(), NOW());
INSERT INTO game_category (game_id, category_id, created_at, updated_at) VALUES (81, 30, NOW(), NOW());
INSERT INTO game_category (game_id, category_id, created_at, updated_at) VALUES (81, 27, NOW(), NOW());
INSERT INTO game_category (game_id, category_id, created_at, updated_at) VALUES (81, 10, NOW(), NOW());
INSERT INTO game_category (game_id, category_id, created_at, updated_at) VALUES (81, 41, NOW(), NOW());
INSERT INTO game_category (game_id, category_id, created_at, updated_at) VALUES (81, 16, NOW(), NOW());
INSERT INTO game_category (game_id, category_id, created_at, updated_at) VALUES (81, 2, NOW(), NOW());
INSERT INTO game_category (game_id, category_id, created_at, updated_at) VALUES (81, 3, NOW(), NOW());
INSERT INTO game_category (game_id, category_id, created_at, updated_at) VALUES (81, 11, NOW(), NOW());
INSERT INTO game_category (game_id, category_id, created_at, updated_at) VALUES (81, 29, NOW(), NOW());
INSERT INTO game_category (game_id, category_id, created_at, updated_at) VALUES (81, 49, NOW(), NOW());
INSERT INTO game_category (game_id, category_id, created_at, updated_at) VALUES (81, 28, NOW(), NOW());
INSERT INTO game_genre (game_id, genre_id, created_at, updated_at) VALUES (81, 5, NOW(), NOW());
INSERT INTO game_genre (game_id, genre_id, created_at, updated_at) VALUES (81, 14, NOW(), NOW());
INSERT INTO game_genre (game_id, genre_id, created_at, updated_at) VALUES (81, 18, NOW(), NOW());
INSERT INTO game_genre (game_id, genre_id, created_at, updated_at) VALUES (81, 9, NOW(), NOW());
INSERT INTO game_developer (game_id, developer_id, created_at, updated_at) VALUES (81, 27, NOW(), NOW());
INSERT INTO game_publisher (game_id, publisher_id, created_at, updated_at) VALUES (81, 22, NOW(), NOW());

-- Game #82: Mount & Blade II: Bannerlord
INSERT INTO games (id, steam_id, name, type, slug, short_description, required_age, is_free, have_dlc, icon, supported_languages, release_date, coming_soon, recommendations, achievements_count, positive_reviews, negative_reviews, total_reviews, positive_ratio, content_descriptors, is_active, created_at, updated_at) VALUES (82, 261550, 'Mount & Blade II: Bannerlord', 'game', 'mount-blade-ii-bannerlord', 'A strategy/action RPG. Create a character, engage in diplomacy, craft, trade and conquer new lands in a vast medieval sandbox. Raise armies to lead into battle and command and fight alongside your troops in massive real-time battles using a deep but intuitive skill-based combat system.', 0, false, true, 'https://shared.akamai.steamstatic.com/store_item_assets/steam/apps/261550/header.jpg?t=1751538727', '[\"English *\",\"Simplified Chinese\",\"Turkish\",\"Traditional Chinese\",\"French\",\"Italian\",\"Japanese\",\"Korean\",\"Polish\",\"Portuguese - Brazil\",\"Russian\",\"Spanish - Latin America\",\"German * languages with full audio support\"]', '2022-10-25', false, 211836, 50, 124, 176, 300, 0.413, '{\"ids\":[5],\"notes\":\"This game is set in a fictional medieval world where the player assumes the role of an adventurer. The player engages in fights and battles and may kill or dispatch enemies and possibly horses using swords, axes, bows and other melee and ranged weapons. The game shows blood effects and rag-doll integrated death animations. Player can purchase wine and ale, and consume these in taverns. Game text includes moderate crude language such as bastard, piss, etc.\"}', true, NOW(), NOW());
INSERT INTO game_platforms (game_id, windows, mac, linux, created_at, updated_at) VALUES (82, true, false, false, NOW(), NOW());
INSERT INTO game_requirements (game_id, pc_requirements, mac_requirements, linux_requirements, created_at, updated_at) VALUES (82, 'Minimum: Requires a 64-bit processor and operating system OS *: Windows 7 (64-bit only) Processor: Intel® Core™ i3-8100 / AMD Ryzen™ 3 1200 Memory: 6 GB RAM Graphics: Intel® UHD Graphics 630 / NVIDIA® GeForce® GTX 660 2GB / AMD Radeon™ HD 7850 2GB Storage: 60 GB available space Additional Notes: Integrated GPUs require additional 2GB of system RAM.', 'Minimum:', 'Minimum:', NOW(), NOW());
INSERT INTO game_community_ratings (game_id, toxicity_rate, cheater_rate, bug_rate, microtransaction_rate, bad_optimization_rate, not_recommended_rate, created_at, updated_at) VALUES (82, 0.01, 0.016, 0.025, 0.007, 0.01, 0.064, NOW(), NOW());
INSERT INTO game_media (game_id, media_id, name, thumbnail, webm, mp4, dash_av1, dash_h264, hls_h264, highlight, created_at, updated_at) VALUES (82, 256910718, 'Mount & Blade II: Bannerlord Official Release Trailer', 'https://shared.akamai.steamstatic.com/store_item_assets/steam/apps/256910718/movie.293x165.jpg?t=1666681395', '{\"480\":\"https:\\/\\/video.akamai.steamstatic.com\\/store_trailers\\/256910718\\/movie480_vp9.webm?t=1666681395\",\"max\":\"https:\\/\\/video.akamai.steamstatic.com\\/store_trailers\\/256910718\\/movie_max_vp9.webm?t=1666681395\"}', '{\"480\":\"https:\\/\\/video.akamai.steamstatic.com\\/store_trailers\\/256910718\\/movie480.mp4?t=1666681395\",\"max\":\"https:\\/\\/video.akamai.steamstatic.com\\/store_trailers\\/256910718\\/movie_max.mp4?t=1666681395\"}', 'https://video.akamai.steamstatic.com/store_trailers/261550/504512/476e368d961936646914b97a28cad87bb2e99872/1750497754/dash_av1.mpd?t=1666681395', 'https://video.akamai.steamstatic.com/store_trailers/261550/504512/476e368d961936646914b97a28cad87bb2e99872/1750497754/dash_h264.mpd?t=1666681395', 'https://video.akamai.steamstatic.com/store_trailers/261550/504512/476e368d961936646914b97a28cad87bb2e99872/1750497754/hls_264_master.m3u8?t=1666681395', true, NOW(), NOW());
INSERT INTO game_media (game_id, media_id, name, thumbnail, webm, mp4, dash_av1, dash_h264, hls_h264, highlight, created_at, updated_at) VALUES (82, 256779591, 'Mount & Blade II: Bannerlord Early Access Release Trailer', 'https://shared.akamai.steamstatic.com/store_item_assets/steam/apps/256779591/movie.293x165.jpg?t=1585560419', '{\"480\":\"https:\\/\\/video.akamai.steamstatic.com\\/store_trailers\\/256779591\\/movie480.webm?t=1585560419\",\"max\":\"https:\\/\\/video.akamai.steamstatic.com\\/store_trailers\\/256779591\\/movie_max.webm?t=1585560419\"}', '{\"480\":\"https:\\/\\/video.akamai.steamstatic.com\\/store_trailers\\/256779591\\/movie480.mp4?t=1585560419\",\"max\":\"https:\\/\\/video.akamai.steamstatic.com\\/store_trailers\\/256779591\\/movie_max.mp4?t=1585560419\"}', 'https://video.akamai.steamstatic.com/store_trailers/261550/274968/f0e1dd921fda5d327df4ecccf75a50dc47d675e7/1750497750/dash_av1.mpd?t=1585560419', 'https://video.akamai.steamstatic.com/store_trailers/261550/274968/f0e1dd921fda5d327df4ecccf75a50dc47d675e7/1750497750/dash_h264.mpd?t=1585560419', 'https://video.akamai.steamstatic.com/store_trailers/261550/274968/f0e1dd921fda5d327df4ecccf75a50dc47d675e7/1750497750/hls_264_master.m3u8?t=1585560419', true, NOW(), NOW());
INSERT INTO game_media (game_id, media_id, name, thumbnail, webm, mp4, dash_av1, dash_h264, hls_h264, highlight, created_at, updated_at) VALUES (82, 256775637, 'Mount & Blade II: Bannerlord Early Access Announcement Trailer', 'https://shared.akamai.steamstatic.com/store_item_assets/steam/apps/256775637/movie.293x165.jpg?t=1582137057', '{\"480\":\"https:\\/\\/video.akamai.steamstatic.com\\/store_trailers\\/256775637\\/movie480.webm?t=1582137057\",\"max\":\"https:\\/\\/video.akamai.steamstatic.com\\/store_trailers\\/256775637\\/movie_max.webm?t=1582137057\"}', '{\"480\":\"https:\\/\\/video.akamai.steamstatic.com\\/store_trailers\\/256775637\\/movie480.mp4?t=1582137057\",\"max\":\"https:\\/\\/video.akamai.steamstatic.com\\/store_trailers\\/256775637\\/movie_max.mp4?t=1582137057\"}', 'https://video.akamai.steamstatic.com/store_trailers/261550/267698/74f24da6ddcf1517789d9a198d457b08591240da/1750497749/dash_av1.mpd?t=1582137057', 'https://video.akamai.steamstatic.com/store_trailers/261550/267698/74f24da6ddcf1517789d9a198d457b08591240da/1750497749/dash_h264.mpd?t=1582137057', 'https://video.akamai.steamstatic.com/store_trailers/261550/267698/74f24da6ddcf1517789d9a198d457b08591240da/1750497749/hls_264_master.m3u8?t=1582137057', true, NOW(), NOW());
INSERT INTO game_media (game_id, media_id, name, thumbnail, webm, mp4, dash_av1, dash_h264, hls_h264, highlight, created_at, updated_at) VALUES (82, 256775636, 'Mount & Blade II: Bannerlord E3 2016 Siege Gameplay Trailer', 'https://shared.akamai.steamstatic.com/store_item_assets/steam/apps/256775636/movie.293x165.jpg?t=1582137063', '{\"480\":\"https:\\/\\/video.akamai.steamstatic.com\\/store_trailers\\/256775636\\/movie480.webm?t=1582137063\",\"max\":\"https:\\/\\/video.akamai.steamstatic.com\\/store_trailers\\/256775636\\/movie_max.webm?t=1582137063\"}', '{\"480\":\"https:\\/\\/video.akamai.steamstatic.com\\/store_trailers\\/256775636\\/movie480.mp4?t=1582137063\",\"max\":\"https:\\/\\/video.akamai.steamstatic.com\\/store_trailers\\/256775636\\/movie_max.mp4?t=1582137063\"}', 'https://video.akamai.steamstatic.com/store_trailers/261550/267697/bd751c3d102edd4439c72969df0179d0dee37476/1750497749/dash_av1.mpd?t=1582137063', 'https://video.akamai.steamstatic.com/store_trailers/261550/267697/bd751c3d102edd4439c72969df0179d0dee37476/1750497749/dash_h264.mpd?t=1582137063', 'https://video.akamai.steamstatic.com/store_trailers/261550/267697/bd751c3d102edd4439c72969df0179d0dee37476/1750497749/hls_264_master.m3u8?t=1582137063', true, NOW(), NOW());
INSERT INTO game_media (game_id, media_id, name, thumbnail, webm, mp4, dash_av1, dash_h264, hls_h264, highlight, created_at, updated_at) VALUES (82, 256671098, 'Mount & Blade II: Bannerlord Gamescom 2016 Siege Defence Gameplay', 'https://shared.akamai.steamstatic.com/store_item_assets/steam/apps/256671098/movie.293x165.jpg?t=1476892937', '{\"480\":\"https:\\/\\/video.akamai.steamstatic.com\\/store_trailers\\/256671098\\/movie480.webm?t=1476892937\",\"max\":\"https:\\/\\/video.akamai.steamstatic.com\\/store_trailers\\/256671098\\/movie_max.webm?t=1476892937\"}', '{\"480\":\"https:\\/\\/video.akamai.steamstatic.com\\/store_trailers\\/256671098\\/movie480.mp4?t=1476892937\",\"max\":\"https:\\/\\/video.akamai.steamstatic.com\\/store_trailers\\/256671098\\/movie_max.mp4?t=1476892937\"}', 'https://video.akamai.steamstatic.com/store_trailers/261550/73464/775ab056ba936383f055e0ce6b653fd8d0b23eb4/1750497734/dash_av1.mpd?t=1476892937', 'https://video.akamai.steamstatic.com/store_trailers/261550/73464/775ab056ba936383f055e0ce6b653fd8d0b23eb4/1750497734/dash_h264.mpd?t=1476892937', 'https://video.akamai.steamstatic.com/store_trailers/261550/73464/775ab056ba936383f055e0ce6b653fd8d0b23eb4/1750497734/hls_264_master.m3u8?t=1476892937', true, NOW(), NOW());
INSERT INTO game_media (game_id, media_id, name, thumbnail, webm, mp4, dash_av1, dash_h264, hls_h264, highlight, created_at, updated_at) VALUES (82, 256671404, 'Mount & Blade II: Bannerlord E3 2016 Siege Gameplay Extended', 'https://shared.akamai.steamstatic.com/store_item_assets/steam/apps/256671404/movie.293x165.jpg?t=1476892950', '{\"480\":\"https:\\/\\/video.akamai.steamstatic.com\\/store_trailers\\/256671404\\/movie480.webm?t=1476892950\",\"max\":\"https:\\/\\/video.akamai.steamstatic.com\\/store_trailers\\/256671404\\/movie_max.webm?t=1476892950\"}', '{\"480\":\"https:\\/\\/video.akamai.steamstatic.com\\/store_trailers\\/256671404\\/movie480.mp4?t=1476892950\",\"max\":\"https:\\/\\/video.akamai.steamstatic.com\\/store_trailers\\/256671404\\/movie_max.mp4?t=1476892950\"}', 'https://video.akamai.steamstatic.com/store_trailers/261550/74067/ff8757042466060aac9a36eab692969c58a46cbd/1750497739/dash_av1.mpd?t=1476892950', 'https://video.akamai.steamstatic.com/store_trailers/261550/74067/ff8757042466060aac9a36eab692969c58a46cbd/1750497739/dash_h264.mpd?t=1476892950', 'https://video.akamai.steamstatic.com/store_trailers/261550/74067/ff8757042466060aac9a36eab692969c58a46cbd/1750497739/hls_264_master.m3u8?t=1476892950', true, NOW(), NOW());
INSERT INTO game_category (game_id, category_id, created_at, updated_at) VALUES (82, 39, NOW(), NOW());
INSERT INTO game_category (game_id, category_id, created_at, updated_at) VALUES (82, 24, NOW(), NOW());
INSERT INTO game_category (game_id, category_id, created_at, updated_at) VALUES (82, 30, NOW(), NOW());
INSERT INTO game_category (game_id, category_id, created_at, updated_at) VALUES (82, 27, NOW(), NOW());
INSERT INTO game_category (game_id, category_id, created_at, updated_at) VALUES (82, 41, NOW(), NOW());
INSERT INTO game_category (game_id, category_id, created_at, updated_at) VALUES (82, 45, NOW(), NOW());
INSERT INTO game_category (game_id, category_id, created_at, updated_at) VALUES (82, 47, NOW(), NOW());
INSERT INTO game_category (game_id, category_id, created_at, updated_at) VALUES (82, 28, NOW(), NOW());
INSERT INTO game_category (game_id, category_id, created_at, updated_at) VALUES (82, 42, NOW(), NOW());
INSERT INTO game_category (game_id, category_id, created_at, updated_at) VALUES (82, 18, NOW(), NOW());
INSERT INTO game_category (game_id, category_id, created_at, updated_at) VALUES (82, 34, NOW(), NOW());
INSERT INTO game_category (game_id, category_id, created_at, updated_at) VALUES (82, 12, NOW(), NOW());
INSERT INTO game_genre (game_id, genre_id, created_at, updated_at) VALUES (82, 1, NOW(), NOW());
INSERT INTO game_genre (game_id, genre_id, created_at, updated_at) VALUES (82, 11, NOW(), NOW());
INSERT INTO game_genre (game_id, genre_id, created_at, updated_at) VALUES (82, 14, NOW(), NOW());
INSERT INTO game_genre (game_id, genre_id, created_at, updated_at) VALUES (82, 16, NOW(), NOW());
INSERT INTO game_genre (game_id, genre_id, created_at, updated_at) VALUES (82, 18, NOW(), NOW());
INSERT INTO game_developer (game_id, developer_id, created_at, updated_at) VALUES (82, 95, NOW(), NOW());
INSERT INTO game_publisher (game_id, publisher_id, created_at, updated_at) VALUES (82, 75, NOW(), NOW());

-- Game #83: Age of Empires II: Definitive Edition
INSERT INTO games (id, steam_id, name, type, slug, short_description, required_age, is_free, have_dlc, icon, supported_languages, release_date, coming_soon, recommendations, achievements_count, positive_reviews, negative_reviews, total_reviews, positive_ratio, content_descriptors, is_active, created_at, updated_at) VALUES (83, 813780, 'Age of Empires II: Definitive Edition', 'game', 'age-of-empires-ii-definitive-edition', '42 Civilizations, 229 Campaign Missions, Singleplayer, Co-Op, Multiplayer, In-Game Editor, Mods, Cross-play...It is good to be the king.', 0, false, true, 'https://shared.akamai.steamstatic.com/store_item_assets/steam/apps/813780/header.jpg?t=1760473253', '[\"English *\",\"French *\",\"Italian *\",\"German *\",\"Japanese\",\"Korean *\",\"Portuguese - Brazil *\",\"Russian\",\"Simplified Chinese *\",\"Spanish - Latin America *\",\"Traditional Chinese *\",\"Turkish\",\"Vietnamese\",\"Spanish - Spain *\",\"Polish\",\"Hindi\",\"Malay * languages with full audio support\"]', '2019-11-14', false, 146980, 344, 190, 110, 300, 0.633, '{\"ids\":[],\"notes\":null}', true, NOW(), NOW());
INSERT INTO game_platforms (game_id, windows, mac, linux, created_at, updated_at) VALUES (83, true, false, false, NOW(), NOW());
INSERT INTO game_requirements (game_id, pc_requirements, mac_requirements, linux_requirements, created_at, updated_at) VALUES (83, 'Minimum: OS: Windows 10 64bit Processor: Intel Core 2 Duo or AMD Athlon 64x2 5600+ Memory: 4 GB RAM Graphics: NVIDIA® GeForce® GT 420 or ATI™ Radeon™ HD 6850 or Intel® HD Graphics 4000 or better with 2 GB VRAM DirectX: Version 11 Network: Broadband Internet connection Storage: 15 GB available space Additional Notes: 2GB of video memory + 4GB of system memory required', '', '', NOW(), NOW());
INSERT INTO game_community_ratings (game_id, toxicity_rate, cheater_rate, bug_rate, microtransaction_rate, bad_optimization_rate, not_recommended_rate, created_at, updated_at) VALUES (83, 0.02, 0.024, 0.018, 0.003, 0.018, 0.032, NOW(), NOW());
INSERT INTO game_media (game_id, media_id, name, thumbnail, webm, mp4, dash_av1, dash_h264, hls_h264, highlight, created_at, updated_at) VALUES (83, 256810032, 'Definitive Collection', 'https://shared.akamai.steamstatic.com/store_item_assets/steam/apps/256810032/movie.293x165.jpg?t=1605737896', '{\"480\":\"https:\\/\\/video.akamai.steamstatic.com\\/store_trailers\\/256810032\\/movie480_vp9.webm?t=1605737896\",\"max\":\"https:\\/\\/video.akamai.steamstatic.com\\/store_trailers\\/256810032\\/movie_max_vp9.webm?t=1605737896\"}', '{\"480\":\"https:\\/\\/video.akamai.steamstatic.com\\/store_trailers\\/256810032\\/movie480.mp4?t=1605737896\",\"max\":\"https:\\/\\/video.akamai.steamstatic.com\\/store_trailers\\/256810032\\/movie_max.mp4?t=1605737896\"}', 'https://video.akamai.steamstatic.com/store_trailers/813780/327571/20da59b3372259f88b8affb4c08f3488490ab7df/1750586051/dash_av1.mpd?t=1605737896', 'https://video.akamai.steamstatic.com/store_trailers/813780/327571/20da59b3372259f88b8affb4c08f3488490ab7df/1750586051/dash_h264.mpd?t=1605737896', 'https://video.akamai.steamstatic.com/store_trailers/813780/327571/20da59b3372259f88b8affb4c08f3488490ab7df/1750586051/hls_264_master.m3u8?t=1605737896', true, NOW(), NOW());
INSERT INTO game_media (game_id, media_id, name, thumbnail, webm, mp4, dash_av1, dash_h264, hls_h264, highlight, created_at, updated_at) VALUES (83, 256753456, 'Age of Empires II: Definitive Edition', 'https://shared.akamai.steamstatic.com/store_item_assets/steam/apps/256753456/movie.293x165.jpg?t=1573774043', '{\"480\":\"https:\\/\\/video.akamai.steamstatic.com\\/store_trailers\\/256753456\\/movie480.webm?t=1573774043\",\"max\":\"https:\\/\\/video.akamai.steamstatic.com\\/store_trailers\\/256753456\\/movie_max.webm?t=1573774043\"}', '{\"480\":\"https:\\/\\/video.akamai.steamstatic.com\\/store_trailers\\/256753456\\/movie480.mp4?t=1573774043\",\"max\":\"https:\\/\\/video.akamai.steamstatic.com\\/store_trailers\\/256753456\\/movie_max.mp4?t=1573774043\"}', 'https://video.akamai.steamstatic.com/store_trailers/813780/228198/a6de3656546a02339a9a89290068c2ac4d51fd68/1750586036/dash_av1.mpd?t=1573774043', 'https://video.akamai.steamstatic.com/store_trailers/813780/228198/a6de3656546a02339a9a89290068c2ac4d51fd68/1750586036/dash_h264.mpd?t=1573774043', 'https://video.akamai.steamstatic.com/store_trailers/813780/228198/a6de3656546a02339a9a89290068c2ac4d51fd68/1750586036/hls_264_master.m3u8?t=1573774043', true, NOW(), NOW());
INSERT INTO game_category (game_id, category_id, created_at, updated_at) VALUES (83, 39, NOW(), NOW());
INSERT INTO game_category (game_id, category_id, created_at, updated_at) VALUES (83, 24, NOW(), NOW());
INSERT INTO game_category (game_id, category_id, created_at, updated_at) VALUES (83, 30, NOW(), NOW());
INSERT INTO game_category (game_id, category_id, created_at, updated_at) VALUES (83, 27, NOW(), NOW());
INSERT INTO game_category (game_id, category_id, created_at, updated_at) VALUES (83, 21, NOW(), NOW());
INSERT INTO game_category (game_id, category_id, created_at, updated_at) VALUES (83, 7, NOW(), NOW());
INSERT INTO game_category (game_id, category_id, created_at, updated_at) VALUES (83, 26, NOW(), NOW());
INSERT INTO game_category (game_id, category_id, created_at, updated_at) VALUES (83, 20, NOW(), NOW());
INSERT INTO game_category (game_id, category_id, created_at, updated_at) VALUES (83, 10, NOW(), NOW());
INSERT INTO game_category (game_id, category_id, created_at, updated_at) VALUES (83, 41, NOW(), NOW());
INSERT INTO game_category (game_id, category_id, created_at, updated_at) VALUES (83, 45, NOW(), NOW());
INSERT INTO game_category (game_id, category_id, created_at, updated_at) VALUES (83, 42, NOW(), NOW());
INSERT INTO game_category (game_id, category_id, created_at, updated_at) VALUES (83, 18, NOW(), NOW());
INSERT INTO game_category (game_id, category_id, created_at, updated_at) VALUES (83, 12, NOW(), NOW());
INSERT INTO game_genre (game_id, genre_id, created_at, updated_at) VALUES (83, 18, NOW(), NOW());
INSERT INTO game_developer (game_id, developer_id, created_at, updated_at) VALUES (83, 110, NOW(), NOW());
INSERT INTO game_developer (game_id, developer_id, created_at, updated_at) VALUES (83, 40, NOW(), NOW());
INSERT INTO game_developer (game_id, developer_id, created_at, updated_at) VALUES (83, 20, NOW(), NOW());
INSERT INTO game_developer (game_id, developer_id, created_at, updated_at) VALUES (83, 96, NOW(), NOW());
INSERT INTO game_developer (game_id, developer_id, created_at, updated_at) VALUES (83, 109, NOW(), NOW());
INSERT INTO game_publisher (game_id, publisher_id, created_at, updated_at) VALUES (83, 85, NOW(), NOW());

-- Game #84: ELDEN RING NIGHTREIGN
INSERT INTO games (id, steam_id, name, type, slug, short_description, required_age, is_free, have_dlc, icon, supported_languages, release_date, coming_soon, recommendations, achievements_count, positive_reviews, negative_reviews, total_reviews, positive_ratio, content_descriptors, is_active, created_at, updated_at) VALUES (84, 2622380, 'ELDEN RING NIGHTREIGN', 'game', 'elden-ring-nightreign', 'ELDEN RING NIGHTREIGN is a standalone adventure within the ELDEN RING universe, crafted to offer players a new gaming experience by reimagining the game’s core design.', 17, false, true, 'https://shared.akamai.steamstatic.com/store_item_assets/steam/apps/2622380/header.jpg?t=1753977256', '[\"English *\",\"Japanese\",\"French\",\"Italian\",\"German\",\"Spanish - Spain\",\"Arabic\",\"Korean\",\"Polish\",\"Portuguese - Brazil\",\"Russian\",\"Simplified Chinese\",\"Spanish - Latin America\",\"Thai\",\"Traditional Chinese * languages with full audio support\"]', '2025-05-29', false, 103276, 37, 105, 195, 300, 0.35, '{\"ids\":[2,5],\"notes\":null}', true, NOW(), NOW());
INSERT INTO game_platforms (game_id, windows, mac, linux, created_at, updated_at) VALUES (84, true, false, false, NOW(), NOW());
INSERT INTO game_requirements (game_id, pc_requirements, mac_requirements, linux_requirements, created_at, updated_at) VALUES (84, 'Minimum: Requires a 64-bit processor and operating system OS: Windows 10 Processor: Intel Core i5-10600 / AMD RYZEN 5 5500 Memory: 12 GB RAM Graphics: NVIDIA GeForce GTX 1060 3GB / AMD Radeon RX 580 4GB DirectX: Version 12 Storage: 30 GB available space Sound Card: Windows compatible audio device', 'Minimum:', 'Minimum:', NOW(), NOW());
INSERT INTO game_community_ratings (game_id, toxicity_rate, cheater_rate, bug_rate, microtransaction_rate, bad_optimization_rate, not_recommended_rate, created_at, updated_at) VALUES (84, 0.045, 0.06, 0.051, 0.018, 0.066, 0.175, NOW(), NOW());
INSERT INTO game_media (game_id, media_id, name, thumbnail, webm, mp4, dash_av1, dash_h264, hls_h264, highlight, created_at, updated_at) VALUES (84, 257098299, 'ELDEN RING NIGHTREIGN - Official Pre-Order Trailer', 'https://shared.akamai.steamstatic.com/store_item_assets/steam/apps/257098299/ee5250a8b87c70ac7e8e2fa8de1b6c19e0628d5a/movie_600x337.jpg?t=1740245915', '{\"480\":\"https:\\/\\/video.akamai.steamstatic.com\\/store_trailers\\/257098299\\/movie480_vp9.webm?t=1740245915\",\"max\":\"https:\\/\\/video.akamai.steamstatic.com\\/store_trailers\\/257098299\\/movie_max_vp9.webm?t=1740245915\"}', '{\"480\":\"https:\\/\\/video.akamai.steamstatic.com\\/store_trailers\\/257098299\\/movie480.mp4?t=1740245915\",\"max\":\"https:\\/\\/video.akamai.steamstatic.com\\/store_trailers\\/257098299\\/movie_max.mp4?t=1740245915\"}', 'https://video.akamai.steamstatic.com/store_trailers/2622380/828850/15a9e8b059b4a65ed3e2f5eb8c86d10e2c6f680c/1749169515/dash_av1.mpd?t=1740245915', 'https://video.akamai.steamstatic.com/store_trailers/2622380/828850/15a9e8b059b4a65ed3e2f5eb8c86d10e2c6f680c/1749169515/dash_h264.mpd?t=1740245915', 'https://video.akamai.steamstatic.com/store_trailers/2622380/828850/15a9e8b059b4a65ed3e2f5eb8c86d10e2c6f680c/1749169515/hls_264_master.m3u8?t=1740245915', true, NOW(), NOW());
INSERT INTO game_media (game_id, media_id, name, thumbnail, webm, mp4, dash_av1, dash_h264, hls_h264, highlight, created_at, updated_at) VALUES (84, 257084452, 'ELDEN RING NIGHTREIGN - REVEAL GAMEPLAY TRAILER', 'https://shared.akamai.steamstatic.com/store_item_assets/steam/apps/257084452/073d2cad697ae780e993b29aed47c72c6ab607b6/movie_600x337.jpg?t=1740245921', '{\"480\":\"https:\\/\\/video.akamai.steamstatic.com\\/store_trailers\\/257084452\\/movie480_vp9.webm?t=1740245921\",\"max\":\"https:\\/\\/video.akamai.steamstatic.com\\/store_trailers\\/257084452\\/movie_max_vp9.webm?t=1740245921\"}', '{\"480\":\"https:\\/\\/video.akamai.steamstatic.com\\/store_trailers\\/257084452\\/movie480.mp4?t=1740245921\",\"max\":\"https:\\/\\/video.akamai.steamstatic.com\\/store_trailers\\/257084452\\/movie_max.mp4?t=1740245921\"}', 'https://video.akamai.steamstatic.com/store_trailers/2622380/803957/e1323cd25cb789261552ff380b6a2460ed367bd1/1748583104/dash_av1.mpd?t=1740245921', 'https://video.akamai.steamstatic.com/store_trailers/2622380/803957/e1323cd25cb789261552ff380b6a2460ed367bd1/1748583104/dash_h264.mpd?t=1740245921', 'https://video.akamai.steamstatic.com/store_trailers/2622380/803957/e1323cd25cb789261552ff380b6a2460ed367bd1/1748583104/hls_264_master.m3u8?t=1740245921', true, NOW(), NOW());
INSERT INTO game_category (game_id, category_id, created_at, updated_at) VALUES (84, 39, NOW(), NOW());
INSERT INTO game_category (game_id, category_id, created_at, updated_at) VALUES (84, 24, NOW(), NOW());
INSERT INTO game_category (game_id, category_id, created_at, updated_at) VALUES (84, 7, NOW(), NOW());
INSERT INTO game_category (game_id, category_id, created_at, updated_at) VALUES (84, 26, NOW(), NOW());
INSERT INTO game_category (game_id, category_id, created_at, updated_at) VALUES (84, 41, NOW(), NOW());
INSERT INTO game_category (game_id, category_id, created_at, updated_at) VALUES (84, 13, NOW(), NOW());
INSERT INTO game_category (game_id, category_id, created_at, updated_at) VALUES (84, 3, NOW(), NOW());
INSERT INTO game_category (game_id, category_id, created_at, updated_at) VALUES (84, 11, NOW(), NOW());
INSERT INTO game_category (game_id, category_id, created_at, updated_at) VALUES (84, 29, NOW(), NOW());
INSERT INTO game_category (game_id, category_id, created_at, updated_at) VALUES (84, 49, NOW(), NOW());
INSERT INTO game_category (game_id, category_id, created_at, updated_at) VALUES (84, 51, NOW(), NOW());
INSERT INTO game_category (game_id, category_id, created_at, updated_at) VALUES (84, 42, NOW(), NOW());
INSERT INTO game_category (game_id, category_id, created_at, updated_at) VALUES (84, 12, NOW(), NOW());
INSERT INTO game_genre (game_id, genre_id, created_at, updated_at) VALUES (84, 1, NOW(), NOW());
INSERT INTO game_genre (game_id, genre_id, created_at, updated_at) VALUES (84, 14, NOW(), NOW());
INSERT INTO game_developer (game_id, developer_id, created_at, updated_at) VALUES (84, 41, NOW(), NOW());
INSERT INTO game_publisher (game_id, publisher_id, created_at, updated_at) VALUES (84, 32, NOW(), NOW());
INSERT INTO game_publisher (game_id, publisher_id, created_at, updated_at) VALUES (84, 10, NOW(), NOW());

-- Game #85: Bloons TD 6
INSERT INTO games (id, steam_id, name, type, slug, short_description, required_age, is_free, have_dlc, icon, supported_languages, release_date, coming_soon, recommendations, achievements_count, positive_reviews, negative_reviews, total_reviews, positive_ratio, content_descriptors, is_active, created_at, updated_at) VALUES (85, 960090, 'Bloons TD 6', 'game', 'bloons-td-6', 'The Bloons are back and better than ever! Get ready for a massive 3D tower defense game designed to give you hours and hours of the best strategy gaming available.', 0, false, true, 'https://shared.akamai.steamstatic.com/store_item_assets/steam/apps/960090/header.jpg?t=1761094738', '[\"English\",\"French\",\"Italian\",\"German\",\"Danish\",\"Finnish\",\"Japanese\",\"Korean\",\"Norwegian\",\"Portuguese - Brazil\",\"Russian\",\"Simplified Chinese\",\"Spanish - Latin America\",\"Swedish\",\"Traditional Chinese\",\"Turkish\",\"Polish\",\"Spanish - Spain\",\"Arabic\",\"Dutch\",\"Thai\"]', '2018-12-17', false, 324119, 153, 229, 71, 300, 0.763, '{\"ids\":[],\"notes\":null}', true, NOW(), NOW());
INSERT INTO game_platforms (game_id, windows, mac, linux, created_at, updated_at) VALUES (85, true, true, false, NOW(), NOW());
INSERT INTO game_requirements (game_id, pc_requirements, mac_requirements, linux_requirements, created_at, updated_at) VALUES (85, 'Minimum: Requires a 64-bit processor and operating system OS: Windows 10 (64bit) Processor: 1.5Ghz or better (x86-64) Memory: 4096 MB RAM Graphics: OpenGL 2.0 compatible, ATI, Nvidia or Intel HD Storage: 2048 MB available space Sound Card: Windows compatible sound card', 'Minimum: OS: OSX 11.0 Processor: 1.5Ghz or better (64 bit) Memory: 4096 MB RAM Graphics: Metal Storage: 2048 MB available space Sound Card: Mac compatible', 'Minimum:', NOW(), NOW());
INSERT INTO game_community_ratings (game_id, toxicity_rate, cheater_rate, bug_rate, microtransaction_rate, bad_optimization_rate, not_recommended_rate, created_at, updated_at) VALUES (85, 0.028, 0.031, 0.014, 0.032, 0.019, 0.036, NOW(), NOW());
INSERT INTO game_media (game_id, media_id, name, thumbnail, webm, mp4, dash_av1, dash_h264, hls_h264, highlight, created_at, updated_at) VALUES (85, 256939310, 'Bloons TD 6 Preview 2023', 'https://shared.akamai.steamstatic.com/store_item_assets/steam/apps/256939310/movie.293x165.jpg?t=1686097247', '{\"480\":\"https:\\/\\/video.akamai.steamstatic.com\\/store_trailers\\/256939310\\/movie480_vp9.webm?t=1686097247\",\"max\":\"https:\\/\\/video.akamai.steamstatic.com\\/store_trailers\\/256939310\\/movie_max_vp9.webm?t=1686097247\"}', '{\"480\":\"https:\\/\\/video.akamai.steamstatic.com\\/store_trailers\\/256939310\\/movie480.mp4?t=1686097247\",\"max\":\"https:\\/\\/video.akamai.steamstatic.com\\/store_trailers\\/256939310\\/movie_max.mp4?t=1686097247\"}', 'https://video.akamai.steamstatic.com/store_trailers/960090/554672/76b67f94855dac9cd33118c92b9e311971702f82/1750601207/dash_av1.mpd?t=1686097247', 'https://video.akamai.steamstatic.com/store_trailers/960090/554672/76b67f94855dac9cd33118c92b9e311971702f82/1750601207/dash_h264.mpd?t=1686097247', 'https://video.akamai.steamstatic.com/store_trailers/960090/554672/76b67f94855dac9cd33118c92b9e311971702f82/1750601207/hls_264_master.m3u8?t=1686097247', true, NOW(), NOW());
INSERT INTO game_category (game_id, category_id, created_at, updated_at) VALUES (85, 39, NOW(), NOW());
INSERT INTO game_category (game_id, category_id, created_at, updated_at) VALUES (85, 24, NOW(), NOW());
INSERT INTO game_category (game_id, category_id, created_at, updated_at) VALUES (85, 7, NOW(), NOW());
INSERT INTO game_category (game_id, category_id, created_at, updated_at) VALUES (85, 26, NOW(), NOW());
INSERT INTO game_category (game_id, category_id, created_at, updated_at) VALUES (85, 41, NOW(), NOW());
INSERT INTO game_category (game_id, category_id, created_at, updated_at) VALUES (85, 16, NOW(), NOW());
INSERT INTO game_category (game_id, category_id, created_at, updated_at) VALUES (85, 32, NOW(), NOW());
INSERT INTO game_category (game_id, category_id, created_at, updated_at) VALUES (85, 34, NOW(), NOW());
INSERT INTO game_category (game_id, category_id, created_at, updated_at) VALUES (85, 12, NOW(), NOW());
INSERT INTO game_genre (game_id, genre_id, created_at, updated_at) VALUES (85, 18, NOW(), NOW());
INSERT INTO game_developer (game_id, developer_id, created_at, updated_at) VALUES (85, 68, NOW(), NOW());
INSERT INTO game_publisher (game_id, publisher_id, created_at, updated_at) VALUES (85, 54, NOW(), NOW());

-- Game #86: Umamusume: Pretty Derby
INSERT INTO games (id, steam_id, name, type, slug, short_description, required_age, is_free, have_dlc, icon, supported_languages, release_date, coming_soon, recommendations, achievements_count, positive_reviews, negative_reviews, total_reviews, positive_ratio, content_descriptors, is_active, created_at, updated_at) VALUES (86, 3224770, 'Umamusume: Pretty Derby', 'game', 'umamusume-pretty-derby', 'Umamusume: Pretty Derby is ready to race! Scout featured trainees and supporters as you navigate the immersive sports life simulation through the game\'s in-depth training system and top-of-the-line 3D graphics!', 0, true, false, 'https://shared.akamai.steamstatic.com/store_item_assets/steam/apps/3224770/header.jpg?t=1760517179', '[\"English\"]', '2025-06-24', false, 0, 20, 157, 143, 300, 0.523, '{\"ids\":[],\"notes\":null}', true, NOW(), NOW());
INSERT INTO game_platforms (game_id, windows, mac, linux, created_at, updated_at) VALUES (86, true, false, false, NOW(), NOW());
INSERT INTO game_requirements (game_id, pc_requirements, mac_requirements, linux_requirements, created_at, updated_at) VALUES (86, 'Minimum: OS: Windows 11 Processor: Core i3-4360 / AMD A8-7650K Memory: 8 GB RAM Graphics: GeForce GTX 750Ti / Radeon R7 250X DirectX: Version 11 Storage: 11 GB available space Additional Notes: Resolution: 1920×1080, SSD recommended', '', '', NOW(), NOW());
INSERT INTO game_community_ratings (game_id, toxicity_rate, cheater_rate, bug_rate, microtransaction_rate, bad_optimization_rate, not_recommended_rate, created_at, updated_at) VALUES (86, 0.055, 0.059, 0.012, 0.065, 0.02, 0.097, NOW(), NOW());
INSERT INTO game_media (game_id, media_id, name, thumbnail, webm, mp4, dash_av1, dash_h264, hls_h264, highlight, created_at, updated_at) VALUES (86, 257126187, 'Gameplay Trailer', 'https://shared.akamai.steamstatic.com/store_item_assets/steam/apps/257126187/46d7a7a1303de4185db0b7954d3b2af52665c7f0/movie_600x337.jpg?t=1745800397', '{\"480\":\"https:\\/\\/video.akamai.steamstatic.com\\/store_trailers\\/257126187\\/movie480_vp9.webm?t=1745800397\",\"max\":\"https:\\/\\/video.akamai.steamstatic.com\\/store_trailers\\/257126187\\/movie_max_vp9.webm?t=1745800397\"}', '{\"480\":\"https:\\/\\/video.akamai.steamstatic.com\\/store_trailers\\/257126187\\/movie480.mp4?t=1745800397\",\"max\":\"https:\\/\\/video.akamai.steamstatic.com\\/store_trailers\\/257126187\\/movie_max.mp4?t=1745800397\"}', 'https://video.akamai.steamstatic.com/store_trailers/3224770/870431/91630265bcfaaf7c58821ffc083769f367dc6e3f/1750882504/dash_av1.mpd?t=1745800397', 'https://video.akamai.steamstatic.com/store_trailers/3224770/870431/91630265bcfaaf7c58821ffc083769f367dc6e3f/1750882504/dash_h264.mpd?t=1745800397', 'https://video.akamai.steamstatic.com/store_trailers/3224770/870431/91630265bcfaaf7c58821ffc083769f367dc6e3f/1750882504/hls_264_master.m3u8?t=1745800397', true, NOW(), NOW());
INSERT INTO game_media (game_id, media_id, name, thumbnail, webm, mp4, dash_av1, dash_h264, hls_h264, highlight, created_at, updated_at) VALUES (86, 257089184, 'Girls\' Legend U (Opening Movie)', 'https://shared.akamai.steamstatic.com/store_item_assets/steam/apps/257089184/af23b0d74ba2e9d868d7336c7e55407743b4b53f/movie_600x337.jpg?t=1745800399', '{\"480\":\"https:\\/\\/video.akamai.steamstatic.com\\/store_trailers\\/257089184\\/movie480_vp9.webm?t=1745800399\",\"max\":\"https:\\/\\/video.akamai.steamstatic.com\\/store_trailers\\/257089184\\/movie_max_vp9.webm?t=1745800399\"}', '{\"480\":\"https:\\/\\/video.akamai.steamstatic.com\\/store_trailers\\/257089184\\/movie480.mp4?t=1745800399\",\"max\":\"https:\\/\\/video.akamai.steamstatic.com\\/store_trailers\\/257089184\\/movie_max.mp4?t=1745800399\"}', 'https://video.akamai.steamstatic.com/store_trailers/3224770/813074/7f748af51a50f1174a8f988296f79a75426d8d5f/1750882503/dash_av1.mpd?t=1745800399', 'https://video.akamai.steamstatic.com/store_trailers/3224770/813074/7f748af51a50f1174a8f988296f79a75426d8d5f/1750882503/dash_h264.mpd?t=1745800399', 'https://video.akamai.steamstatic.com/store_trailers/3224770/813074/7f748af51a50f1174a8f988296f79a75426d8d5f/1750882503/hls_264_master.m3u8?t=1745800399', true, NOW(), NOW());
INSERT INTO game_category (game_id, category_id, created_at, updated_at) VALUES (86, 39, NOW(), NOW());
INSERT INTO game_category (game_id, category_id, created_at, updated_at) VALUES (86, 24, NOW(), NOW());
INSERT INTO game_category (game_id, category_id, created_at, updated_at) VALUES (86, 30, NOW(), NOW());
INSERT INTO game_category (game_id, category_id, created_at, updated_at) VALUES (86, 27, NOW(), NOW());
INSERT INTO game_category (game_id, category_id, created_at, updated_at) VALUES (86, 41, NOW(), NOW());
INSERT INTO game_category (game_id, category_id, created_at, updated_at) VALUES (86, 13, NOW(), NOW());
INSERT INTO game_category (game_id, category_id, created_at, updated_at) VALUES (86, 16, NOW(), NOW());
INSERT INTO game_genre (game_id, genre_id, created_at, updated_at) VALUES (86, 16, NOW(), NOW());
INSERT INTO game_genre (game_id, genre_id, created_at, updated_at) VALUES (86, 17, NOW(), NOW());
INSERT INTO game_genre (game_id, genre_id, created_at, updated_at) VALUES (86, 9, NOW(), NOW());
INSERT INTO game_developer (game_id, developer_id, created_at, updated_at) VALUES (86, 27, NOW(), NOW());
INSERT INTO game_publisher (game_id, publisher_id, created_at, updated_at) VALUES (86, 22, NOW(), NOW());

-- Game #87: Aimlabs
INSERT INTO games (id, steam_id, name, type, slug, short_description, required_age, is_free, have_dlc, icon, supported_languages, release_date, coming_soon, recommendations, achievements_count, positive_reviews, negative_reviews, total_reviews, positive_ratio, content_descriptors, is_active, created_at, updated_at) VALUES (87, 714010, 'Aimlabs', 'game', 'aimlabs', 'Aimlabs is the aim trainer of choice for over 40 Million players, from beginners to esports pros. Our unique aim analysis optimizes your gameplay, targets your weaknesses &amp; builds key skills for any FPS game! Time to warm up with our unlimited scenarios &amp; rank up in-game!', 0, true, true, 'https://shared.akamai.steamstatic.com/store_item_assets/steam/apps/714010/header.jpg?t=1748985307', '[\"English\",\"Spanish - Spain\",\"Spanish - Latin America\",\"Portuguese - Brazil\",\"French\",\"Italian\",\"German\",\"Japanese\",\"Korean\",\"Polish\",\"Russian\",\"Simplified Chinese\",\"Thai\",\"Traditional Chinese\",\"Turkish\"]', '2023-06-16', false, 259, 100, 181, 119, 300, 0.603, '{\"ids\":[],\"notes\":null}', true, NOW(), NOW());
INSERT INTO game_platforms (game_id, windows, mac, linux, created_at, updated_at) VALUES (87, true, false, false, NOW(), NOW());
INSERT INTO game_requirements (game_id, pc_requirements, mac_requirements, linux_requirements, created_at, updated_at) VALUES (87, 'Minimum: OS *: Windows 7/8/10 Processor: Intel® Core™ 2 Duo E6600 or AMD Phenom™ X3 8750 processor or better Memory: 4 GB RAM Graphics: GTX 560 and up Network: Broadband Internet connection Storage: 12 GB available space', '', '', NOW(), NOW());
INSERT INTO game_community_ratings (game_id, toxicity_rate, cheater_rate, bug_rate, microtransaction_rate, bad_optimization_rate, not_recommended_rate, created_at, updated_at) VALUES (87, 0, 0, 0.003, 0.022, 0.003, 0.011, NOW(), NOW());
INSERT INTO game_media (game_id, media_id, name, thumbnail, webm, mp4, dash_av1, dash_h264, hls_h264, highlight, created_at, updated_at) VALUES (87, 256970996, 'Aimlabs 2023 September', 'https://shared.akamai.steamstatic.com/store_item_assets/steam/apps/256970996/movie.293x165.jpg?t=1695340438', '{\"480\":\"https:\\/\\/video.akamai.steamstatic.com\\/store_trailers\\/256970996\\/movie480_vp9.webm?t=1695340438\",\"max\":\"https:\\/\\/video.akamai.steamstatic.com\\/store_trailers\\/256970996\\/movie_max_vp9.webm?t=1695340438\"}', '{\"480\":\"https:\\/\\/video.akamai.steamstatic.com\\/store_trailers\\/256970996\\/movie480.mp4?t=1695340438\",\"max\":\"https:\\/\\/video.akamai.steamstatic.com\\/store_trailers\\/256970996\\/movie_max.mp4?t=1695340438\"}', 'https://video.akamai.steamstatic.com/store_trailers/714010/610132/2b30ed358fa35e10823f104abbef4dfbb6298627/1750574609/dash_av1.mpd?t=1695340438', 'https://video.akamai.steamstatic.com/store_trailers/714010/610132/2b30ed358fa35e10823f104abbef4dfbb6298627/1750574609/dash_h264.mpd?t=1695340438', 'https://video.akamai.steamstatic.com/store_trailers/714010/610132/2b30ed358fa35e10823f104abbef4dfbb6298627/1750574609/hls_264_master.m3u8?t=1695340438', true, NOW(), NOW());
INSERT INTO game_media (game_id, media_id, name, thumbnail, webm, mp4, dash_av1, dash_h264, hls_h264, highlight, created_at, updated_at) VALUES (87, 257062505, 'Elevate Play New', 'https://shared.akamai.steamstatic.com/store_item_assets/steam/apps/257062505/1cd0572b2716dff02b9d737ce79617baeae671f0/movie_600x337.jpg?t=1728342484', '{\"480\":\"https:\\/\\/video.akamai.steamstatic.com\\/store_trailers\\/257062505\\/movie480_vp9.webm?t=1728342484\",\"max\":\"https:\\/\\/video.akamai.steamstatic.com\\/store_trailers\\/257062505\\/movie_max_vp9.webm?t=1728342484\"}', '{\"480\":\"https:\\/\\/video.akamai.steamstatic.com\\/store_trailers\\/257062505\\/movie480.mp4?t=1728342484\",\"max\":\"https:\\/\\/video.akamai.steamstatic.com\\/store_trailers\\/257062505\\/movie_max.mp4?t=1728342484\"}', 'https://video.akamai.steamstatic.com/store_trailers/714010/767731/ffe0fb41d6ebe7a9e0eaa8d23c89d01b6e3b41f1/1750574611/dash_av1.mpd?t=1728342484', 'https://video.akamai.steamstatic.com/store_trailers/714010/767731/ffe0fb41d6ebe7a9e0eaa8d23c89d01b6e3b41f1/1750574611/dash_h264.mpd?t=1728342484', 'https://video.akamai.steamstatic.com/store_trailers/714010/767731/ffe0fb41d6ebe7a9e0eaa8d23c89d01b6e3b41f1/1750574611/hls_264_master.m3u8?t=1728342484', true, NOW(), NOW());
INSERT INTO game_media (game_id, media_id, name, thumbnail, webm, mp4, dash_av1, dash_h264, hls_h264, highlight, created_at, updated_at) VALUES (87, 256819626, 'Creator Studio Teaser', 'https://shared.akamai.steamstatic.com/store_item_assets/steam/apps/256819626/movie.293x165.jpg?t=1686960694', '{\"480\":\"https:\\/\\/video.akamai.steamstatic.com\\/store_trailers\\/256819626\\/movie480_vp9.webm?t=1686960694\",\"max\":\"https:\\/\\/video.akamai.steamstatic.com\\/store_trailers\\/256819626\\/movie_max_vp9.webm?t=1686960694\"}', '{\"480\":\"https:\\/\\/video.akamai.steamstatic.com\\/store_trailers\\/256819626\\/movie480.mp4?t=1686960694\",\"max\":\"https:\\/\\/video.akamai.steamstatic.com\\/store_trailers\\/256819626\\/movie_max.mp4?t=1686960694\"}', 'https://video.akamai.steamstatic.com/store_trailers/714010/343134/ff369353b4159ecbc59b366717d217d6b13b9fc8/1750574603/dash_av1.mpd?t=1686960694', 'https://video.akamai.steamstatic.com/store_trailers/714010/343134/ff369353b4159ecbc59b366717d217d6b13b9fc8/1750574603/dash_h264.mpd?t=1686960694', 'https://video.akamai.steamstatic.com/store_trailers/714010/343134/ff369353b4159ecbc59b366717d217d6b13b9fc8/1750574603/hls_264_master.m3u8?t=1686960694', false, NOW(), NOW());
INSERT INTO game_category (game_id, category_id, created_at, updated_at) VALUES (87, 39, NOW(), NOW());
INSERT INTO game_category (game_id, category_id, created_at, updated_at) VALUES (87, 41, NOW(), NOW());
INSERT INTO game_category (game_id, category_id, created_at, updated_at) VALUES (87, 13, NOW(), NOW());
INSERT INTO game_category (game_id, category_id, created_at, updated_at) VALUES (87, 47, NOW(), NOW());
INSERT INTO game_category (game_id, category_id, created_at, updated_at) VALUES (87, 16, NOW(), NOW());
INSERT INTO game_category (game_id, category_id, created_at, updated_at) VALUES (87, 42, NOW(), NOW());
INSERT INTO game_category (game_id, category_id, created_at, updated_at) VALUES (87, 40, NOW(), NOW());
INSERT INTO game_category (game_id, category_id, created_at, updated_at) VALUES (87, 43, NOW(), NOW());
INSERT INTO game_category (game_id, category_id, created_at, updated_at) VALUES (87, 18, NOW(), NOW());
INSERT INTO game_genre (game_id, genre_id, created_at, updated_at) VALUES (87, 1, NOW(), NOW());
INSERT INTO game_genre (game_id, genre_id, created_at, updated_at) VALUES (87, 2, NOW(), NOW());
INSERT INTO game_genre (game_id, genre_id, created_at, updated_at) VALUES (87, 5, NOW(), NOW());
INSERT INTO game_genre (game_id, genre_id, created_at, updated_at) VALUES (87, 11, NOW(), NOW());
INSERT INTO game_genre (game_id, genre_id, created_at, updated_at) VALUES (87, 16, NOW(), NOW());
INSERT INTO game_genre (game_id, genre_id, created_at, updated_at) VALUES (87, 9, NOW(), NOW());
INSERT INTO game_developer (game_id, developer_id, created_at, updated_at) VALUES (87, 92, NOW(), NOW());
INSERT INTO game_publisher (game_id, publisher_id, created_at, updated_at) VALUES (87, 72, NOW(), NOW());

-- Game #88: New World: Aeternum
INSERT INTO games (id, steam_id, name, type, slug, short_description, required_age, is_free, have_dlc, icon, supported_languages, release_date, coming_soon, recommendations, achievements_count, positive_reviews, negative_reviews, total_reviews, positive_ratio, content_descriptors, is_active, created_at, updated_at) VALUES (88, 1063730, 'New World: Aeternum', 'game', 'new-world-aeternum', 'Experience a thrilling action RPG set on the supernatural island of Aeternum. Forge your destiny on an adventure filled with danger and opportunity.', 0, false, false, 'https://shared.akamai.steamstatic.com/store_item_assets/steam/apps/1063730/bd98bbdc4fdf388d07afa6ec8d781cb863bccfb0/header.jpg?t=1760364409', '[\"English *\",\"French *\",\"Italian\",\"German *\",\"Spanish - Spain *\",\"Polish\",\"Portuguese - Brazil *\",\"Spanish - Latin America * languages with full audio support\"]', '2021-09-28', false, 249061, 133, 71, 229, 300, 0.237, '{\"ids\":[2,5],\"notes\":\"This Game may contain content not appropriate for all ages, or may not be appropriate for viewing at work: Frequent Violence\"}', true, NOW(), NOW());
INSERT INTO game_platforms (game_id, windows, mac, linux, created_at, updated_at) VALUES (88, true, false, false, NOW(), NOW());
INSERT INTO game_requirements (game_id, pc_requirements, mac_requirements, linux_requirements, created_at, updated_at) VALUES (88, 'Minimum: Requires a 64-bit processor and operating system OS: Windows 10/11 64-bit Processor: Intel® Core i5-10500 @ 3.10GHz / AMD Ryzen 3 3300X Memory: 8 GB RAM Graphics: NVIDIA GTX 1060 3 GB / AMD Radeon RX 590 DirectX: Version 11 Network: Broadband Internet connection Storage: 100 GB available space Additional Notes: Additional Notes: Internet connection required to play, offers in-game purchases. PC specifications for New World: Aeternum may continue to evolve over time.', 'Minimum:', 'Minimum:', NOW(), NOW());
INSERT INTO game_community_ratings (game_id, toxicity_rate, cheater_rate, bug_rate, microtransaction_rate, bad_optimization_rate, not_recommended_rate, created_at, updated_at) VALUES (88, 0.141, 0.131, 0.15, 0.054, 0.174, 0.189, NOW(), NOW());
INSERT INTO game_media (game_id, media_id, name, thumbnail, webm, mp4, dash_av1, dash_h264, hls_h264, highlight, created_at, updated_at) VALUES (88, 257081166, 'New World: Aeternum – Critics Review Trailer', 'https://shared.akamai.steamstatic.com/store_item_assets/steam/apps/257081166/0753e9d75b2b2935119999a74394f2be0186218b/movie_600x337.jpg?t=1733940246', '{\"480\":\"https:\\/\\/video.akamai.steamstatic.com\\/store_trailers\\/257081166\\/movie480_vp9.webm?t=1733940246\",\"max\":\"https:\\/\\/video.akamai.steamstatic.com\\/store_trailers\\/257081166\\/movie_max_vp9.webm?t=1733940246\"}', '{\"480\":\"https:\\/\\/video.akamai.steamstatic.com\\/store_trailers\\/257081166\\/movie480.mp4?t=1733940246\",\"max\":\"https:\\/\\/video.akamai.steamstatic.com\\/store_trailers\\/257081166\\/movie_max.mp4?t=1733940246\"}', 'https://video.akamai.steamstatic.com/store_trailers/1063730/798627/e6cea5a06dcec25aafcfe03b24cd177733b670a7/1750611685/dash_av1.mpd?t=1733940246', 'https://video.akamai.steamstatic.com/store_trailers/1063730/798627/e6cea5a06dcec25aafcfe03b24cd177733b670a7/1750611685/dash_h264.mpd?t=1733940246', 'https://video.akamai.steamstatic.com/store_trailers/1063730/798627/e6cea5a06dcec25aafcfe03b24cd177733b670a7/1750611685/hls_264_master.m3u8?t=1733940246', true, NOW(), NOW());
INSERT INTO game_media (game_id, media_id, name, thumbnail, webm, mp4, dash_av1, dash_h264, hls_h264, highlight, created_at, updated_at) VALUES (88, 257064014, 'New World: Aeternum - Gameplay Launch Trailer', 'https://shared.akamai.steamstatic.com/store_item_assets/steam/apps/257064014/8a3f3d54a0d923c731968a97eadbd58019ead07a/movie_600x337.jpg?t=1728963346', '{\"480\":\"https:\\/\\/video.akamai.steamstatic.com\\/store_trailers\\/257064014\\/movie480_vp9.webm?t=1728963346\",\"max\":\"https:\\/\\/video.akamai.steamstatic.com\\/store_trailers\\/257064014\\/movie_max_vp9.webm?t=1728963346\"}', '{\"480\":\"https:\\/\\/video.akamai.steamstatic.com\\/store_trailers\\/257064014\\/movie480.mp4?t=1728963346\",\"max\":\"https:\\/\\/video.akamai.steamstatic.com\\/store_trailers\\/257064014\\/movie_max.mp4?t=1728963346\"}', 'https://video.akamai.steamstatic.com/store_trailers/1063730/770167/dead34555cf12a4f878da2ce935ae9aed8286c46/1750611569/dash_av1.mpd?t=1728963346', 'https://video.akamai.steamstatic.com/store_trailers/1063730/770167/dead34555cf12a4f878da2ce935ae9aed8286c46/1750611569/dash_h264.mpd?t=1728963346', 'https://video.akamai.steamstatic.com/store_trailers/1063730/770167/dead34555cf12a4f878da2ce935ae9aed8286c46/1750611569/hls_264_master.m3u8?t=1728963346', true, NOW(), NOW());
INSERT INTO game_media (game_id, media_id, name, thumbnail, webm, mp4, dash_av1, dash_h264, hls_h264, highlight, created_at, updated_at) VALUES (88, 257061904, 'New World: Aeternum Launch Trailer', 'https://shared.akamai.steamstatic.com/store_item_assets/steam/apps/257061904/d8289100b1e2117cf4214b1f5cc39ad5fcf6cf2f/movie_600x337.jpg?t=1728963378', '{\"480\":\"https:\\/\\/video.akamai.steamstatic.com\\/store_trailers\\/257061904\\/movie480_vp9.webm?t=1728963378\",\"max\":\"https:\\/\\/video.akamai.steamstatic.com\\/store_trailers\\/257061904\\/movie_max_vp9.webm?t=1728963378\"}', '{\"480\":\"https:\\/\\/video.akamai.steamstatic.com\\/store_trailers\\/257061904\\/movie480.mp4?t=1728963378\",\"max\":\"https:\\/\\/video.akamai.steamstatic.com\\/store_trailers\\/257061904\\/movie_max.mp4?t=1728963378\"}', 'https://video.akamai.steamstatic.com/store_trailers/1063730/766737/1bdc3997a8a2fd0d318dd5b6d82f30e7aa7d34a7/1750611494/dash_av1.mpd?t=1728963378', 'https://video.akamai.steamstatic.com/store_trailers/1063730/766737/1bdc3997a8a2fd0d318dd5b6d82f30e7aa7d34a7/1750611494/dash_h264.mpd?t=1728963378', 'https://video.akamai.steamstatic.com/store_trailers/1063730/766737/1bdc3997a8a2fd0d318dd5b6d82f30e7aa7d34a7/1750611494/hls_264_master.m3u8?t=1728963378', true, NOW(), NOW());
INSERT INTO game_category (game_id, category_id, created_at, updated_at) VALUES (88, 24, NOW(), NOW());
INSERT INTO game_category (game_id, category_id, created_at, updated_at) VALUES (88, 22, NOW(), NOW());
INSERT INTO game_category (game_id, category_id, created_at, updated_at) VALUES (88, 30, NOW(), NOW());
INSERT INTO game_category (game_id, category_id, created_at, updated_at) VALUES (88, 27, NOW(), NOW());
INSERT INTO game_category (game_id, category_id, created_at, updated_at) VALUES (88, 7, NOW(), NOW());
INSERT INTO game_category (game_id, category_id, created_at, updated_at) VALUES (88, 26, NOW(), NOW());
INSERT INTO game_category (game_id, category_id, created_at, updated_at) VALUES (88, 41, NOW(), NOW());
INSERT INTO game_category (game_id, category_id, created_at, updated_at) VALUES (88, 16, NOW(), NOW());
INSERT INTO game_category (game_id, category_id, created_at, updated_at) VALUES (88, 2, NOW(), NOW());
INSERT INTO game_category (game_id, category_id, created_at, updated_at) VALUES (88, 3, NOW(), NOW());
INSERT INTO game_category (game_id, category_id, created_at, updated_at) VALUES (88, 5, NOW(), NOW());
INSERT INTO game_category (game_id, category_id, created_at, updated_at) VALUES (88, 6, NOW(), NOW());
INSERT INTO game_category (game_id, category_id, created_at, updated_at) VALUES (88, 8, NOW(), NOW());
INSERT INTO game_category (game_id, category_id, created_at, updated_at) VALUES (88, 11, NOW(), NOW());
INSERT INTO game_category (game_id, category_id, created_at, updated_at) VALUES (88, 19, NOW(), NOW());
INSERT INTO game_category (game_id, category_id, created_at, updated_at) VALUES (88, 29, NOW(), NOW());
INSERT INTO game_category (game_id, category_id, created_at, updated_at) VALUES (88, 35, NOW(), NOW());
INSERT INTO game_category (game_id, category_id, created_at, updated_at) VALUES (88, 49, NOW(), NOW());
INSERT INTO game_category (game_id, category_id, created_at, updated_at) VALUES (88, 50, NOW(), NOW());
INSERT INTO game_category (game_id, category_id, created_at, updated_at) VALUES (88, 51, NOW(), NOW());
INSERT INTO game_category (game_id, category_id, created_at, updated_at) VALUES (88, 28, NOW(), NOW());
INSERT INTO game_genre (game_id, genre_id, created_at, updated_at) VALUES (88, 1, NOW(), NOW());
INSERT INTO game_genre (game_id, genre_id, created_at, updated_at) VALUES (88, 2, NOW(), NOW());
INSERT INTO game_genre (game_id, genre_id, created_at, updated_at) VALUES (88, 12, NOW(), NOW());
INSERT INTO game_genre (game_id, genre_id, created_at, updated_at) VALUES (88, 14, NOW(), NOW());
INSERT INTO game_developer (game_id, developer_id, created_at, updated_at) VALUES (88, 4, NOW(), NOW());
INSERT INTO game_publisher (game_id, publisher_id, created_at, updated_at) VALUES (88, 6, NOW(), NOW());

-- Game #89: RimWorld
INSERT INTO games (id, steam_id, name, type, slug, short_description, required_age, is_free, have_dlc, icon, supported_languages, release_date, coming_soon, recommendations, achievements_count, positive_reviews, negative_reviews, total_reviews, positive_ratio, content_descriptors, is_active, created_at, updated_at) VALUES (89, 294100, 'RimWorld', 'game', 'rimworld', 'A sci-fi colony sim driven by an intelligent AI storyteller. Generates stories by simulating psychology, ecology, gunplay, melee combat, climate, biomes, diplomacy, interpersonal relationships, art, medicine, trade, and more.', 0, false, true, 'https://shared.akamai.steamstatic.com/store_item_assets/steam/apps/294100/header.jpg?t=1752247312', '[\"English\",\"French\",\"German\",\"Polish\",\"Russian\",\"Italian\",\"Spanish - Spain\",\"Czech\",\"Danish\",\"Dutch\",\"Hungarian\",\"Japanese\",\"Norwegian\",\"Portuguese - Portugal\",\"Portuguese - Brazil\",\"Simplified Chinese\",\"Swedish\",\"Traditional Chinese\",\"Turkish\",\"Ukrainian\",\"Finnish\",\"Korean\",\"Romanian\",\"Spanish - Latin America\"]', '2018-10-17', false, 189325, 0, 211, 89, 300, 0.703, '{\"ids\":[],\"notes\":null}', true, NOW(), NOW());
INSERT INTO game_platforms (game_id, windows, mac, linux, created_at, updated_at) VALUES (89, true, true, true, NOW(), NOW());
INSERT INTO game_requirements (game_id, pc_requirements, mac_requirements, linux_requirements, created_at, updated_at) VALUES (89, 'Minimum: OS *: Windows 7 Processor: Core 2 Duo Memory: 4 GB RAM Graphics: Intel HD Graphics 4000 or other shader model 4.0 Storage: 1 GB available space', 'Minimum: OS: macOS 10.12 Processor: Core 2 Duo Memory: 4 GB RAM Graphics: Intel HD Graphics 4000 or other shader model 4.0 Storage: 1 GB available space', 'Minimum: Processor: Core 2 Duo Memory: 4 GB RAM Graphics: Intel HD Graphics 4000 or other shader model 4.0 Storage: 1 GB available space', NOW(), NOW());
INSERT INTO game_community_ratings (game_id, toxicity_rate, cheater_rate, bug_rate, microtransaction_rate, bad_optimization_rate, not_recommended_rate, created_at, updated_at) VALUES (89, 0, 0, 0, 0.006, 0.003, 0.012, NOW(), NOW());
INSERT INTO game_media (game_id, media_id, name, thumbnail, webm, mp4, dash_av1, dash_h264, hls_h264, highlight, created_at, updated_at) VALUES (89, 256731486, 'Launch trailer', 'https://shared.akamai.steamstatic.com/store_item_assets/steam/apps/256731486/movie.293x165.jpg?t=1539788136', '{\"480\":\"https:\\/\\/video.akamai.steamstatic.com\\/store_trailers\\/256731486\\/movie480.webm?t=1539788136\",\"max\":\"https:\\/\\/video.akamai.steamstatic.com\\/store_trailers\\/256731486\\/movie_max.webm?t=1539788136\"}', '{\"480\":\"https:\\/\\/video.akamai.steamstatic.com\\/store_trailers\\/256731486\\/movie480.mp4?t=1539788136\",\"max\":\"https:\\/\\/video.akamai.steamstatic.com\\/store_trailers\\/256731486\\/movie_max.mp4?t=1539788136\"}', 'https://video.akamai.steamstatic.com/store_trailers/294100/189193/b88a55b0c4df1e292fa85455c5157a31ad1da17c/1750502942/dash_av1.mpd?t=1539788136', 'https://video.akamai.steamstatic.com/store_trailers/294100/189193/b88a55b0c4df1e292fa85455c5157a31ad1da17c/1750502942/dash_h264.mpd?t=1539788136', 'https://video.akamai.steamstatic.com/store_trailers/294100/189193/b88a55b0c4df1e292fa85455c5157a31ad1da17c/1750502942/hls_264_master.m3u8?t=1539788136', true, NOW(), NOW());
INSERT INTO game_category (game_id, category_id, created_at, updated_at) VALUES (89, 39, NOW(), NOW());
INSERT INTO game_category (game_id, category_id, created_at, updated_at) VALUES (89, 47, NOW(), NOW());
INSERT INTO game_category (game_id, category_id, created_at, updated_at) VALUES (89, 28, NOW(), NOW());
INSERT INTO game_category (game_id, category_id, created_at, updated_at) VALUES (89, 42, NOW(), NOW());
INSERT INTO game_category (game_id, category_id, created_at, updated_at) VALUES (89, 34, NOW(), NOW());
INSERT INTO game_category (game_id, category_id, created_at, updated_at) VALUES (89, 12, NOW(), NOW());
INSERT INTO game_genre (game_id, genre_id, created_at, updated_at) VALUES (89, 11, NOW(), NOW());
INSERT INTO game_genre (game_id, genre_id, created_at, updated_at) VALUES (89, 16, NOW(), NOW());
INSERT INTO game_genre (game_id, genre_id, created_at, updated_at) VALUES (89, 18, NOW(), NOW());
INSERT INTO game_developer (game_id, developer_id, created_at, updated_at) VALUES (89, 61, NOW(), NOW());
INSERT INTO game_publisher (game_id, publisher_id, created_at, updated_at) VALUES (89, 48, NOW(), NOW());

-- Game #90: Soundpad
INSERT INTO games (id, steam_id, name, type, slug, short_description, required_age, is_free, have_dlc, icon, supported_languages, release_date, coming_soon, recommendations, achievements_count, positive_reviews, negative_reviews, total_reviews, positive_ratio, content_descriptors, is_active, created_at, updated_at) VALUES (90, 629520, 'Soundpad', 'game', 'soundpad', 'Play sounds in voice chats in high digital quality. Add sounds or music to your microphone signal so others will hear it, too.', 0, false, false, 'https://shared.akamai.steamstatic.com/store_item_assets/steam/apps/629520/header.jpg?t=1760026851', '[\"English\",\"German\",\"French\",\"Korean\",\"Portuguese - Brazil\",\"Russian\",\"Simplified Chinese\",\"Italian\",\"Spanish - Spain\",\"Japanese\",\"Polish\",\"Thai\",\"Czech\",\"Danish\",\"Dutch\",\"Finnish\",\"Norwegian\",\"Swedish\",\"Turkish\",\"Ukrainian\",\"Bulgarian\",\"Greek\",\"Hungarian\",\"Romanian\",\"Vietnamese\",\"Arabic\",\"Indonesian\"]', '2017-09-30', false, 86758, 0, 286, 14, 300, 0.953, '{\"ids\":[],\"notes\":null}', true, NOW(), NOW());
INSERT INTO game_platforms (game_id, windows, mac, linux, created_at, updated_at) VALUES (90, true, false, false, NOW(), NOW());
INSERT INTO game_requirements (game_id, pc_requirements, mac_requirements, linux_requirements, created_at, updated_at) VALUES (90, 'Minimum: OS *: Windows 7 or newer Processor: Intel or AMD with 1 GHz or faster Memory: 512 MB RAM Storage: 20 MB available space Sound Card: A sound card must be installed Additional Notes: At least one audio recording device, e.g. microphone', '', '', NOW(), NOW());
INSERT INTO game_community_ratings (game_id, toxicity_rate, cheater_rate, bug_rate, microtransaction_rate, bad_optimization_rate, not_recommended_rate, created_at, updated_at) VALUES (90, 0, 0, 0.003, 0, 0.003, 0.003, NOW(), NOW());
INSERT INTO game_media (game_id, media_id, name, thumbnail, webm, mp4, dash_av1, dash_h264, hls_h264, highlight, created_at, updated_at) VALUES (90, 256695572, 'Demonstration', 'https://shared.akamai.steamstatic.com/store_item_assets/steam/apps/256695572/movie.293x165.jpg?t=1506794128', '{\"480\":\"https:\\/\\/video.akamai.steamstatic.com\\/store_trailers\\/256695572\\/movie480.webm?t=1506794128\",\"max\":\"https:\\/\\/video.akamai.steamstatic.com\\/store_trailers\\/256695572\\/movie_max.webm?t=1506794128\"}', '{\"480\":\"https:\\/\\/video.akamai.steamstatic.com\\/store_trailers\\/256695572\\/movie480.mp4?t=1506794128\",\"max\":\"https:\\/\\/video.akamai.steamstatic.com\\/store_trailers\\/256695572\\/movie_max.mp4?t=1506794128\"}', 'https://video.akamai.steamstatic.com/store_trailers/629520/123256/49681d6529c24b871999c6139edd0cb29efe07b1/1750564120/dash_av1.mpd?t=1506794128', 'https://video.akamai.steamstatic.com/store_trailers/629520/123256/49681d6529c24b871999c6139edd0cb29efe07b1/1750564120/dash_h264.mpd?t=1506794128', 'https://video.akamai.steamstatic.com/store_trailers/629520/123256/49681d6529c24b871999c6139edd0cb29efe07b1/1750564120/hls_264_master.m3u8?t=1506794128', true, NOW(), NOW());
INSERT INTO game_category (game_id, category_id, created_at, updated_at) VALUES (90, 12, NOW(), NOW());
INSERT INTO game_genre (game_id, genre_id, created_at, updated_at) VALUES (90, 4, NOW(), NOW());
INSERT INTO game_genre (game_id, genre_id, created_at, updated_at) VALUES (90, 19, NOW(), NOW());
INSERT INTO game_developer (game_id, developer_id, created_at, updated_at) VALUES (90, 59, NOW(), NOW());
INSERT INTO game_publisher (game_id, publisher_id, created_at, updated_at) VALUES (90, 47, NOW(), NOW());

-- Game #91: Half Sword Tech Demo
INSERT INTO games (id, steam_id, name, type, slug, short_description, required_age, is_free, have_dlc, icon, supported_languages, release_date, coming_soon, recommendations, achievements_count, positive_reviews, negative_reviews, total_reviews, positive_ratio, content_descriptors, is_active, created_at, updated_at) VALUES (91, 2642680, 'Half Sword Tech Demo', 'demo', 'half-sword-tech-demo', 'Welcome to Half Sword Demo, an immersive, physics-based medieval combat simulator that lets you fight brutal tournaments in 15th-century Europe. You can wield your weapon with precision using your mouse, feeling the intensity of each clash as you ascend the ranks to face formidable opponents.', 0, true, false, 'https://shared.akamai.steamstatic.com/store_item_assets/steam/apps/2642680/3af0df9baa6a6388a7c54d66aa07d24ef28ac3ad/header.jpg?t=1745312642', '[\"English\"]', '2023-10-13', false, 0, 0, 22, 44, 66, 0.333, '{\"ids\":[2,5],\"notes\":\"Our game boasts a robust gore and blood system that leaves a messy and chilling trail in its wake. Witness skull-crushing blows, limb decapitations, and gruesome displays of entrails and bloodshed, all intricately tied to the weapon and armor choices of both you and your opponents.\"}', true, NOW(), NOW());
INSERT INTO game_platforms (game_id, windows, mac, linux, created_at, updated_at) VALUES (91, true, false, false, NOW(), NOW());
INSERT INTO game_requirements (game_id, pc_requirements, mac_requirements, linux_requirements, created_at, updated_at) VALUES (91, 'Minimum: Requires a 64-bit processor and operating system OS: Windows 10 (64Bit) Processor: TBA Graphics: TBA Additional Notes: SSD recommended', 'Minimum:', 'Minimum:', NOW(), NOW());
INSERT INTO game_community_ratings (game_id, toxicity_rate, cheater_rate, bug_rate, microtransaction_rate, bad_optimization_rate, not_recommended_rate, created_at, updated_at) VALUES (91, 0, 0, 0.069, 0.015, 0.023, 0.162, NOW(), NOW());
INSERT INTO game_media (game_id, media_id, name, thumbnail, webm, mp4, dash_av1, dash_h264, hls_h264, highlight, created_at, updated_at) VALUES (91, 257123494, 'Trailer HalfSword', 'https://shared.akamai.steamstatic.com/store_item_assets/steam/apps/257123494/1b0a0896d14ee35edf8ef8d50347492f0f1083df/movie_600x337.jpg?t=1744191031', '{\"480\":\"https:\\/\\/video.akamai.steamstatic.com\\/store_trailers\\/257123494\\/movie480_vp9.webm?t=1744191031\",\"max\":\"https:\\/\\/video.akamai.steamstatic.com\\/store_trailers\\/257123494\\/movie_max_vp9.webm?t=1744191031\"}', '{\"480\":\"https:\\/\\/video.akamai.steamstatic.com\\/store_trailers\\/257123494\\/movie480.mp4?t=1744191031\",\"max\":\"https:\\/\\/video.akamai.steamstatic.com\\/store_trailers\\/257123494\\/movie_max.mp4?t=1744191031\"}', 'https://video.akamai.steamstatic.com/store_trailers/2642680/865819/85d20c5b7d42ba45c92e3e94befaea9cf1c8074e/1750938984/dash_av1.mpd?t=1744191031', 'https://video.akamai.steamstatic.com/store_trailers/2642680/865819/85d20c5b7d42ba45c92e3e94befaea9cf1c8074e/1750938984/dash_h264.mpd?t=1744191031', 'https://video.akamai.steamstatic.com/store_trailers/2642680/865819/85d20c5b7d42ba45c92e3e94befaea9cf1c8074e/1750938984/hls_264_master.m3u8?t=1744191031', true, NOW(), NOW());
INSERT INTO game_category (game_id, category_id, created_at, updated_at) VALUES (91, 39, NOW(), NOW());
INSERT INTO game_category (game_id, category_id, created_at, updated_at) VALUES (91, 14, NOW(), NOW());
INSERT INTO game_category (game_id, category_id, created_at, updated_at) VALUES (91, 28, NOW(), NOW());
INSERT INTO game_genre (game_id, genre_id, created_at, updated_at) VALUES (91, 1, NOW(), NOW());
INSERT INTO game_genre (game_id, genre_id, created_at, updated_at) VALUES (91, 2, NOW(), NOW());
INSERT INTO game_genre (game_id, genre_id, created_at, updated_at) VALUES (91, 11, NOW(), NOW());
INSERT INTO game_genre (game_id, genre_id, created_at, updated_at) VALUES (91, 16, NOW(), NOW());
INSERT INTO game_developer (game_id, developer_id, created_at, updated_at) VALUES (91, 47, NOW(), NOW());
INSERT INTO game_publisher (game_id, publisher_id, created_at, updated_at) VALUES (91, 36, NOW(), NOW());

-- Game #92: Fallout 4
INSERT INTO games (id, steam_id, name, type, slug, short_description, required_age, is_free, have_dlc, icon, supported_languages, release_date, coming_soon, recommendations, achievements_count, positive_reviews, negative_reviews, total_reviews, positive_ratio, content_descriptors, is_active, created_at, updated_at) VALUES (92, 377160, 'Fallout 4', 'game', 'fallout-4', 'Bethesda Game Studios, the award-winning creators of Fallout 3 and The Elder Scrolls V: Skyrim, welcome you to the world of Fallout 4 – their most ambitious game ever, and the next generation of open-world gaming.', 17, false, true, 'https://shared.akamai.steamstatic.com/store_item_assets/steam/apps/377160/header.jpg?t=1750779250', '[\"English *\",\"French *\",\"Italian *\",\"German *\",\"Spanish - Spain *\",\"Polish\",\"Portuguese - Brazil\",\"Russian\",\"Traditional Chinese\",\"Japanese * * languages with full audio support\"]', '2015-11-09', false, 268153, 84, 151, 149, 300, 0.503, '{\"ids\":[],\"notes\":null}', true, NOW(), NOW());
INSERT INTO game_platforms (game_id, windows, mac, linux, created_at, updated_at) VALUES (92, true, false, false, NOW(), NOW());
INSERT INTO game_requirements (game_id, pc_requirements, mac_requirements, linux_requirements, created_at, updated_at) VALUES (92, 'Minimum: Requires a 64-bit processor and operating system OS *: Windows 7/8/10 (64-bit OS required) Processor: Intel Core i5-2300 2.8 GHz/AMD Phenom II X4 945 3.0 GHz or equivalent Memory: 8 GB RAM Graphics: NVIDIA GTX 550 Ti 2GB/AMD Radeon HD 7870 2GB or equivalent Storage: 30 GB available space', 'Minimum:', 'Minimum:', NOW(), NOW());
INSERT INTO game_community_ratings (game_id, toxicity_rate, cheater_rate, bug_rate, microtransaction_rate, bad_optimization_rate, not_recommended_rate, created_at, updated_at) VALUES (92, 0, 0, 0.073, 0.014, 0.071, 0.083, NOW(), NOW());
INSERT INTO game_media (game_id, media_id, name, thumbnail, webm, mp4, dash_av1, dash_h264, hls_h264, highlight, created_at, updated_at) VALUES (92, 256658080, 'Fallout 4 Launch Trailer', 'https://shared.akamai.steamstatic.com/store_item_assets/steam/apps/256658080/movie.293x165.jpg?t=1447378809', '{\"480\":\"https:\\/\\/video.akamai.steamstatic.com\\/store_trailers\\/256658080\\/movie480.webm?t=1447378809\",\"max\":\"https:\\/\\/video.akamai.steamstatic.com\\/store_trailers\\/256658080\\/movie_max.webm?t=1447378809\"}', '{\"480\":\"https:\\/\\/video.akamai.steamstatic.com\\/store_trailers\\/256658080\\/movie480.mp4?t=1447378809\",\"max\":\"https:\\/\\/video.akamai.steamstatic.com\\/store_trailers\\/256658080\\/movie_max.mp4?t=1447378809\"}', 'https://video.akamai.steamstatic.com/store_trailers/377160/46347/0c5ac96440fdfe185be8e2f17981a5cf0bd8a0ca/1750520823/dash_av1.mpd?t=1447378809', 'https://video.akamai.steamstatic.com/store_trailers/377160/46347/0c5ac96440fdfe185be8e2f17981a5cf0bd8a0ca/1750520823/dash_h264.mpd?t=1447378809', 'https://video.akamai.steamstatic.com/store_trailers/377160/46347/0c5ac96440fdfe185be8e2f17981a5cf0bd8a0ca/1750520823/hls_264_master.m3u8?t=1447378809', true, NOW(), NOW());
INSERT INTO game_media (game_id, media_id, name, thumbnail, webm, mp4, dash_av1, dash_h264, hls_h264, highlight, created_at, updated_at) VALUES (92, 256656644, 'Fallout 4 Strength Video', 'https://shared.akamai.steamstatic.com/store_item_assets/steam/apps/256656644/movie.293x165.jpg?t=1447378208', '{\"480\":\"https:\\/\\/video.akamai.steamstatic.com\\/store_trailers\\/256656644\\/movie480.webm?t=1447378208\",\"max\":\"https:\\/\\/video.akamai.steamstatic.com\\/store_trailers\\/256656644\\/movie_max.webm?t=1447378208\"}', '{\"480\":\"https:\\/\\/video.akamai.steamstatic.com\\/store_trailers\\/256656644\\/movie480.mp4?t=1447378208\",\"max\":\"https:\\/\\/video.akamai.steamstatic.com\\/store_trailers\\/256656644\\/movie_max.mp4?t=1447378208\"}', 'https://video.akamai.steamstatic.com/store_trailers/377160/43498/6da1312549ae08dc88c743eb59719d5b504a1074/1750520748/dash_av1.mpd?t=1447378208', 'https://video.akamai.steamstatic.com/store_trailers/377160/43498/6da1312549ae08dc88c743eb59719d5b504a1074/1750520748/dash_h264.mpd?t=1447378208', 'https://video.akamai.steamstatic.com/store_trailers/377160/43498/6da1312549ae08dc88c743eb59719d5b504a1074/1750520748/hls_264_master.m3u8?t=1447378208', false, NOW(), NOW());
INSERT INTO game_media (game_id, media_id, name, thumbnail, webm, mp4, dash_av1, dash_h264, hls_h264, highlight, created_at, updated_at) VALUES (92, 256657296, 'Fallout 4 Perception Video', 'https://shared.akamai.steamstatic.com/store_item_assets/steam/apps/256657296/movie.293x165.jpg?t=1447378488', '{\"480\":\"https:\\/\\/video.akamai.steamstatic.com\\/store_trailers\\/256657296\\/movie480.webm?t=1447378488\",\"max\":\"https:\\/\\/video.akamai.steamstatic.com\\/store_trailers\\/256657296\\/movie_max.webm?t=1447378488\"}', '{\"480\":\"https:\\/\\/video.akamai.steamstatic.com\\/store_trailers\\/256657296\\/movie480.mp4?t=1447378488\",\"max\":\"https:\\/\\/video.akamai.steamstatic.com\\/store_trailers\\/256657296\\/movie_max.mp4?t=1447378488\"}', 'https://video.akamai.steamstatic.com/store_trailers/377160/44757/55c5911e77caea90ebfca8a099248adeba2b71b7/1750520749/dash_av1.mpd?t=1447378488', 'https://video.akamai.steamstatic.com/store_trailers/377160/44757/55c5911e77caea90ebfca8a099248adeba2b71b7/1750520749/dash_h264.mpd?t=1447378488', 'https://video.akamai.steamstatic.com/store_trailers/377160/44757/55c5911e77caea90ebfca8a099248adeba2b71b7/1750520749/hls_264_master.m3u8?t=1447378488', false, NOW(), NOW());
INSERT INTO game_media (game_id, media_id, name, thumbnail, webm, mp4, dash_av1, dash_h264, hls_h264, highlight, created_at, updated_at) VALUES (92, 256657300, 'Fallout 4 Endurance Video', 'https://shared.akamai.steamstatic.com/store_item_assets/steam/apps/256657300/movie.293x165.jpg?t=1447378489', '{\"480\":\"https:\\/\\/video.akamai.steamstatic.com\\/store_trailers\\/256657300\\/movie480.webm?t=1447378489\",\"max\":\"https:\\/\\/video.akamai.steamstatic.com\\/store_trailers\\/256657300\\/movie_max.webm?t=1447378489\"}', '{\"480\":\"https:\\/\\/video.akamai.steamstatic.com\\/store_trailers\\/256657300\\/movie480.mp4?t=1447378489\",\"max\":\"https:\\/\\/video.akamai.steamstatic.com\\/store_trailers\\/256657300\\/movie_max.mp4?t=1447378489\"}', 'https://video.akamai.steamstatic.com/store_trailers/377160/44761/43c2b56284159f8381b11b7a0ad9515511601b70/1750520779/dash_av1.mpd?t=1447378489', 'https://video.akamai.steamstatic.com/store_trailers/377160/44761/43c2b56284159f8381b11b7a0ad9515511601b70/1750520779/dash_h264.mpd?t=1447378489', 'https://video.akamai.steamstatic.com/store_trailers/377160/44761/43c2b56284159f8381b11b7a0ad9515511601b70/1750520779/hls_264_master.m3u8?t=1447378489', false, NOW(), NOW());
INSERT INTO game_media (game_id, media_id, name, thumbnail, webm, mp4, dash_av1, dash_h264, hls_h264, highlight, created_at, updated_at) VALUES (92, 256657301, 'Fallout 4 Charisma Video', 'https://shared.akamai.steamstatic.com/store_item_assets/steam/apps/256657301/movie.293x165.jpg?t=1447378490', '{\"480\":\"https:\\/\\/video.akamai.steamstatic.com\\/store_trailers\\/256657301\\/movie480.webm?t=1447378490\",\"max\":\"https:\\/\\/video.akamai.steamstatic.com\\/store_trailers\\/256657301\\/movie_max.webm?t=1447378490\"}', '{\"480\":\"https:\\/\\/video.akamai.steamstatic.com\\/store_trailers\\/256657301\\/movie480.mp4?t=1447378490\",\"max\":\"https:\\/\\/video.akamai.steamstatic.com\\/store_trailers\\/256657301\\/movie_max.mp4?t=1447378490\"}', 'https://video.akamai.steamstatic.com/store_trailers/377160/44762/3ef175788fc6dcb163816767f81fa4a5c7bdc7eb/1750520783/dash_av1.mpd?t=1447378490', 'https://video.akamai.steamstatic.com/store_trailers/377160/44762/3ef175788fc6dcb163816767f81fa4a5c7bdc7eb/1750520783/dash_h264.mpd?t=1447378490', 'https://video.akamai.steamstatic.com/store_trailers/377160/44762/3ef175788fc6dcb163816767f81fa4a5c7bdc7eb/1750520783/hls_264_master.m3u8?t=1447378490', false, NOW(), NOW());
INSERT INTO game_media (game_id, media_id, name, thumbnail, webm, mp4, dash_av1, dash_h264, hls_h264, highlight, created_at, updated_at) VALUES (92, 256657302, 'Fallout 4 Intelligence Video', 'https://shared.akamai.steamstatic.com/store_item_assets/steam/apps/256657302/movie.293x165.jpg?t=1447378490', '{\"480\":\"https:\\/\\/video.akamai.steamstatic.com\\/store_trailers\\/256657302\\/movie480.webm?t=1447378490\",\"max\":\"https:\\/\\/video.akamai.steamstatic.com\\/store_trailers\\/256657302\\/movie_max.webm?t=1447378490\"}', '{\"480\":\"https:\\/\\/video.akamai.steamstatic.com\\/store_trailers\\/256657302\\/movie480.mp4?t=1447378490\",\"max\":\"https:\\/\\/video.akamai.steamstatic.com\\/store_trailers\\/256657302\\/movie_max.mp4?t=1447378490\"}', 'https://video.akamai.steamstatic.com/store_trailers/377160/44763/2aa671f3643d381b081ea1181b6d9fd5affc0b8e/1750520794/dash_av1.mpd?t=1447378490', 'https://video.akamai.steamstatic.com/store_trailers/377160/44763/2aa671f3643d381b081ea1181b6d9fd5affc0b8e/1750520794/dash_h264.mpd?t=1447378490', 'https://video.akamai.steamstatic.com/store_trailers/377160/44763/2aa671f3643d381b081ea1181b6d9fd5affc0b8e/1750520794/hls_264_master.m3u8?t=1447378490', false, NOW(), NOW());
INSERT INTO game_media (game_id, media_id, name, thumbnail, webm, mp4, dash_av1, dash_h264, hls_h264, highlight, created_at, updated_at) VALUES (92, 256657303, 'Fallout 4 Agility Video', 'https://shared.akamai.steamstatic.com/store_item_assets/steam/apps/256657303/movie.293x165.jpg?t=1447378490', '{\"480\":\"https:\\/\\/video.akamai.steamstatic.com\\/store_trailers\\/256657303\\/movie480.webm?t=1447378490\",\"max\":\"https:\\/\\/video.akamai.steamstatic.com\\/store_trailers\\/256657303\\/movie_max.webm?t=1447378490\"}', '{\"480\":\"https:\\/\\/video.akamai.steamstatic.com\\/store_trailers\\/256657303\\/movie480.mp4?t=1447378490\",\"max\":\"https:\\/\\/video.akamai.steamstatic.com\\/store_trailers\\/256657303\\/movie_max.mp4?t=1447378490\"}', 'https://video.akamai.steamstatic.com/store_trailers/377160/44764/2184a95cf295ad8ffd8da52812e093e0d78b9f4c/1750520798/dash_av1.mpd?t=1447378490', 'https://video.akamai.steamstatic.com/store_trailers/377160/44764/2184a95cf295ad8ffd8da52812e093e0d78b9f4c/1750520798/dash_h264.mpd?t=1447378490', 'https://video.akamai.steamstatic.com/store_trailers/377160/44764/2184a95cf295ad8ffd8da52812e093e0d78b9f4c/1750520798/hls_264_master.m3u8?t=1447378490', false, NOW(), NOW());
INSERT INTO game_media (game_id, media_id, name, thumbnail, webm, mp4, dash_av1, dash_h264, hls_h264, highlight, created_at, updated_at) VALUES (92, 256658072, 'Fallout 4 Luck Video', 'https://shared.akamai.steamstatic.com/store_item_assets/steam/apps/256658072/movie.293x165.jpg?t=1447378808', '{\"480\":\"https:\\/\\/video.akamai.steamstatic.com\\/store_trailers\\/256658072\\/movie480.webm?t=1447378808\",\"max\":\"https:\\/\\/video.akamai.steamstatic.com\\/store_trailers\\/256658072\\/movie_max.webm?t=1447378808\"}', '{\"480\":\"https:\\/\\/video.akamai.steamstatic.com\\/store_trailers\\/256658072\\/movie480.mp4?t=1447378808\",\"max\":\"https:\\/\\/video.akamai.steamstatic.com\\/store_trailers\\/256658072\\/movie_max.mp4?t=1447378808\"}', 'https://video.akamai.steamstatic.com/store_trailers/377160/46321/28c91db2787f2e03b3d5b3de165f05de6cd3022b/1750520821/dash_av1.mpd?t=1447378808', 'https://video.akamai.steamstatic.com/store_trailers/377160/46321/28c91db2787f2e03b3d5b3de165f05de6cd3022b/1750520821/dash_h264.mpd?t=1447378808', 'https://video.akamai.steamstatic.com/store_trailers/377160/46321/28c91db2787f2e03b3d5b3de165f05de6cd3022b/1750520821/hls_264_master.m3u8?t=1447378808', false, NOW(), NOW());
INSERT INTO game_category (game_id, category_id, created_at, updated_at) VALUES (92, 39, NOW(), NOW());
INSERT INTO game_category (game_id, category_id, created_at, updated_at) VALUES (92, 41, NOW(), NOW());
INSERT INTO game_category (game_id, category_id, created_at, updated_at) VALUES (92, 13, NOW(), NOW());
INSERT INTO game_category (game_id, category_id, created_at, updated_at) VALUES (92, 29, NOW(), NOW());
INSERT INTO game_category (game_id, category_id, created_at, updated_at) VALUES (92, 35, NOW(), NOW());
INSERT INTO game_category (game_id, category_id, created_at, updated_at) VALUES (92, 49, NOW(), NOW());
INSERT INTO game_category (game_id, category_id, created_at, updated_at) VALUES (92, 51, NOW(), NOW());
INSERT INTO game_category (game_id, category_id, created_at, updated_at) VALUES (92, 42, NOW(), NOW());
INSERT INTO game_category (game_id, category_id, created_at, updated_at) VALUES (92, 32, NOW(), NOW());
INSERT INTO game_category (game_id, category_id, created_at, updated_at) VALUES (92, 34, NOW(), NOW());
INSERT INTO game_category (game_id, category_id, created_at, updated_at) VALUES (92, 33, NOW(), NOW());
INSERT INTO game_category (game_id, category_id, created_at, updated_at) VALUES (92, 12, NOW(), NOW());
INSERT INTO game_genre (game_id, genre_id, created_at, updated_at) VALUES (92, 14, NOW(), NOW());
INSERT INTO game_developer (game_id, developer_id, created_at, updated_at) VALUES (92, 13, NOW(), NOW());
INSERT INTO game_publisher (game_id, publisher_id, created_at, updated_at) VALUES (92, 13, NOW(), NOW());

-- Game #93: Balatro
INSERT INTO games (id, steam_id, name, type, slug, short_description, required_age, is_free, have_dlc, icon, supported_languages, release_date, coming_soon, recommendations, achievements_count, positive_reviews, negative_reviews, total_reviews, positive_ratio, content_descriptors, is_active, created_at, updated_at) VALUES (93, 2379780, 'Balatro', 'game', 'balatro', 'The poker roguelike. Balatro is a hypnotically satisfying deckbuilder where you play illegal poker hands, discover game-changing jokers, and trigger adrenaline-pumping, outrageous combos.', 0, false, true, 'https://shared.akamai.steamstatic.com/store_item_assets/steam/apps/2379780/7a85430784e4d613cdb0547414d8cf16ffa45747/header.jpg?t=1760008054', '[\"English\",\"French\",\"Italian\",\"German\",\"Spanish - Spain\",\"Dutch\",\"Japanese\",\"Polish\",\"Portuguese - Brazil\",\"Simplified Chinese\",\"Spanish - Latin America\",\"Traditional Chinese\"]', '2024-02-20', false, 138906, 31, 273, 27, 300, 0.91, '{\"ids\":[],\"notes\":null}', true, NOW(), NOW());
INSERT INTO game_platforms (game_id, windows, mac, linux, created_at, updated_at) VALUES (93, true, true, false, NOW(), NOW());
INSERT INTO game_requirements (game_id, pc_requirements, mac_requirements, linux_requirements, created_at, updated_at) VALUES (93, 'Minimum: Requires a 64-bit processor and operating system OS *: Windows 7, 8, 10, 11 x64 Processor: Intel Core i3 Memory: 1 GB RAM Graphics: OpenGL 2.1 compatible graphics card, integrated graphics Storage: 150 MB available space', 'Minimum: OS: macOS 11 (Big Sur) or later Processor: Any Intel or Apple Silicon processor Memory: 1 GB RAM Graphics: 4 GB RAM Storage: 150 MB available space', 'Minimum:', NOW(), NOW());
INSERT INTO game_community_ratings (game_id, toxicity_rate, cheater_rate, bug_rate, microtransaction_rate, bad_optimization_rate, not_recommended_rate, created_at, updated_at) VALUES (93, 0, 0, 0.018, 0.023, 0.015, 0.055, NOW(), NOW());
INSERT INTO game_media (game_id, media_id, name, thumbnail, webm, mp4, dash_av1, dash_h264, hls_h264, highlight, created_at, updated_at) VALUES (93, 257198110, 'Accolades Gameplay Video', 'https://shared.akamai.steamstatic.com/store_item_assets/steam/apps/257198110/8a0ee295b28d9650b4176336600ef70c204209a0/movie_600x337.jpg?t=1759138871', '{\"480\":\"https:\\/\\/video.akamai.steamstatic.com\\/store_trailers\\/257198110\\/movie480_vp9.webm?t=1759138871\",\"max\":\"https:\\/\\/video.akamai.steamstatic.com\\/store_trailers\\/257198110\\/movie_max_vp9.webm?t=1759138871\"}', '{\"480\":\"https:\\/\\/video.akamai.steamstatic.com\\/store_trailers\\/257198110\\/movie480.mp4?t=1759138871\",\"max\":\"https:\\/\\/video.akamai.steamstatic.com\\/store_trailers\\/257198110\\/movie_max.mp4?t=1759138871\"}', 'https://video.akamai.steamstatic.com/store_trailers/2379780/581550014/e9a47276c1efe4165c2e25e35a06d417d78e1724/1758033766/dash_av1.mpd?t=1759138871', 'https://video.akamai.steamstatic.com/store_trailers/2379780/581550014/e9a47276c1efe4165c2e25e35a06d417d78e1724/1758033766/dash_h264.mpd?t=1759138871', 'https://video.akamai.steamstatic.com/store_trailers/2379780/581550014/e9a47276c1efe4165c2e25e35a06d417d78e1724/1758033766/hls_264_master.m3u8?t=1759138871', true, NOW(), NOW());
INSERT INTO game_category (game_id, category_id, created_at, updated_at) VALUES (93, 39, NOW(), NOW());
INSERT INTO game_category (game_id, category_id, created_at, updated_at) VALUES (93, 41, NOW(), NOW());
INSERT INTO game_category (game_id, category_id, created_at, updated_at) VALUES (93, 13, NOW(), NOW());
INSERT INTO game_category (game_id, category_id, created_at, updated_at) VALUES (93, 45, NOW(), NOW());
INSERT INTO game_category (game_id, category_id, created_at, updated_at) VALUES (93, 42, NOW(), NOW());
INSERT INTO game_category (game_id, category_id, created_at, updated_at) VALUES (93, 12, NOW(), NOW());
INSERT INTO game_genre (game_id, genre_id, created_at, updated_at) VALUES (93, 5, NOW(), NOW());
INSERT INTO game_genre (game_id, genre_id, created_at, updated_at) VALUES (93, 11, NOW(), NOW());
INSERT INTO game_genre (game_id, genre_id, created_at, updated_at) VALUES (93, 18, NOW(), NOW());
INSERT INTO game_developer (game_id, developer_id, created_at, updated_at) VALUES (93, 60, NOW(), NOW());
INSERT INTO game_publisher (game_id, publisher_id, created_at, updated_at) VALUES (93, 59, NOW(), NOW());

-- Game #94: Necesse
INSERT INTO games (id, steam_id, name, type, slug, short_description, required_age, is_free, have_dlc, icon, supported_languages, release_date, coming_soon, recommendations, achievements_count, positive_reviews, negative_reviews, total_reviews, positive_ratio, content_descriptors, is_active, created_at, updated_at) VALUES (94, 1169040, 'Necesse', 'game', 'necesse', 'Build, quest, and conquer across an infinite procedurally generated world. Play alone or with friends as you establish a settlement and explore deep dungeons, fight monsters and bosses, mine rare ores, craft magical equipment, recruit specialists for your colony, and more!', 0, false, true, 'https://shared.akamai.steamstatic.com/store_item_assets/steam/apps/1169040/608ea1279daba968a0cebcf41fd316092ca92f76/header_alt_assets_6.jpg?t=1760982320', '[\"English\",\"Russian\",\"Portuguese - Brazil\",\"German\",\"Simplified Chinese\",\"Czech\",\"Japanese\",\"Spanish - Spain\",\"Spanish - Latin America\",\"Traditional Chinese\",\"French\",\"Hungarian\",\"Korean\",\"Turkish\",\"Ukrainian\",\"Italian\",\"Danish\",\"Dutch\",\"Finnish\",\"Norwegian\",\"Polish\",\"Thai\"]', '2025-10-16', false, 17132, 48, 209, 91, 300, 0.697, '{\"ids\":[],\"notes\":null}', true, NOW(), NOW());
INSERT INTO game_platforms (game_id, windows, mac, linux, created_at, updated_at) VALUES (94, true, true, true, NOW(), NOW());
INSERT INTO game_requirements (game_id, pc_requirements, mac_requirements, linux_requirements, created_at, updated_at) VALUES (94, 'Minimum: Requires a 64-bit processor and operating system OS: Windows® 10 (64-bit) Processor: Intel® Core™ i3-4160 (dual-core) / AMD® FX-Series™ FX-4350 (quad-core) Memory: 4 GB RAM Graphics: NVIDIA® GeForce® GT 440 (1 GB) / AMD® Radeon™ HD 6570 (1 GB) Storage: 500 MB available space Additional Notes: Some Intel graphics drivers seems to be causing regular crashes and we\'re trying to look into that.', 'Minimum: OS: MacOS X 10.8 (64-bit) Processor: Intel® Core™ i3-4160 (dual-core) / AMD® FX-Series™ FX-4350 (quad-core) Memory: 4 GB RAM Graphics: NVIDIA® GeForce® GT 440 (1 GB) / AMD® Radeon™ HD 6570 (1 GB) Storage: 500 MB available space Additional Notes: M-chip Macs currently not supported', 'Minimum: OS: Any newer Linux OS (64-bit) Processor: Intel® Core™ i3-4160 (dual-core) / AMD® FX-Series™ FX-4350 (quad-core) Memory: 4 GB RAM Graphics: NVIDIA® GeForce® GT 440 (1 GB) / AMD® Radeon™ HD 6570 (1 GB) Storage: 500 MB available space', NOW(), NOW());
INSERT INTO game_community_ratings (game_id, toxicity_rate, cheater_rate, bug_rate, microtransaction_rate, bad_optimization_rate, not_recommended_rate, created_at, updated_at) VALUES (94, 0.02, 0.018, 0.032, 0, 0.037, 0.094, NOW(), NOW());
INSERT INTO game_media (game_id, media_id, name, thumbnail, webm, mp4, dash_av1, dash_h264, hls_h264, highlight, created_at, updated_at) VALUES (94, 257218823, '1.0 Launch Trailer', 'https://shared.akamai.steamstatic.com/store_item_assets/steam/apps/257218823/2ac54fb520bc4f48d27aa95725a2f8d3e2a0f5b2/movie_600x337.jpg?t=1760633955', '{\"480\":\"https:\\/\\/video.akamai.steamstatic.com\\/store_trailers\\/257218823\\/movie480.webm?t=1760633955\",\"max\":\"https:\\/\\/video.akamai.steamstatic.com\\/store_trailers\\/257218823\\/movie_max.webm?t=1760633955\"}', '{\"480\":\"https:\\/\\/video.akamai.steamstatic.com\\/store_trailers\\/257218823\\/movie480.mp4?t=1760633955\",\"max\":\"https:\\/\\/video.akamai.steamstatic.com\\/store_trailers\\/257218823\\/movie_max.mp4?t=1760633955\"}', 'https://video.akamai.steamstatic.com/store_trailers/1169040/345364347/35d060f9c7c64a271a3f4e005bd6e1b7b909e742/1760626840/dash_av1.mpd?t=1760633955', 'https://video.akamai.steamstatic.com/store_trailers/1169040/345364347/35d060f9c7c64a271a3f4e005bd6e1b7b909e742/1760626840/dash_h264.mpd?t=1760633955', 'https://video.akamai.steamstatic.com/store_trailers/1169040/345364347/35d060f9c7c64a271a3f4e005bd6e1b7b909e742/1760626840/hls_264_master.m3u8?t=1760633955', true, NOW(), NOW());
INSERT INTO game_media (game_id, media_id, name, thumbnail, webm, mp4, dash_av1, dash_h264, hls_h264, highlight, created_at, updated_at) VALUES (94, 257196261, '1.0 Announcement Trailer', 'https://shared.akamai.steamstatic.com/store_item_assets/steam/apps/257196261/b40a32121c6a49c37db2b30656dba88c54df7f34/movie_600x337.jpg?t=1757605070', '{\"480\":\"https:\\/\\/video.akamai.steamstatic.com\\/store_trailers\\/257196261\\/movie480_vp9.webm?t=1757605070\",\"max\":\"https:\\/\\/video.akamai.steamstatic.com\\/store_trailers\\/257196261\\/movie_max_vp9.webm?t=1757605070\"}', '{\"480\":\"https:\\/\\/video.akamai.steamstatic.com\\/store_trailers\\/257196261\\/movie480.mp4?t=1757605070\",\"max\":\"https:\\/\\/video.akamai.steamstatic.com\\/store_trailers\\/257196261\\/movie_max.mp4?t=1757605070\"}', 'https://video.akamai.steamstatic.com/store_trailers/1169040/850877101/59a3f98565e254b3ec10a22124f6399700ad5a14/1757600576/dash_av1.mpd?t=1757605070', 'https://video.akamai.steamstatic.com/store_trailers/1169040/850877101/59a3f98565e254b3ec10a22124f6399700ad5a14/1757600576/dash_h264.mpd?t=1757605070', 'https://video.akamai.steamstatic.com/store_trailers/1169040/850877101/59a3f98565e254b3ec10a22124f6399700ad5a14/1757600576/hls_264_master.m3u8?t=1757605070', true, NOW(), NOW());
INSERT INTO game_category (game_id, category_id, created_at, updated_at) VALUES (94, 39, NOW(), NOW());
INSERT INTO game_category (game_id, category_id, created_at, updated_at) VALUES (94, 24, NOW(), NOW());
INSERT INTO game_category (game_id, category_id, created_at, updated_at) VALUES (94, 30, NOW(), NOW());
INSERT INTO game_category (game_id, category_id, created_at, updated_at) VALUES (94, 27, NOW(), NOW());
INSERT INTO game_category (game_id, category_id, created_at, updated_at) VALUES (94, 21, NOW(), NOW());
INSERT INTO game_category (game_id, category_id, created_at, updated_at) VALUES (94, 7, NOW(), NOW());
INSERT INTO game_category (game_id, category_id, created_at, updated_at) VALUES (94, 26, NOW(), NOW());
INSERT INTO game_category (game_id, category_id, created_at, updated_at) VALUES (94, 20, NOW(), NOW());
INSERT INTO game_category (game_id, category_id, created_at, updated_at) VALUES (94, 41, NOW(), NOW());
INSERT INTO game_category (game_id, category_id, created_at, updated_at) VALUES (94, 13, NOW(), NOW());
INSERT INTO game_category (game_id, category_id, created_at, updated_at) VALUES (94, 45, NOW(), NOW());
INSERT INTO game_category (game_id, category_id, created_at, updated_at) VALUES (94, 47, NOW(), NOW());
INSERT INTO game_category (game_id, category_id, created_at, updated_at) VALUES (94, 42, NOW(), NOW());
INSERT INTO game_category (game_id, category_id, created_at, updated_at) VALUES (94, 40, NOW(), NOW());
INSERT INTO game_category (game_id, category_id, created_at, updated_at) VALUES (94, 12, NOW(), NOW());
INSERT INTO game_genre (game_id, genre_id, created_at, updated_at) VALUES (94, 1, NOW(), NOW());
INSERT INTO game_genre (game_id, genre_id, created_at, updated_at) VALUES (94, 2, NOW(), NOW());
INSERT INTO game_genre (game_id, genre_id, created_at, updated_at) VALUES (94, 11, NOW(), NOW());
INSERT INTO game_genre (game_id, genre_id, created_at, updated_at) VALUES (94, 14, NOW(), NOW());
INSERT INTO game_developer (game_id, developer_id, created_at, updated_at) VALUES (94, 36, NOW(), NOW());
INSERT INTO game_publisher (game_id, publisher_id, created_at, updated_at) VALUES (94, 29, NOW(), NOW());

-- Game #95: Warhammer 40,000: Space Marine 2
INSERT INTO games (id, steam_id, name, type, slug, short_description, required_age, is_free, have_dlc, icon, supported_languages, release_date, coming_soon, recommendations, achievements_count, positive_reviews, negative_reviews, total_reviews, positive_ratio, content_descriptors, is_active, created_at, updated_at) VALUES (95, 2183900, 'Warhammer 40,000: Space Marine 2', 'game', 'warhammer-40-000-space-marine-2', 'Embody the superhuman skill and brutality of a Space Marine. Unleash deadly abilities and devastating weaponry to obliterate the relentless Tyranid swarms. Defend the Imperium in spectacular third-person action in solo or multiplayer modes.', 17, false, true, 'https://shared.akamai.steamstatic.com/store_item_assets/steam/apps/2183900/header.jpg?t=1760605499', '[\"English *\",\"French *\",\"Italian\",\"German *\",\"Spanish - Spain *\",\"Russian *\",\"Czech\",\"Japanese *\",\"Korean\",\"Polish\",\"Portuguese - Brazil\",\"Simplified Chinese *\",\"Spanish - Latin America\",\"Traditional Chinese\",\"Turkish\",\"Ukrainian\",\"Thai * languages with full audio support\"]', '2024-09-09', false, 132255, 50, 65, 235, 300, 0.217, '{\"ids\":[2,5],\"notes\":\"Gameplay consists of frequent combat scenarios with characters using their weapons to slash\\/stab enemies.\"}', true, NOW(), NOW());
INSERT INTO game_platforms (game_id, windows, mac, linux, created_at, updated_at) VALUES (95, true, false, false, NOW(), NOW());
INSERT INTO game_requirements (game_id, pc_requirements, mac_requirements, linux_requirements, created_at, updated_at) VALUES (95, 'Minimum: Requires a 64-bit processor and operating system OS: Windows 10 (1903 min)/11 64-bit Processor: AMD Ryzen 5 2600X / Intel Core i5-8600K Memory: 8 GB RAM Graphics: 6 GB VRAM, AMD Radeon RX 580 / Nvidia GeForce GTX 1060 DirectX: Version 12 Storage: 75 GB available space Additional Notes: SSD required. 30 FPS in 1920x1080 with &quot;Low&quot; preset.', 'Minimum:', 'Minimum:', NOW(), NOW());
INSERT INTO game_community_ratings (game_id, toxicity_rate, cheater_rate, bug_rate, microtransaction_rate, bad_optimization_rate, not_recommended_rate, created_at, updated_at) VALUES (95, 0.052, 0.082, 0.071, 0.051, 0.096, 0.183, NOW(), NOW());
INSERT INTO game_media (game_id, media_id, name, thumbnail, webm, mp4, dash_av1, dash_h264, hls_h264, highlight, created_at, updated_at) VALUES (95, 257193070, 'Warhammer 40,000: Space Marine 2 - Anniversary Update Trailer', 'https://shared.akamai.steamstatic.com/store_item_assets/steam/apps/257193070/7f674181279a7a3134e01f183598d51d08ad92dc/movie_600x337.jpg?t=1756998041', '{\"480\":\"https:\\/\\/video.akamai.steamstatic.com\\/store_trailers\\/257193070\\/movie480_vp9.webm?t=1756998041\",\"max\":\"https:\\/\\/video.akamai.steamstatic.com\\/store_trailers\\/257193070\\/movie_max_vp9.webm?t=1756998041\"}', '{\"480\":\"https:\\/\\/video.akamai.steamstatic.com\\/store_trailers\\/257193070\\/movie480.mp4?t=1756998041\",\"max\":\"https:\\/\\/video.akamai.steamstatic.com\\/store_trailers\\/257193070\\/movie_max.mp4?t=1756998041\"}', 'https://video.akamai.steamstatic.com/store_trailers/2183900/433346495/3b5ad22ba5e1b9b4e44560cd3453e1947f182c7c/1756988137/dash_av1.mpd?t=1756998041', 'https://video.akamai.steamstatic.com/store_trailers/2183900/433346495/3b5ad22ba5e1b9b4e44560cd3453e1947f182c7c/1756988137/dash_h264.mpd?t=1756998041', 'https://video.akamai.steamstatic.com/store_trailers/2183900/433346495/3b5ad22ba5e1b9b4e44560cd3453e1947f182c7c/1756988137/hls_264_master.m3u8?t=1756998041', true, NOW(), NOW());
INSERT INTO game_media (game_id, media_id, name, thumbnail, webm, mp4, dash_av1, dash_h264, hls_h264, highlight, created_at, updated_at) VALUES (95, 257190659, 'Warhammer 40,000: Space Marine 2 - Year 2 Trailer', 'https://shared.akamai.steamstatic.com/store_item_assets/steam/apps/257190659/673b7b5c3ccafec7c16a8820171608748eba3ba9/movie_600x337.jpg?t=1756724125', '{\"480\":\"https:\\/\\/video.akamai.steamstatic.com\\/store_trailers\\/257190659\\/movie480_vp9.webm?t=1756724125\",\"max\":\"https:\\/\\/video.akamai.steamstatic.com\\/store_trailers\\/257190659\\/movie_max_vp9.webm?t=1756724125\"}', '{\"480\":\"https:\\/\\/video.akamai.steamstatic.com\\/store_trailers\\/257190659\\/movie480.mp4?t=1756724125\",\"max\":\"https:\\/\\/video.akamai.steamstatic.com\\/store_trailers\\/257190659\\/movie_max.mp4?t=1756724125\"}', 'https://video.akamai.steamstatic.com/store_trailers/2183900/1021516224/6e089510f10196d8a04432f23e2120e2add9bbef/1756462895/dash_av1.mpd?t=1756724125', 'https://video.akamai.steamstatic.com/store_trailers/2183900/1021516224/6e089510f10196d8a04432f23e2120e2add9bbef/1756462895/dash_h264.mpd?t=1756724125', 'https://video.akamai.steamstatic.com/store_trailers/2183900/1021516224/6e089510f10196d8a04432f23e2120e2add9bbef/1756462895/hls_264_master.m3u8?t=1756724125', true, NOW(), NOW());
INSERT INTO game_media (game_id, media_id, name, thumbnail, webm, mp4, dash_av1, dash_h264, hls_h264, highlight, created_at, updated_at) VALUES (95, 257160707, 'Warhammer 40,000: Space Marine 2 - Siege Update Trailer', 'https://shared.akamai.steamstatic.com/store_item_assets/steam/apps/257160707/498d0745ef2fd62079de3ab085da91db1e457be6/movie_600x337.jpg?t=1750946715', '{\"480\":\"https:\\/\\/video.akamai.steamstatic.com\\/store_trailers\\/257160707\\/movie480_vp9.webm?t=1750946715\",\"max\":\"https:\\/\\/video.akamai.steamstatic.com\\/store_trailers\\/257160707\\/movie_max_vp9.webm?t=1750946715\"}', '{\"480\":\"https:\\/\\/video.akamai.steamstatic.com\\/store_trailers\\/257160707\\/movie480.mp4?t=1750946715\",\"max\":\"https:\\/\\/video.akamai.steamstatic.com\\/store_trailers\\/257160707\\/movie_max.mp4?t=1750946715\"}', 'https://video.akamai.steamstatic.com/store_trailers/2183900/435536413/175f56b0258f5856ed64019722129b59c4f3f147/1750772619/dash_av1.mpd?t=1750946715', 'https://video.akamai.steamstatic.com/store_trailers/2183900/435536413/175f56b0258f5856ed64019722129b59c4f3f147/1750772619/dash_h264.mpd?t=1750946715', 'https://video.akamai.steamstatic.com/store_trailers/2183900/435536413/175f56b0258f5856ed64019722129b59c4f3f147/1750772619/hls_264_master.m3u8?t=1750946715', false, NOW(), NOW());
INSERT INTO game_media (game_id, media_id, name, thumbnail, webm, mp4, dash_av1, dash_h264, hls_h264, highlight, created_at, updated_at) VALUES (95, 257125819, 'Warhammer 40,000: Space Marine 2 - Trygon Update Trailer', 'https://shared.akamai.steamstatic.com/store_item_assets/steam/apps/257125819/8a09f69fdbbc1709b81203bc9f6b30459fd18dd7/movie_600x337.jpg?t=1744725472', '{\"480\":\"https:\\/\\/video.akamai.steamstatic.com\\/store_trailers\\/257125819\\/movie480_vp9.webm?t=1744725472\",\"max\":\"https:\\/\\/video.akamai.steamstatic.com\\/store_trailers\\/257125819\\/movie_max_vp9.webm?t=1744725472\"}', '{\"480\":\"https:\\/\\/video.akamai.steamstatic.com\\/store_trailers\\/257125819\\/movie480.mp4?t=1744725472\",\"max\":\"https:\\/\\/video.akamai.steamstatic.com\\/store_trailers\\/257125819\\/movie_max.mp4?t=1744725472\"}', 'https://video.akamai.steamstatic.com/store_trailers/2183900/869770/b92a07a60f0e33420b1fc78b3aa58b9e1eed6db1/1749174406/dash_av1.mpd?t=1744725472', 'https://video.akamai.steamstatic.com/store_trailers/2183900/869770/b92a07a60f0e33420b1fc78b3aa58b9e1eed6db1/1749174406/dash_h264.mpd?t=1744725472', 'https://video.akamai.steamstatic.com/store_trailers/2183900/869770/b92a07a60f0e33420b1fc78b3aa58b9e1eed6db1/1749174406/hls_264_master.m3u8?t=1744725472', false, NOW(), NOW());
INSERT INTO game_media (game_id, media_id, name, thumbnail, webm, mp4, dash_av1, dash_h264, hls_h264, highlight, created_at, updated_at) VALUES (95, 257094981, 'Warhammer 40,000: Space Marine 2 - Datavault Update Trailer', 'https://shared.akamai.steamstatic.com/store_item_assets/steam/apps/257094981/2d66883914893ac9d3adb405f2e9346d30ab308b/movie_600x337.jpg?t=1738851143', '{\"480\":\"https:\\/\\/video.akamai.steamstatic.com\\/store_trailers\\/257094981\\/movie480_vp9.webm?t=1738851143\",\"max\":\"https:\\/\\/video.akamai.steamstatic.com\\/store_trailers\\/257094981\\/movie_max_vp9.webm?t=1738851143\"}', '{\"480\":\"https:\\/\\/video.akamai.steamstatic.com\\/store_trailers\\/257094981\\/movie480.mp4?t=1738851143\",\"max\":\"https:\\/\\/video.akamai.steamstatic.com\\/store_trailers\\/257094981\\/movie_max.mp4?t=1738851143\"}', 'https://video.akamai.steamstatic.com/store_trailers/2183900/823494/faa7d29a16715ea745fb4db520f763adbf51e486/1749174403/dash_av1.mpd?t=1738851143', 'https://video.akamai.steamstatic.com/store_trailers/2183900/823494/faa7d29a16715ea745fb4db520f763adbf51e486/1749174403/dash_h264.mpd?t=1738851143', 'https://video.akamai.steamstatic.com/store_trailers/2183900/823494/faa7d29a16715ea745fb4db520f763adbf51e486/1749174403/hls_264_master.m3u8?t=1738851143', false, NOW(), NOW());
INSERT INTO game_media (game_id, media_id, name, thumbnail, webm, mp4, dash_av1, dash_h264, hls_h264, highlight, created_at, updated_at) VALUES (95, 257080534, 'Warhammer 40,000: Space Marine 2 - Obelisk Update Trailer', 'https://shared.akamai.steamstatic.com/store_item_assets/steam/apps/257080534/3eb20513c73743836933edc3912c975bd326f9d4/movie_600x337.jpg?t=1733839344', '{\"480\":\"https:\\/\\/video.akamai.steamstatic.com\\/store_trailers\\/257080534\\/movie480_vp9.webm?t=1733839344\",\"max\":\"https:\\/\\/video.akamai.steamstatic.com\\/store_trailers\\/257080534\\/movie_max_vp9.webm?t=1733839344\"}', '{\"480\":\"https:\\/\\/video.akamai.steamstatic.com\\/store_trailers\\/257080534\\/movie480.mp4?t=1733839344\",\"max\":\"https:\\/\\/video.akamai.steamstatic.com\\/store_trailers\\/257080534\\/movie_max.mp4?t=1733839344\"}', 'https://video.akamai.steamstatic.com/store_trailers/2183900/797650/b26fe3b8682671b61654accea4addf0a3dcd5d4b/1749174394/dash_av1.mpd?t=1733839344', 'https://video.akamai.steamstatic.com/store_trailers/2183900/797650/b26fe3b8682671b61654accea4addf0a3dcd5d4b/1749174394/dash_h264.mpd?t=1733839344', 'https://video.akamai.steamstatic.com/store_trailers/2183900/797650/b26fe3b8682671b61654accea4addf0a3dcd5d4b/1749174394/hls_264_master.m3u8?t=1733839344', false, NOW(), NOW());
INSERT INTO game_media (game_id, media_id, name, thumbnail, webm, mp4, dash_av1, dash_h264, hls_h264, highlight, created_at, updated_at) VALUES (95, 257052341, 'Warhammer 40,000: Space Marine 2 - Launch Trailer', 'https://shared.akamai.steamstatic.com/store_item_assets/steam/apps/257052341/movie.293x165.jpg?t=1725552162', '{\"480\":\"https:\\/\\/video.akamai.steamstatic.com\\/store_trailers\\/257052341\\/movie480_vp9.webm?t=1725552162\",\"max\":\"https:\\/\\/video.akamai.steamstatic.com\\/store_trailers\\/257052341\\/movie_max_vp9.webm?t=1725552162\"}', '{\"480\":\"https:\\/\\/video.akamai.steamstatic.com\\/store_trailers\\/257052341\\/movie480.mp4?t=1725552162\",\"max\":\"https:\\/\\/video.akamai.steamstatic.com\\/store_trailers\\/257052341\\/movie_max.mp4?t=1725552162\"}', 'https://video.akamai.steamstatic.com/store_trailers/2183900/750952/5439dd8f45a9aacf6797d081c41d20ed62797af9/1749174304/dash_av1.mpd?t=1725552162', 'https://video.akamai.steamstatic.com/store_trailers/2183900/750952/5439dd8f45a9aacf6797d081c41d20ed62797af9/1749174304/dash_h264.mpd?t=1725552162', 'https://video.akamai.steamstatic.com/store_trailers/2183900/750952/5439dd8f45a9aacf6797d081c41d20ed62797af9/1749174304/hls_264_master.m3u8?t=1725552162', false, NOW(), NOW());
INSERT INTO game_media (game_id, media_id, name, thumbnail, webm, mp4, dash_av1, dash_h264, hls_h264, highlight, created_at, updated_at) VALUES (95, 257032702, 'Warhammer 40,000: Space Marine 2 - Gameplay Overview', 'https://shared.akamai.steamstatic.com/store_item_assets/steam/apps/257032702/movie.293x165.jpg?t=1718909807', '{\"480\":\"https:\\/\\/video.akamai.steamstatic.com\\/store_trailers\\/257032702\\/movie480_vp9.webm?t=1718909807\",\"max\":\"https:\\/\\/video.akamai.steamstatic.com\\/store_trailers\\/257032702\\/movie_max_vp9.webm?t=1718909807\"}', '{\"480\":\"https:\\/\\/video.akamai.steamstatic.com\\/store_trailers\\/257032702\\/movie480.mp4?t=1718909807\",\"max\":\"https:\\/\\/video.akamai.steamstatic.com\\/store_trailers\\/257032702\\/movie_max.mp4?t=1718909807\"}', 'https://video.akamai.steamstatic.com/store_trailers/2183900/716541/724ef61e262afe6b1962ad93d2d86ddb65fff254/1749174063/dash_av1.mpd?t=1718909807', 'https://video.akamai.steamstatic.com/store_trailers/2183900/716541/724ef61e262afe6b1962ad93d2d86ddb65fff254/1749174063/dash_h264.mpd?t=1718909807', 'https://video.akamai.steamstatic.com/store_trailers/2183900/716541/724ef61e262afe6b1962ad93d2d86ddb65fff254/1749174063/hls_264_master.m3u8?t=1718909807', false, NOW(), NOW());
INSERT INTO game_category (game_id, category_id, created_at, updated_at) VALUES (95, 39, NOW(), NOW());
INSERT INTO game_category (game_id, category_id, created_at, updated_at) VALUES (95, 24, NOW(), NOW());
INSERT INTO game_category (game_id, category_id, created_at, updated_at) VALUES (95, 30, NOW(), NOW());
INSERT INTO game_category (game_id, category_id, created_at, updated_at) VALUES (95, 27, NOW(), NOW());
INSERT INTO game_category (game_id, category_id, created_at, updated_at) VALUES (95, 7, NOW(), NOW());
INSERT INTO game_category (game_id, category_id, created_at, updated_at) VALUES (95, 26, NOW(), NOW());
INSERT INTO game_category (game_id, category_id, created_at, updated_at) VALUES (95, 10, NOW(), NOW());
INSERT INTO game_category (game_id, category_id, created_at, updated_at) VALUES (95, 41, NOW(), NOW());
INSERT INTO game_category (game_id, category_id, created_at, updated_at) VALUES (95, 13, NOW(), NOW());
INSERT INTO game_category (game_id, category_id, created_at, updated_at) VALUES (95, 45, NOW(), NOW());
INSERT INTO game_category (game_id, category_id, created_at, updated_at) VALUES (95, 2, NOW(), NOW());
INSERT INTO game_category (game_id, category_id, created_at, updated_at) VALUES (95, 3, NOW(), NOW());
INSERT INTO game_category (game_id, category_id, created_at, updated_at) VALUES (95, 8, NOW(), NOW());
INSERT INTO game_category (game_id, category_id, created_at, updated_at) VALUES (95, 11, NOW(), NOW());
INSERT INTO game_category (game_id, category_id, created_at, updated_at) VALUES (95, 1, NOW(), NOW());
INSERT INTO game_category (game_id, category_id, created_at, updated_at) VALUES (95, 49, NOW(), NOW());
INSERT INTO game_category (game_id, category_id, created_at, updated_at) VALUES (95, 50, NOW(), NOW());
INSERT INTO game_category (game_id, category_id, created_at, updated_at) VALUES (95, 51, NOW(), NOW());
INSERT INTO game_category (game_id, category_id, created_at, updated_at) VALUES (95, 42, NOW(), NOW());
INSERT INTO game_category (game_id, category_id, created_at, updated_at) VALUES (95, 12, NOW(), NOW());
INSERT INTO game_genre (game_id, genre_id, created_at, updated_at) VALUES (95, 1, NOW(), NOW());
INSERT INTO game_genre (game_id, genre_id, created_at, updated_at) VALUES (95, 2, NOW(), NOW());
INSERT INTO game_genre (game_id, genre_id, created_at, updated_at) VALUES (95, 14, NOW(), NOW());
INSERT INTO game_developer (game_id, developer_id, created_at, updated_at) VALUES (95, 89, NOW(), NOW());
INSERT INTO game_publisher (game_id, publisher_id, created_at, updated_at) VALUES (95, 31, NOW(), NOW());

-- Game #96: Dispatch
INSERT INTO games (id, steam_id, name, type, slug, short_description, required_age, is_free, have_dlc, icon, supported_languages, release_date, coming_soon, recommendations, achievements_count, positive_reviews, negative_reviews, total_reviews, positive_ratio, content_descriptors, is_active, created_at, updated_at) VALUES (96, 2592160, 'Dispatch', 'game', 'dispatch', 'Dispatch is a superhero workplace comedy where choices matter. Manage a dysfunctional team of misfit heroes and strategize who to send to emergencies around the city, all while balancing office politics, personal relationships, and your own quest to become a hero. Episodes 1 + 2 out now.', 0, false, true, 'https://shared.akamai.steamstatic.com/store_item_assets/steam/apps/2592160/header.jpg?t=1761322491', '[\"English *\",\"French\",\"Italian\",\"German\",\"Spanish - Spain\",\"Japanese\",\"Korean\",\"Simplified Chinese\",\"Portuguese - Brazil\",\"Russian\",\"Traditional Chinese * languages with full audio support\"]', '2025-10-22', false, 7911, 36, 97, 203, 300, 0.323, '{\"ids\":[1,5],\"notes\":\"Mature Language, Cartoon Violence, Some Nudity, and Tobacco and Drug Usage. Rated R type stuff.\"}', true, NOW(), NOW());
INSERT INTO game_platforms (game_id, windows, mac, linux, created_at, updated_at) VALUES (96, true, false, false, NOW(), NOW());
INSERT INTO game_requirements (game_id, pc_requirements, mac_requirements, linux_requirements, created_at, updated_at) VALUES (96, 'Minimum: OS: Windows 10 (64-bit) or later Processor: Intel(R) Core(TM) i5-6402p CPU / AMD Ryzen 5 1600 or higher Memory: 2 GB RAM Graphics: NVIDIA GeForce GTX960 / AMD Radeon RX560 DirectX: Version 11 Storage: 25 GB available space Sound Card: DirectX compatible', '', '', NOW(), NOW());
INSERT INTO game_community_ratings (game_id, toxicity_rate, cheater_rate, bug_rate, microtransaction_rate, bad_optimization_rate, not_recommended_rate, created_at, updated_at) VALUES (96, 0, 0, 0.005, 0.026, 0.01, 0.032, NOW(), NOW());
INSERT INTO game_media (game_id, media_id, name, thumbnail, webm, mp4, dash_av1, dash_h264, hls_h264, highlight, created_at, updated_at) VALUES (96, 257199366, 'Release Date Trailer', 'https://shared.akamai.steamstatic.com/store_item_assets/steam/apps/257199366/85adace0aeaa77b62874c3420c22f1197d38fd5b/movie_600x337.jpg?t=1758121021', '{\"480\":\"https:\\/\\/video.akamai.steamstatic.com\\/store_trailers\\/257199366\\/movie480_vp9.webm?t=1758121021\",\"max\":\"https:\\/\\/video.akamai.steamstatic.com\\/store_trailers\\/257199366\\/movie_max_vp9.webm?t=1758121021\"}', '{\"480\":\"https:\\/\\/video.akamai.steamstatic.com\\/store_trailers\\/257199366\\/movie480.mp4?t=1758121021\",\"max\":\"https:\\/\\/video.akamai.steamstatic.com\\/store_trailers\\/257199366\\/movie_max.mp4?t=1758121021\"}', 'https://video.akamai.steamstatic.com/store_trailers/2592160/143185610/533cc566990dad79884cafbefff8fe7ab560bf55/1758083945/dash_av1.mpd?t=1758121021', 'https://video.akamai.steamstatic.com/store_trailers/2592160/143185610/533cc566990dad79884cafbefff8fe7ab560bf55/1758083945/dash_h264.mpd?t=1758121021', 'https://video.akamai.steamstatic.com/store_trailers/2592160/143185610/533cc566990dad79884cafbefff8fe7ab560bf55/1758083945/hls_264_master.m3u8?t=1758121021', true, NOW(), NOW());
INSERT INTO game_media (game_id, media_id, name, thumbnail, webm, mp4, dash_av1, dash_h264, hls_h264, highlight, created_at, updated_at) VALUES (96, 257072977, 'Reveal Trailer | Extended Cut', 'https://shared.akamai.steamstatic.com/store_item_assets/steam/apps/257072977/2a05271da51ec15453a18cc0dbd55efca1e691ad/movie_600x337.jpg?t=1743631114', '{\"480\":\"https:\\/\\/video.akamai.steamstatic.com\\/store_trailers\\/257072977\\/movie480_vp9.webm?t=1743631114\",\"max\":\"https:\\/\\/video.akamai.steamstatic.com\\/store_trailers\\/257072977\\/movie_max_vp9.webm?t=1743631114\"}', '{\"480\":\"https:\\/\\/video.akamai.steamstatic.com\\/store_trailers\\/257072977\\/movie480.mp4?t=1743631114\",\"max\":\"https:\\/\\/video.akamai.steamstatic.com\\/store_trailers\\/257072977\\/movie_max.mp4?t=1743631114\"}', 'https://video.akamai.steamstatic.com/store_trailers/2592160/785131/02f08f87bb165f1791b6b248e0fbc62f39754716/1750934476/dash_av1.mpd?t=1743631114', 'https://video.akamai.steamstatic.com/store_trailers/2592160/785131/02f08f87bb165f1791b6b248e0fbc62f39754716/1750934476/dash_h264.mpd?t=1743631114', 'https://video.akamai.steamstatic.com/store_trailers/2592160/785131/02f08f87bb165f1791b6b248e0fbc62f39754716/1750934476/hls_264_master.m3u8?t=1743631114', true, NOW(), NOW());
INSERT INTO game_category (game_id, category_id, created_at, updated_at) VALUES (96, 39, NOW(), NOW());
INSERT INTO game_category (game_id, category_id, created_at, updated_at) VALUES (96, 41, NOW(), NOW());
INSERT INTO game_category (game_id, category_id, created_at, updated_at) VALUES (96, 13, NOW(), NOW());
INSERT INTO game_category (game_id, category_id, created_at, updated_at) VALUES (96, 2, NOW(), NOW());
INSERT INTO game_category (game_id, category_id, created_at, updated_at) VALUES (96, 8, NOW(), NOW());
INSERT INTO game_category (game_id, category_id, created_at, updated_at) VALUES (96, 11, NOW(), NOW());
INSERT INTO game_category (game_id, category_id, created_at, updated_at) VALUES (96, 1, NOW(), NOW());
INSERT INTO game_category (game_id, category_id, created_at, updated_at) VALUES (96, 23, NOW(), NOW());
INSERT INTO game_category (game_id, category_id, created_at, updated_at) VALUES (96, 29, NOW(), NOW());
INSERT INTO game_category (game_id, category_id, created_at, updated_at) VALUES (96, 50, NOW(), NOW());
INSERT INTO game_category (game_id, category_id, created_at, updated_at) VALUES (96, 42, NOW(), NOW());
INSERT INTO game_category (game_id, category_id, created_at, updated_at) VALUES (96, 12, NOW(), NOW());
INSERT INTO game_genre (game_id, genre_id, created_at, updated_at) VALUES (96, 1, NOW(), NOW());
INSERT INTO game_genre (game_id, genre_id, created_at, updated_at) VALUES (96, 2, NOW(), NOW());
INSERT INTO game_genre (game_id, genre_id, created_at, updated_at) VALUES (96, 5, NOW(), NOW());
INSERT INTO game_genre (game_id, genre_id, created_at, updated_at) VALUES (96, 11, NOW(), NOW());
INSERT INTO game_genre (game_id, genre_id, created_at, updated_at) VALUES (96, 18, NOW(), NOW());
INSERT INTO game_developer (game_id, developer_id, created_at, updated_at) VALUES (96, 3, NOW(), NOW());
INSERT INTO game_publisher (game_id, publisher_id, created_at, updated_at) VALUES (96, 4, NOW(), NOW());

-- Game #97: The Outer Worlds 2
INSERT INTO games (id, steam_id, name, type, slug, short_description, required_age, is_free, have_dlc, icon, supported_languages, release_date, coming_soon, recommendations, achievements_count, positive_reviews, negative_reviews, total_reviews, positive_ratio, content_descriptors, is_active, created_at, updated_at) VALUES (97, 1449110, 'The Outer Worlds 2', 'game', 'the-outer-worlds-2', 'The Outer Worlds 2 is the sequel to the award-winning first-person sci-fi RPG from Obsidian Entertainment.', 0, false, false, 'https://shared.akamai.steamstatic.com/store_item_assets/steam/apps/1449110/fe273e39cbaf4997d1c8e53879800f07dba0ee03/header.jpg?t=1761341734', '[\"English *\",\"French\",\"Italian\",\"German\",\"Spanish - Spain\",\"Japanese\",\"Korean\",\"Polish\",\"Portuguese - Brazil\",\"Russian\",\"Simplified Chinese\",\"Spanish - Latin America * languages with full audio support\"]', '2025-10-29', true, 885, 0, 164, 136, 300, 0.547, '{\"ids\":[2,5],\"notes\":\"This Game may contain content not appropriate for all ages, or may not be appropriate for viewing at work: \\r\\nBlood and Gore, Intense Violence, Strong Language\"}', true, NOW(), NOW());
INSERT INTO game_platforms (game_id, windows, mac, linux, created_at, updated_at) VALUES (97, true, false, false, NOW(), NOW());
INSERT INTO game_requirements (game_id, pc_requirements, mac_requirements, linux_requirements, created_at, updated_at) VALUES (97, 'Minimum: Requires a 64-bit processor and operating system OS: Windows 10/11 with updates Processor: AMD Ryzen 5 2600 / Intel i5-8400 Memory: 16 GB RAM Graphics: AMD RX 5700 / Nvidia GTX 1070 / Intel Arc A580 DirectX: Version 12 Storage: 110 GB available space Additional Notes: SSD required. Performance scales with higher-end systems.', 'Minimum:', 'Minimum:', NOW(), NOW());
INSERT INTO game_community_ratings (game_id, toxicity_rate, cheater_rate, bug_rate, microtransaction_rate, bad_optimization_rate, not_recommended_rate, created_at, updated_at) VALUES (97, 0, 0, 0.04, 0.014, 0.049, 0.054, NOW(), NOW());
INSERT INTO game_media (game_id, media_id, name, thumbnail, webm, mp4, dash_av1, dash_h264, hls_h264, highlight, created_at, updated_at) VALUES (97, 257220973, 'Early Access', 'https://shared.akamai.steamstatic.com/store_item_assets/steam/apps/257220973/d66c6288f8d79b78afbccb9b5cc1c720d34bcde1/movie_600x337.jpg?t=1761336817', '{\"480\":\"https:\\/\\/video.akamai.steamstatic.com\\/store_trailers\\/257220973\\/movie480.webm?t=1761336817\",\"max\":\"https:\\/\\/video.akamai.steamstatic.com\\/store_trailers\\/257220973\\/movie_max.webm?t=1761336817\"}', '{\"480\":\"https:\\/\\/video.akamai.steamstatic.com\\/store_trailers\\/257220973\\/movie480.mp4?t=1761336817\",\"max\":\"https:\\/\\/video.akamai.steamstatic.com\\/store_trailers\\/257220973\\/movie_max.mp4?t=1761336817\"}', 'https://video.akamai.steamstatic.com/store_trailers/1449110/869941871/5668ae9aa1c1ba98368404743b0eb86e5a3dd5f6/1761129815/dash_av1.mpd?t=1761336817', 'https://video.akamai.steamstatic.com/store_trailers/1449110/869941871/5668ae9aa1c1ba98368404743b0eb86e5a3dd5f6/1761129815/dash_h264.mpd?t=1761336817', 'https://video.akamai.steamstatic.com/store_trailers/1449110/869941871/5668ae9aa1c1ba98368404743b0eb86e5a3dd5f6/1761129815/hls_264_master.m3u8?t=1761336817', true, NOW(), NOW());
INSERT INTO game_media (game_id, media_id, name, thumbnail, webm, mp4, dash_av1, dash_h264, hls_h264, highlight, created_at, updated_at) VALUES (97, 257185464, 'Gamescom Trailer', 'https://shared.akamai.steamstatic.com/store_item_assets/steam/apps/257185464/736d452e23abfddbb7e91269444360c955fbde21/movie_600x337.jpg?t=1755640376', '{\"480\":\"https:\\/\\/video.akamai.steamstatic.com\\/store_trailers\\/257185464\\/movie480_vp9.webm?t=1755640376\",\"max\":\"https:\\/\\/video.akamai.steamstatic.com\\/store_trailers\\/257185464\\/movie_max_vp9.webm?t=1755640376\"}', '{\"480\":\"https:\\/\\/video.akamai.steamstatic.com\\/store_trailers\\/257185464\\/movie480.mp4?t=1755640376\",\"max\":\"https:\\/\\/video.akamai.steamstatic.com\\/store_trailers\\/257185464\\/movie_max.mp4?t=1755640376\"}', 'https://video.akamai.steamstatic.com/store_trailers/1449110/1709350528/7ba6dc92d23130e8f9d1bab456badb05453d9bac/1755614815/dash_av1.mpd?t=1755640376', 'https://video.akamai.steamstatic.com/store_trailers/1449110/1709350528/7ba6dc92d23130e8f9d1bab456badb05453d9bac/1755614815/dash_h264.mpd?t=1755640376', 'https://video.akamai.steamstatic.com/store_trailers/1449110/1709350528/7ba6dc92d23130e8f9d1bab456badb05453d9bac/1755614815/hls_264_master.m3u8?t=1755640376', true, NOW(), NOW());
INSERT INTO game_media (game_id, media_id, name, thumbnail, webm, mp4, dash_av1, dash_h264, hls_h264, highlight, created_at, updated_at) VALUES (97, 257153513, 'Story', 'https://shared.akamai.steamstatic.com/store_item_assets/steam/apps/257153513/42e33f2bd7a2be01290f081b7dc203b2f73b4452/movie_600x337.jpg?t=1749411919', '{\"480\":\"https:\\/\\/video.akamai.steamstatic.com\\/store_trailers\\/257153513\\/movie480_vp9.webm?t=1749411919\",\"max\":\"https:\\/\\/video.akamai.steamstatic.com\\/store_trailers\\/257153513\\/movie_max_vp9.webm?t=1749411919\"}', '{\"480\":\"https:\\/\\/video.akamai.steamstatic.com\\/store_trailers\\/257153513\\/movie480.mp4?t=1749411919\",\"max\":\"https:\\/\\/video.akamai.steamstatic.com\\/store_trailers\\/257153513\\/movie_max.mp4?t=1749411919\"}', 'https://video.akamai.steamstatic.com/store_trailers/1449110/1543940640/4edee98a6b97af2958e3fc768ef07204af0737eb/1750689839/dash_av1.mpd?t=1749411919', 'https://video.akamai.steamstatic.com/store_trailers/1449110/1543940640/4edee98a6b97af2958e3fc768ef07204af0737eb/1750689839/dash_h264.mpd?t=1749411919', 'https://video.akamai.steamstatic.com/store_trailers/1449110/1543940640/4edee98a6b97af2958e3fc768ef07204af0737eb/1750689839/hls_264_master.m3u8?t=1749411919', true, NOW(), NOW());
INSERT INTO game_media (game_id, media_id, name, thumbnail, webm, mp4, dash_av1, dash_h264, hls_h264, highlight, created_at, updated_at) VALUES (97, 257081556, 'The Game Awards', 'https://shared.akamai.steamstatic.com/store_item_assets/steam/apps/257081556/750264047853f84e1ab13459cbd82d449b73c2a3/movie_600x337.jpg?t=1734053869', '{\"480\":\"https:\\/\\/video.akamai.steamstatic.com\\/store_trailers\\/257081556\\/movie480_vp9.webm?t=1734053869\",\"max\":\"https:\\/\\/video.akamai.steamstatic.com\\/store_trailers\\/257081556\\/movie_max_vp9.webm?t=1734053869\"}', '{\"480\":\"https:\\/\\/video.akamai.steamstatic.com\\/store_trailers\\/257081556\\/movie480.mp4?t=1734053869\",\"max\":\"https:\\/\\/video.akamai.steamstatic.com\\/store_trailers\\/257081556\\/movie_max.mp4?t=1734053869\"}', 'https://video.akamai.steamstatic.com/store_trailers/1449110/799241/85a15a6b1f57368837b4f35dfef6fd5b39bd732c/1750689831/dash_av1.mpd?t=1734053869', 'https://video.akamai.steamstatic.com/store_trailers/1449110/799241/85a15a6b1f57368837b4f35dfef6fd5b39bd732c/1750689831/dash_h264.mpd?t=1734053869', 'https://video.akamai.steamstatic.com/store_trailers/1449110/799241/85a15a6b1f57368837b4f35dfef6fd5b39bd732c/1750689831/hls_264_master.m3u8?t=1734053869', true, NOW(), NOW());
INSERT INTO game_category (game_id, category_id, created_at, updated_at) VALUES (97, 39, NOW(), NOW());
INSERT INTO game_category (game_id, category_id, created_at, updated_at) VALUES (97, 41, NOW(), NOW());
INSERT INTO game_category (game_id, category_id, created_at, updated_at) VALUES (97, 13, NOW(), NOW());
INSERT INTO game_category (game_id, category_id, created_at, updated_at) VALUES (97, 45, NOW(), NOW());
INSERT INTO game_category (game_id, category_id, created_at, updated_at) VALUES (97, 11, NOW(), NOW());
INSERT INTO game_category (game_id, category_id, created_at, updated_at) VALUES (97, 1, NOW(), NOW());
INSERT INTO game_category (game_id, category_id, created_at, updated_at) VALUES (97, 35, NOW(), NOW());
INSERT INTO game_category (game_id, category_id, created_at, updated_at) VALUES (97, 49, NOW(), NOW());
INSERT INTO game_category (game_id, category_id, created_at, updated_at) VALUES (97, 50, NOW(), NOW());
INSERT INTO game_category (game_id, category_id, created_at, updated_at) VALUES (97, 51, NOW(), NOW());
INSERT INTO game_category (game_id, category_id, created_at, updated_at) VALUES (97, 42, NOW(), NOW());
INSERT INTO game_category (game_id, category_id, created_at, updated_at) VALUES (97, 40, NOW(), NOW());
INSERT INTO game_category (game_id, category_id, created_at, updated_at) VALUES (97, 12, NOW(), NOW());
INSERT INTO game_genre (game_id, genre_id, created_at, updated_at) VALUES (97, 1, NOW(), NOW());
INSERT INTO game_genre (game_id, genre_id, created_at, updated_at) VALUES (97, 2, NOW(), NOW());
INSERT INTO game_genre (game_id, genre_id, created_at, updated_at) VALUES (97, 14, NOW(), NOW());
INSERT INTO game_developer (game_id, developer_id, created_at, updated_at) VALUES (97, 71, NOW(), NOW());
INSERT INTO game_publisher (game_id, publisher_id, created_at, updated_at) VALUES (97, 85, NOW(), NOW());

-- Game #98: OnlySluts: WAIFU MATCH 💖
INSERT INTO games (id, steam_id, name, type, slug, short_description, required_age, is_free, have_dlc, icon, supported_languages, release_date, coming_soon, recommendations, achievements_count, positive_reviews, negative_reviews, total_reviews, positive_ratio, content_descriptors, is_active, created_at, updated_at) VALUES (98, 3962150, 'OnlySluts: WAIFU MATCH 💖', 'game', 'onlysluts-waifu-match', 'Become an intern at an adult magazine, filter sexy photos and flirt with colleagues in chat. Your choices unlock hot scenes, every waifu hides secrets… and yes, OnlySluts: WAIFU MATCH 💖 can be played with just one hand!', 0, false, false, 'https://shared.akamai.steamstatic.com/store_item_assets/steam/apps/3962150/f8f4e6bd4da930a1d188d444794c02fe06b25196/header.jpg?t=1761428137', '[\"English *\",\"French\",\"Italian\",\"German\",\"Spanish - Spain\",\"Arabic\",\"Bulgarian\",\"Vietnamese\",\"Greek\",\"Danish\",\"Simplified Chinese\",\"Traditional Chinese\",\"Korean\",\"Norwegian\",\"Dutch\",\"Polish\",\"Portuguese - Brazil\",\"Portuguese - Portugal\",\"Russian\",\"Romanian\",\"Thai\",\"Turkish\",\"Hungarian\",\"Ukrainian\",\"Finnish\",\"Czech\",\"Swedish\",\"Japanese\",\"Indonesian\",\"Spanish - Latin America * languages with full audio support\"]', '2025-10-25', false, 0, 27, 22, 10, 32, 0.688, '{\"ids\":[1,3,4,5],\"notes\":\"The game includes depictions of sexual acts, nudity, sex animations, and the use of sex toys, all portrayed graphically. All characters in the game are over the age of 18.\"}', true, NOW(), NOW());
INSERT INTO game_platforms (game_id, windows, mac, linux, created_at, updated_at) VALUES (98, true, false, false, NOW(), NOW());
INSERT INTO game_requirements (game_id, pc_requirements, mac_requirements, linux_requirements, created_at, updated_at) VALUES (98, 'Minimum: OS: Windows 10 or above Processor: Intel or AMD Memory: 8 GB RAM Graphics: Direct X compatible Storage: 2 GB available space', '', '', NOW(), NOW());
INSERT INTO game_community_ratings (game_id, toxicity_rate, cheater_rate, bug_rate, microtransaction_rate, bad_optimization_rate, not_recommended_rate, created_at, updated_at) VALUES (98, 0, 0, 0, 0.034, 0, 0.034, NOW(), NOW());
INSERT INTO game_media (game_id, media_id, name, thumbnail, webm, mp4, dash_av1, dash_h264, hls_h264, highlight, created_at, updated_at) VALUES (98, 257222427, 'OnlySluts: WAIFU MATCH 💖', 'https://shared.akamai.steamstatic.com/store_item_assets/steam/apps/257222427/8b1ba7356ff4a37671a7f8a43c4a3f6fd07188cc/movie_600x337.jpg?t=1761407571', '{\"480\":\"https:\\/\\/video.akamai.steamstatic.com\\/store_trailers\\/257222427\\/movie480.webm?t=1761407571\",\"max\":\"https:\\/\\/video.akamai.steamstatic.com\\/store_trailers\\/257222427\\/movie_max.webm?t=1761407571\"}', '{\"480\":\"https:\\/\\/video.akamai.steamstatic.com\\/store_trailers\\/257222427\\/movie480.mp4?t=1761407571\",\"max\":\"https:\\/\\/video.akamai.steamstatic.com\\/store_trailers\\/257222427\\/movie_max.mp4?t=1761407571\"}', 'https://video.akamai.steamstatic.com/store_trailers/3962150/1509106814/7d8f47c5425bc18707d6ce24570306153921c144/1761387396/dash_av1.mpd?t=1761407571', 'https://video.akamai.steamstatic.com/store_trailers/3962150/1509106814/7d8f47c5425bc18707d6ce24570306153921c144/1761387396/dash_h264.mpd?t=1761407571', 'https://video.akamai.steamstatic.com/store_trailers/3962150/1509106814/7d8f47c5425bc18707d6ce24570306153921c144/1761387396/hls_264_master.m3u8?t=1761407571', true, NOW(), NOW());
INSERT INTO game_category (game_id, category_id, created_at, updated_at) VALUES (98, 39, NOW(), NOW());
INSERT INTO game_category (game_id, category_id, created_at, updated_at) VALUES (98, 41, NOW(), NOW());
INSERT INTO game_category (game_id, category_id, created_at, updated_at) VALUES (98, 12, NOW(), NOW());
INSERT INTO game_genre (game_id, genre_id, created_at, updated_at) VALUES (98, 5, NOW(), NOW());
INSERT INTO game_genre (game_id, genre_id, created_at, updated_at) VALUES (98, 11, NOW(), NOW());
INSERT INTO game_genre (game_id, genre_id, created_at, updated_at) VALUES (98, 16, NOW(), NOW());
INSERT INTO game_developer (game_id, developer_id, created_at, updated_at) VALUES (98, 30, NOW(), NOW());
INSERT INTO game_publisher (game_id, publisher_id, created_at, updated_at) VALUES (98, 25, NOW(), NOW());

-- Game #99: The Walking Dead: The Telltale Definitive Series
INSERT INTO games (id, steam_id, name, type, slug, short_description, required_age, is_free, have_dlc, icon, supported_languages, release_date, coming_soon, recommendations, achievements_count, positive_reviews, negative_reviews, total_reviews, positive_ratio, content_descriptors, is_active, created_at, updated_at) VALUES (99, 1449690, 'The Walking Dead: The Telltale Definitive Series', 'game', 'the-walking-dead-the-telltale-definitive-series', 'The Walking Dead: The Telltale Definitive Series contains all 4 Seasons, 400 Days, and The Walking Dead: Michonne, which includes over 50 hours of gameplay across 23 unique episodes.', 18, false, false, 'https://shared.akamai.steamstatic.com/store_item_assets/steam/apps/1449690/f37defb395a66a5f8ddd851093c04faf0624e6f0/header_alt_assets_0.jpg?t=1760651835', '[\"English *\",\"French\",\"Italian\",\"German\",\"Spanish - Spain\",\"Portuguese - Brazil\",\"Russian\",\"Simplified Chinese\",\"Traditional Chinese * languages with full audio support\"]', '2020-10-29', false, 25865, 23, 257, 43, 300, 0.857, '{\"ids\":[2,5],\"notes\":\"The game contains strong language and scenes of violence, gore, and horror in an apocalypse setting.\"}', true, NOW(), NOW());
INSERT INTO game_platforms (game_id, windows, mac, linux, created_at, updated_at) VALUES (99, true, false, false, NOW(), NOW());
INSERT INTO game_requirements (game_id, pc_requirements, mac_requirements, linux_requirements, created_at, updated_at) VALUES (99, 'Minimum: Requires a 64-bit processor and operating system OS *: Windows 7 64Bit Service Pack 1 Processor: Intel Core 2 Duo 2.8GHz Memory: 3 GB RAM Graphics: Nvidia GeForce GTS 450 2GB DirectX: Version 11 Storage: 45 GB available space Sound Card: DirectX 11 sound device', 'Minimum:', 'Minimum:', NOW(), NOW());
INSERT INTO game_community_ratings (game_id, toxicity_rate, cheater_rate, bug_rate, microtransaction_rate, bad_optimization_rate, not_recommended_rate, created_at, updated_at) VALUES (99, 0, 0, 0, 0, 0, 0.003, NOW(), NOW());
INSERT INTO game_media (game_id, media_id, name, thumbnail, webm, mp4, dash_av1, dash_h264, hls_h264, highlight, created_at, updated_at) VALUES (99, 256807400, 'The Walking Dead: The Telltale Definitive Series - trailer', 'https://shared.akamai.steamstatic.com/store_item_assets/steam/apps/256807400/movie.293x165.jpg?t=1608055118', '{\"480\":\"https:\\/\\/video.akamai.steamstatic.com\\/store_trailers\\/256807400\\/movie480_vp9.webm?t=1608055118\",\"max\":\"https:\\/\\/video.akamai.steamstatic.com\\/store_trailers\\/256807400\\/movie_max_vp9.webm?t=1608055118\"}', '{\"480\":\"https:\\/\\/video.akamai.steamstatic.com\\/store_trailers\\/256807400\\/movie480.mp4?t=1608055118\",\"max\":\"https:\\/\\/video.akamai.steamstatic.com\\/store_trailers\\/256807400\\/movie_max.mp4?t=1608055118\"}', 'https://video.akamai.steamstatic.com/store_trailers/1449690/323087/9f6178b56f02564042e8169bce9aa64e13a016e3/1750689981/dash_av1.mpd?t=1608055118', 'https://video.akamai.steamstatic.com/store_trailers/1449690/323087/9f6178b56f02564042e8169bce9aa64e13a016e3/1750689981/dash_h264.mpd?t=1608055118', 'https://video.akamai.steamstatic.com/store_trailers/1449690/323087/9f6178b56f02564042e8169bce9aa64e13a016e3/1750689981/hls_264_master.m3u8?t=1608055118', true, NOW(), NOW());
INSERT INTO game_category (game_id, category_id, created_at, updated_at) VALUES (99, 39, NOW(), NOW());
INSERT INTO game_category (game_id, category_id, created_at, updated_at) VALUES (99, 41, NOW(), NOW());
INSERT INTO game_category (game_id, category_id, created_at, updated_at) VALUES (99, 13, NOW(), NOW());
INSERT INTO game_category (game_id, category_id, created_at, updated_at) VALUES (99, 12, NOW(), NOW());
INSERT INTO game_genre (game_id, genre_id, created_at, updated_at) VALUES (99, 2, NOW(), NOW());
INSERT INTO game_developer (game_id, developer_id, created_at, updated_at) VALUES (99, 90, NOW(), NOW());
INSERT INTO game_publisher (game_id, publisher_id, created_at, updated_at) VALUES (99, 71, NOW(), NOW());

-- Game #100: Titanfall® 2
INSERT INTO games (id, steam_id, name, type, slug, short_description, required_age, is_free, have_dlc, icon, supported_languages, release_date, coming_soon, recommendations, achievements_count, positive_reviews, negative_reviews, total_reviews, positive_ratio, content_descriptors, is_active, created_at, updated_at) VALUES (100, 1237970, 'Titanfall® 2', 'game', 'titanfall-2', 'Respawn Entertainment gives you the most advanced titan technology in its new, single player campaign &amp; multiplayer experience. Combine &amp; conquer with new titans &amp; pilots, deadlier weapons, &amp; customization and progression systems that help you and your titan flow as one unstoppable killing force.', 0, false, true, 'https://shared.akamai.steamstatic.com/store_item_assets/steam/apps/1237970/header.jpg?t=1726160226', '[\"English *\",\"French *\",\"Italian *\",\"German *\",\"Spanish - Spain *\",\"Polish *\",\"Portuguese - Portugal *\",\"Russian *\",\"Spanish - Latin America *\",\"Traditional Chinese * * languages with full audio support\"]', '2020-06-18', false, 234995, 50, 223, 77, 300, 0.743, '{\"ids\":[2,5],\"notes\":null}', true, NOW(), NOW());
INSERT INTO game_platforms (game_id, windows, mac, linux, created_at, updated_at) VALUES (100, true, false, false, NOW(), NOW());
INSERT INTO game_requirements (game_id, pc_requirements, mac_requirements, linux_requirements, created_at, updated_at) VALUES (100, 'Minimum: Requires a 64-bit processor and operating system OS *: Win 7/8/8.1/10 64bit Processor: Intel Core i3-6300t or equivalent [4 or more hardware threads] Memory: 8 GB RAM Graphics: NVIDIA Geforce GTX 660 2GB or AMD Radeon HD 7850 2GB DirectX: Version 11 Storage: 45 GB available space', 'Minimum:', 'Minimum:', NOW(), NOW());
INSERT INTO game_community_ratings (game_id, toxicity_rate, cheater_rate, bug_rate, microtransaction_rate, bad_optimization_rate, not_recommended_rate, created_at, updated_at) VALUES (100, 0.019, 0.036, 0.022, 0.003, 0.032, 0.021, NOW(), NOW());
INSERT INTO game_media (game_id, media_id, name, thumbnail, webm, mp4, dash_av1, dash_h264, hls_h264, highlight, created_at, updated_at) VALUES (100, 256789141, 'Ultimate Edition Trailer', 'https://shared.akamai.steamstatic.com/store_item_assets/steam/apps/256789141/movie.293x165.jpg?t=1592506505', '{\"480\":\"https:\\/\\/video.akamai.steamstatic.com\\/store_trailers\\/256789141\\/movie480_vp9.webm?t=1592506505\",\"max\":\"https:\\/\\/video.akamai.steamstatic.com\\/store_trailers\\/256789141\\/movie_max_vp9.webm?t=1592506505\"}', '{\"480\":\"https:\\/\\/video.akamai.steamstatic.com\\/store_trailers\\/256789141\\/movie480.mp4?t=1592506505\",\"max\":\"https:\\/\\/video.akamai.steamstatic.com\\/store_trailers\\/256789141\\/movie_max.mp4?t=1592506505\"}', 'https://video.akamai.steamstatic.com/store_trailers/1237970/292237/0984f8bd2d62e190c763cef85a909e030afd1b88/1750647686/dash_av1.mpd?t=1592506505', 'https://video.akamai.steamstatic.com/store_trailers/1237970/292237/0984f8bd2d62e190c763cef85a909e030afd1b88/1750647686/dash_h264.mpd?t=1592506505', 'https://video.akamai.steamstatic.com/store_trailers/1237970/292237/0984f8bd2d62e190c763cef85a909e030afd1b88/1750647686/hls_264_master.m3u8?t=1592506505', true, NOW(), NOW());
INSERT INTO game_media (game_id, media_id, name, thumbnail, webm, mp4, dash_av1, dash_h264, hls_h264, highlight, created_at, updated_at) VALUES (100, 256789725, 'Multiplayer Gameplay', 'https://shared.akamai.steamstatic.com/store_item_assets/steam/apps/256789725/movie.293x165.jpg?t=1592506485', '{\"480\":\"https:\\/\\/video.akamai.steamstatic.com\\/store_trailers\\/256789725\\/movie480_vp9.webm?t=1592506485\",\"max\":\"https:\\/\\/video.akamai.steamstatic.com\\/store_trailers\\/256789725\\/movie_max_vp9.webm?t=1592506485\"}', '{\"480\":\"https:\\/\\/video.akamai.steamstatic.com\\/store_trailers\\/256789725\\/movie480.mp4?t=1592506485\",\"max\":\"https:\\/\\/video.akamai.steamstatic.com\\/store_trailers\\/256789725\\/movie_max.mp4?t=1592506485\"}', 'https://video.akamai.steamstatic.com/store_trailers/1237970/293105/1108ca5c5d1c6f88fa10bd284c8492ca4a675ed8/1750647701/dash_av1.mpd?t=1592506485', 'https://video.akamai.steamstatic.com/store_trailers/1237970/293105/1108ca5c5d1c6f88fa10bd284c8492ca4a675ed8/1750647701/dash_h264.mpd?t=1592506485', 'https://video.akamai.steamstatic.com/store_trailers/1237970/293105/1108ca5c5d1c6f88fa10bd284c8492ca4a675ed8/1750647701/hls_264_master.m3u8?t=1592506485', true, NOW(), NOW());
INSERT INTO game_media (game_id, media_id, name, thumbnail, webm, mp4, dash_av1, dash_h264, hls_h264, highlight, created_at, updated_at) VALUES (100, 256789445, 'Single Player Gameplay Trailer', 'https://shared.akamai.steamstatic.com/store_item_assets/steam/apps/256789445/movie.293x165.jpg?t=1592506495', '{\"480\":\"https:\\/\\/video.akamai.steamstatic.com\\/store_trailers\\/256789445\\/movie480_vp9.webm?t=1592506495\",\"max\":\"https:\\/\\/video.akamai.steamstatic.com\\/store_trailers\\/256789445\\/movie_max_vp9.webm?t=1592506495\"}', '{\"480\":\"https:\\/\\/video.akamai.steamstatic.com\\/store_trailers\\/256789445\\/movie480.mp4?t=1592506495\",\"max\":\"https:\\/\\/video.akamai.steamstatic.com\\/store_trailers\\/256789445\\/movie_max.mp4?t=1592506495\"}', 'https://video.akamai.steamstatic.com/store_trailers/1237970/292708/32de53e648d8280b21f3b8e0721421dd8bf7c9fe/1750647699/dash_av1.mpd?t=1592506495', 'https://video.akamai.steamstatic.com/store_trailers/1237970/292708/32de53e648d8280b21f3b8e0721421dd8bf7c9fe/1750647699/dash_h264.mpd?t=1592506495', 'https://video.akamai.steamstatic.com/store_trailers/1237970/292708/32de53e648d8280b21f3b8e0721421dd8bf7c9fe/1750647699/hls_264_master.m3u8?t=1592506495', true, NOW(), NOW());
INSERT INTO game_media (game_id, media_id, name, thumbnail, webm, mp4, dash_av1, dash_h264, hls_h264, highlight, created_at, updated_at) VALUES (100, 256789812, 'Frontier Shield Gameplay', 'https://shared.akamai.steamstatic.com/store_item_assets/steam/apps/256789812/movie.293x165.jpg?t=1592510686', '{\"480\":\"https:\\/\\/video.akamai.steamstatic.com\\/store_trailers\\/256789812\\/movie480_vp9.webm?t=1592510686\",\"max\":\"https:\\/\\/video.akamai.steamstatic.com\\/store_trailers\\/256789812\\/movie_max_vp9.webm?t=1592510686\"}', '{\"480\":\"https:\\/\\/video.akamai.steamstatic.com\\/store_trailers\\/256789812\\/movie480.mp4?t=1592510686\",\"max\":\"https:\\/\\/video.akamai.steamstatic.com\\/store_trailers\\/256789812\\/movie_max.mp4?t=1592510686\"}', 'https://video.akamai.steamstatic.com/store_trailers/1237970/293227/c2d57a731b978ba07a1b0ef17f4fdbcad8297e83/1750647721/dash_av1.mpd?t=1592510686', 'https://video.akamai.steamstatic.com/store_trailers/1237970/293227/c2d57a731b978ba07a1b0ef17f4fdbcad8297e83/1750647721/dash_h264.mpd?t=1592510686', 'https://video.akamai.steamstatic.com/store_trailers/1237970/293227/c2d57a731b978ba07a1b0ef17f4fdbcad8297e83/1750647721/hls_264_master.m3u8?t=1592510686', true, NOW(), NOW());
INSERT INTO game_media (game_id, media_id, name, thumbnail, webm, mp4, dash_av1, dash_h264, hls_h264, highlight, created_at, updated_at) VALUES (100, 256789135, 'Single Player Cinematic', 'https://shared.akamai.steamstatic.com/store_item_assets/steam/apps/256789135/movie.293x165.jpg?t=1592506514', '{\"480\":\"https:\\/\\/video.akamai.steamstatic.com\\/store_trailers\\/256789135\\/movie480_vp9.webm?t=1592506514\",\"max\":\"https:\\/\\/video.akamai.steamstatic.com\\/store_trailers\\/256789135\\/movie_max_vp9.webm?t=1592506514\"}', '{\"480\":\"https:\\/\\/video.akamai.steamstatic.com\\/store_trailers\\/256789135\\/movie480.mp4?t=1592506514\",\"max\":\"https:\\/\\/video.akamai.steamstatic.com\\/store_trailers\\/256789135\\/movie_max.mp4?t=1592506514\"}', 'https://video.akamai.steamstatic.com/store_trailers/1237970/292227/b4a501042d30a16f16d3f3aa4a36c39ccbe5d294/1750648846/dash_av1.mpd?t=1592506514', 'https://video.akamai.steamstatic.com/store_trailers/1237970/292227/b4a501042d30a16f16d3f3aa4a36c39ccbe5d294/1750648846/dash_h264.mpd?t=1592506514', 'https://video.akamai.steamstatic.com/store_trailers/1237970/292227/b4a501042d30a16f16d3f3aa4a36c39ccbe5d294/1750648846/hls_264_master.m3u8?t=1592506514', true, NOW(), NOW());
INSERT INTO game_media (game_id, media_id, name, thumbnail, webm, mp4, dash_av1, dash_h264, hls_h264, highlight, created_at, updated_at) VALUES (100, 256787686, 'Titanfall 2 Trailer 1', 'https://shared.akamai.steamstatic.com/store_item_assets/steam/apps/256787686/movie.293x165.jpg?t=1592506523', '{\"480\":\"https:\\/\\/video.akamai.steamstatic.com\\/store_trailers\\/256787686\\/movie480_vp9.webm?t=1592506523\",\"max\":\"https:\\/\\/video.akamai.steamstatic.com\\/store_trailers\\/256787686\\/movie_max_vp9.webm?t=1592506523\"}', '{\"480\":\"https:\\/\\/video.akamai.steamstatic.com\\/store_trailers\\/256787686\\/movie480.mp4?t=1592506523\",\"max\":\"https:\\/\\/video.akamai.steamstatic.com\\/store_trailers\\/256787686\\/movie_max.mp4?t=1592506523\"}', 'https://video.akamai.steamstatic.com/store_trailers/1237970/289983/c0da37a65d91b18a655753a6222ffec177883738/1750647675/dash_av1.mpd?t=1592506523', 'https://video.akamai.steamstatic.com/store_trailers/1237970/289983/c0da37a65d91b18a655753a6222ffec177883738/1750647675/dash_h264.mpd?t=1592506523', 'https://video.akamai.steamstatic.com/store_trailers/1237970/289983/c0da37a65d91b18a655753a6222ffec177883738/1750647675/hls_264_master.m3u8?t=1592506523', true, NOW(), NOW());
INSERT INTO game_category (game_id, category_id, created_at, updated_at) VALUES (100, 39, NOW(), NOW());
INSERT INTO game_category (game_id, category_id, created_at, updated_at) VALUES (100, 24, NOW(), NOW());
INSERT INTO game_category (game_id, category_id, created_at, updated_at) VALUES (100, 30, NOW(), NOW());
INSERT INTO game_category (game_id, category_id, created_at, updated_at) VALUES (100, 27, NOW(), NOW());
INSERT INTO game_category (game_id, category_id, created_at, updated_at) VALUES (100, 41, NOW(), NOW());
INSERT INTO game_category (game_id, category_id, created_at, updated_at) VALUES (100, 13, NOW(), NOW());
INSERT INTO game_category (game_id, category_id, created_at, updated_at) VALUES (100, 45, NOW(), NOW());
INSERT INTO game_category (game_id, category_id, created_at, updated_at) VALUES (100, 32, NOW(), NOW());
INSERT INTO game_category (game_id, category_id, created_at, updated_at) VALUES (100, 34, NOW(), NOW());
INSERT INTO game_category (game_id, category_id, created_at, updated_at) VALUES (100, 33, NOW(), NOW());
INSERT INTO game_genre (game_id, genre_id, created_at, updated_at) VALUES (100, 1, NOW(), NOW());
INSERT INTO game_developer (game_id, developer_id, created_at, updated_at) VALUES (100, 84, NOW(), NOW());
INSERT INTO game_publisher (game_id, publisher_id, created_at, updated_at) VALUES (100, 26, NOW(), NOW());

-- Game #101: MISERY
INSERT INTO games (id, steam_id, name, type, slug, short_description, required_age, is_free, have_dlc, icon, supported_languages, release_date, coming_soon, recommendations, achievements_count, positive_reviews, negative_reviews, total_reviews, positive_ratio, content_descriptors, is_active, created_at, updated_at) VALUES (101, 2119830, 'MISERY', 'game', 'misery', 'MISERY is a 1–5 player co-op survival game set in a nuclear disaster zone. Here, every day is a struggle: search radioactive ruins for resources, build your bunker, craft weapons, and explore a weird, procedurally-generated world with your friends. Beware of anomalies, monsters, and armed bandits.', 0, false, true, 'https://shared.akamai.steamstatic.com/store_item_assets/steam/apps/2119830/f4aa2f3b4b352f7f373026fe592d32eef2c72fce/header.jpg?t=1761312340', '[\"English *\",\"Russian *\",\"French *\",\"Italian *\",\"German *\",\"Spanish - Spain *\",\"Japanese *\",\"Korean *\",\"Polish *\",\"Portuguese - Brazil *\",\"Portuguese - Portugal *\",\"Simplified Chinese *\",\"Spanish - Latin America *\",\"Traditional Chinese *\",\"Turkish *\",\"Ukrainian * * languages with full audio support\"]', '2025-10-23', false, 2494, 0, 139, 161, 300, 0.463, '{\"ids\":[],\"notes\":null}', true, NOW(), NOW());
INSERT INTO game_platforms (game_id, windows, mac, linux, created_at, updated_at) VALUES (101, true, false, false, NOW(), NOW());
INSERT INTO game_requirements (game_id, pc_requirements, mac_requirements, linux_requirements, created_at, updated_at) VALUES (101, 'Minimum: Requires a 64-bit processor and operating system OS: Widows 10 (64-bit) Processor: Intel Core i3 3240 CPU Memory: 8 GB RAM Graphics: NVIDIA GForce GTX 1650 DirectX: Version 11 Storage: 7 GB available space', 'Minimum:', 'Minimum:', NOW(), NOW());
INSERT INTO game_community_ratings (game_id, toxicity_rate, cheater_rate, bug_rate, microtransaction_rate, bad_optimization_rate, not_recommended_rate, created_at, updated_at) VALUES (101, 0.031, 0.033, 0.053, 0.01, 0.063, 0.138, NOW(), NOW());
INSERT INTO game_media (game_id, media_id, name, thumbnail, webm, mp4, dash_av1, dash_h264, hls_h264, highlight, created_at, updated_at) VALUES (101, 257169795, 'Official Trailer', 'https://shared.akamai.steamstatic.com/store_item_assets/steam/apps/257169795/2c38dd9ff4c6b225be010337ee899b5722289935/movie_600x337.jpg?t=1752686299', '{\"480\":\"https:\\/\\/video.akamai.steamstatic.com\\/store_trailers\\/257169795\\/movie480_vp9.webm?t=1752686299\",\"max\":\"https:\\/\\/video.akamai.steamstatic.com\\/store_trailers\\/257169795\\/movie_max_vp9.webm?t=1752686299\"}', '{\"480\":\"https:\\/\\/video.akamai.steamstatic.com\\/store_trailers\\/257169795\\/movie480.mp4?t=1752686299\",\"max\":\"https:\\/\\/video.akamai.steamstatic.com\\/store_trailers\\/257169795\\/movie_max.mp4?t=1752686299\"}', 'https://video.akamai.steamstatic.com/store_trailers/2119830/580278209/d9a50a17aa65302d5e93d40131f21ffa121c9e4f/1752682667/dash_av1.mpd?t=1752686299', 'https://video.akamai.steamstatic.com/store_trailers/2119830/580278209/d9a50a17aa65302d5e93d40131f21ffa121c9e4f/1752682667/dash_h264.mpd?t=1752686299', 'https://video.akamai.steamstatic.com/store_trailers/2119830/580278209/d9a50a17aa65302d5e93d40131f21ffa121c9e4f/1752682667/hls_264_master.m3u8?t=1752686299', true, NOW(), NOW());
INSERT INTO game_media (game_id, media_id, name, thumbnail, webm, mp4, dash_av1, dash_h264, hls_h264, highlight, created_at, updated_at) VALUES (101, 257221759, 'MISERY - OFFICIAL RELEASE TRAILER', 'https://shared.akamai.steamstatic.com/store_item_assets/steam/apps/257221759/15fd8381fc5c93ad7b0fa3288239bd275bf188db/movie_600x337.jpg?t=1761250170', '{\"480\":\"https:\\/\\/video.akamai.steamstatic.com\\/store_trailers\\/257221759\\/movie480.webm?t=1761250170\",\"max\":\"https:\\/\\/video.akamai.steamstatic.com\\/store_trailers\\/257221759\\/movie_max.webm?t=1761250170\"}', '{\"480\":\"https:\\/\\/video.akamai.steamstatic.com\\/store_trailers\\/257221759\\/movie480.mp4?t=1761250170\",\"max\":\"https:\\/\\/video.akamai.steamstatic.com\\/store_trailers\\/257221759\\/movie_max.mp4?t=1761250170\"}', 'https://video.akamai.steamstatic.com/store_trailers/2119830/1678303654/190034e4ae2bdd7e05364a03bcfe833f59120f83/1761241212/dash_av1.mpd?t=1761250170', 'https://video.akamai.steamstatic.com/store_trailers/2119830/1678303654/190034e4ae2bdd7e05364a03bcfe833f59120f83/1761241212/dash_h264.mpd?t=1761250170', 'https://video.akamai.steamstatic.com/store_trailers/2119830/1678303654/190034e4ae2bdd7e05364a03bcfe833f59120f83/1761241212/hls_264_master.m3u8?t=1761250170', false, NOW(), NOW());
INSERT INTO game_category (game_id, category_id, created_at, updated_at) VALUES (101, 39, NOW(), NOW());
INSERT INTO game_category (game_id, category_id, created_at, updated_at) VALUES (101, 24, NOW(), NOW());
INSERT INTO game_category (game_id, category_id, created_at, updated_at) VALUES (101, 7, NOW(), NOW());
INSERT INTO game_category (game_id, category_id, created_at, updated_at) VALUES (101, 26, NOW(), NOW());
INSERT INTO game_category (game_id, category_id, created_at, updated_at) VALUES (101, 20, NOW(), NOW());
INSERT INTO game_category (game_id, category_id, created_at, updated_at) VALUES (101, 11, NOW(), NOW());
INSERT INTO game_category (game_id, category_id, created_at, updated_at) VALUES (101, 19, NOW(), NOW());
INSERT INTO game_category (game_id, category_id, created_at, updated_at) VALUES (101, 23, NOW(), NOW());
INSERT INTO game_category (game_id, category_id, created_at, updated_at) VALUES (101, 29, NOW(), NOW());
INSERT INTO game_category (game_id, category_id, created_at, updated_at) VALUES (101, 35, NOW(), NOW());
INSERT INTO game_category (game_id, category_id, created_at, updated_at) VALUES (101, 49, NOW(), NOW());
INSERT INTO game_category (game_id, category_id, created_at, updated_at) VALUES (101, 51, NOW(), NOW());
INSERT INTO game_category (game_id, category_id, created_at, updated_at) VALUES (101, 12, NOW(), NOW());
INSERT INTO game_genre (game_id, genre_id, created_at, updated_at) VALUES (101, 1, NOW(), NOW());
INSERT INTO game_genre (game_id, genre_id, created_at, updated_at) VALUES (101, 2, NOW(), NOW());
INSERT INTO game_genre (game_id, genre_id, created_at, updated_at) VALUES (101, 11, NOW(), NOW());
INSERT INTO game_genre (game_id, genre_id, created_at, updated_at) VALUES (101, 12, NOW(), NOW());
INSERT INTO game_genre (game_id, genre_id, created_at, updated_at) VALUES (101, 16, NOW(), NOW());
INSERT INTO game_developer (game_id, developer_id, created_at, updated_at) VALUES (101, 74, NOW(), NOW());
INSERT INTO game_publisher (game_id, publisher_id, created_at, updated_at) VALUES (101, 86, NOW(), NOW());

-- Game #102: VEIN
INSERT INTO games (id, steam_id, name, type, slug, short_description, required_age, is_free, have_dlc, icon, supported_languages, release_date, coming_soon, recommendations, achievements_count, positive_reviews, negative_reviews, total_reviews, positive_ratio, content_descriptors, is_active, created_at, updated_at) VALUES (102, 1857950, 'VEIN', 'game', 'vein', 'VEIN is a post-apocalyptic survival multiplayer sandbox game. Gather supplies to survive, explore abandoned buildings, defend your home, and rebuild society, whether alone or with friends.', 0, false, true, 'https://shared.akamai.steamstatic.com/store_item_assets/steam/apps/1857950/header.jpg?t=1761318054', '[\"English * * languages with full audio support\"]', '2025-10-24', false, 754, 0, 215, 85, 300, 0.717, '{\"ids\":[2,5],\"notes\":\"Violence, drug and alcohol use.\"}', true, NOW(), NOW());
INSERT INTO game_platforms (game_id, windows, mac, linux, created_at, updated_at) VALUES (102, true, false, true, NOW(), NOW());
INSERT INTO game_requirements (game_id, pc_requirements, mac_requirements, linux_requirements, created_at, updated_at) VALUES (102, 'Minimum: Requires a 64-bit processor and operating system OS: Windows 10 Memory: 12 GB RAM Graphics: NVIDIA RTX 2060 or equivalent DirectX: Version 12 Storage: 60 GB available space', 'Minimum:', 'Minimum: Memory: 12 GB RAM Graphics: NVIDIA RTX 2060 or equivalent Network: Broadband Internet connection Storage: 60 GB available space', NOW(), NOW());
INSERT INTO game_community_ratings (game_id, toxicity_rate, cheater_rate, bug_rate, microtransaction_rate, bad_optimization_rate, not_recommended_rate, created_at, updated_at) VALUES (102, 0.003, 0, 0.003, 0, 0.012, 0.027, NOW(), NOW());
INSERT INTO game_media (game_id, media_id, name, thumbnail, webm, mp4, dash_av1, dash_h264, hls_h264, highlight, created_at, updated_at) VALUES (102, 257141682, 'TRAILER 1', 'https://shared.akamai.steamstatic.com/store_item_assets/steam/apps/257141682/b0a2f5870d11b68ed62253292caeb31b712aedd1/movie_600x337.jpg?t=1747668173', '{\"480\":\"https:\\/\\/video.akamai.steamstatic.com\\/store_trailers\\/257141682\\/movie480_vp9.webm?t=1747668173\",\"max\":\"https:\\/\\/video.akamai.steamstatic.com\\/store_trailers\\/257141682\\/movie_max_vp9.webm?t=1747668173\"}', '{\"480\":\"https:\\/\\/video.akamai.steamstatic.com\\/store_trailers\\/257141682\\/movie480.mp4?t=1747668173\",\"max\":\"https:\\/\\/video.akamai.steamstatic.com\\/store_trailers\\/257141682\\/movie_max.mp4?t=1747668173\"}', 'https://video.akamai.steamstatic.com/store_trailers/1857950/857006810/7fb3676a05f8500bfa24b0ff57fe16a49f62e004/1751039254/dash_av1.mpd?t=1747668173', 'https://video.akamai.steamstatic.com/store_trailers/1857950/857006810/7fb3676a05f8500bfa24b0ff57fe16a49f62e004/1751039254/dash_h264.mpd?t=1747668173', 'https://video.akamai.steamstatic.com/store_trailers/1857950/857006810/7fb3676a05f8500bfa24b0ff57fe16a49f62e004/1751039254/hls_264_master.m3u8?t=1747668173', true, NOW(), NOW());
INSERT INTO game_category (game_id, category_id, created_at, updated_at) VALUES (102, 39, NOW(), NOW());
INSERT INTO game_category (game_id, category_id, created_at, updated_at) VALUES (102, 24, NOW(), NOW());
INSERT INTO game_category (game_id, category_id, created_at, updated_at) VALUES (102, 30, NOW(), NOW());
INSERT INTO game_category (game_id, category_id, created_at, updated_at) VALUES (102, 27, NOW(), NOW());
INSERT INTO game_category (game_id, category_id, created_at, updated_at) VALUES (102, 7, NOW(), NOW());
INSERT INTO game_category (game_id, category_id, created_at, updated_at) VALUES (102, 26, NOW(), NOW());
INSERT INTO game_category (game_id, category_id, created_at, updated_at) VALUES (102, 2, NOW(), NOW());
INSERT INTO game_category (game_id, category_id, created_at, updated_at) VALUES (102, 3, NOW(), NOW());
INSERT INTO game_category (game_id, category_id, created_at, updated_at) VALUES (102, 11, NOW(), NOW());
INSERT INTO game_category (game_id, category_id, created_at, updated_at) VALUES (102, 1, NOW(), NOW());
INSERT INTO game_category (game_id, category_id, created_at, updated_at) VALUES (102, 35, NOW(), NOW());
INSERT INTO game_category (game_id, category_id, created_at, updated_at) VALUES (102, 49, NOW(), NOW());
INSERT INTO game_category (game_id, category_id, created_at, updated_at) VALUES (102, 51, NOW(), NOW());
INSERT INTO game_category (game_id, category_id, created_at, updated_at) VALUES (102, 42, NOW(), NOW());
INSERT INTO game_category (game_id, category_id, created_at, updated_at) VALUES (102, 12, NOW(), NOW());
INSERT INTO game_genre (game_id, genre_id, created_at, updated_at) VALUES (102, 1, NOW(), NOW());
INSERT INTO game_genre (game_id, genre_id, created_at, updated_at) VALUES (102, 14, NOW(), NOW());
INSERT INTO game_genre (game_id, genre_id, created_at, updated_at) VALUES (102, 16, NOW(), NOW());
INSERT INTO game_genre (game_id, genre_id, created_at, updated_at) VALUES (102, 7, NOW(), NOW());
INSERT INTO game_developer (game_id, developer_id, created_at, updated_at) VALUES (102, 79, NOW(), NOW());
INSERT INTO game_publisher (game_id, publisher_id, created_at, updated_at) VALUES (102, 63, NOW(), NOW());

-- Game #103: The Outlast Trials
INSERT INTO games (id, steam_id, name, type, slug, short_description, required_age, is_free, have_dlc, icon, supported_languages, release_date, coming_soon, recommendations, achievements_count, positive_reviews, negative_reviews, total_reviews, positive_ratio, content_descriptors, is_active, created_at, updated_at) VALUES (103, 1304930, 'The Outlast Trials', 'game', 'the-outlast-trials', 'Red Barrels invites you to experience mind-numbing terror, this time with friends. Whether you go through the trials alone or in teams, if you survive long enough and complete the therapy, Murkoff will happily let you leave… but will you be the same?', 0, false, true, 'https://shared.akamai.steamstatic.com/store_item_assets/steam/apps/1304930/87eafb777f99903a131b8b1f4ac8508193cb3371/header.jpg?t=1761062162', '[\"English *\",\"French *\",\"Italian\",\"German\",\"Spanish - Spain\",\"Japanese\",\"Korean\",\"Polish\",\"Portuguese - Brazil\",\"Russian\",\"Simplified Chinese\",\"Spanish - Latin America\",\"Turkish\",\"Traditional Chinese * languages with full audio support\"]', '2024-03-05', false, 62973, 27, 187, 113, 300, 0.623, '{\"ids\":[1,2,5],\"notes\":\"This Game may contain content not appropriate for all ages, or may not be appropriate for viewing at work: Frequent Violence or Gore, General Mature Content, Nudity\"}', true, NOW(), NOW());
INSERT INTO game_platforms (game_id, windows, mac, linux, created_at, updated_at) VALUES (103, true, false, false, NOW(), NOW());
INSERT INTO game_requirements (game_id, pc_requirements, mac_requirements, linux_requirements, created_at, updated_at) VALUES (103, 'Minimum: Requires a 64-bit processor and operating system OS: Windows 10 Processor: Intel Core i7-3770 or AMD Ryzen 5 1400 Memory: 8 GB RAM Graphics: NVIDIA GeForce GTX 650 Ti, 2 GB or Radeon R7 360, 2 GB or Intel Arc A310, 4GB DirectX: Version 11 Network: Broadband Internet connection Storage: 40 GB available space Additional Notes: Low 720p @ 30 FPS, DX11, Ray Tracing OFF', 'Minimum:', 'Minimum:', NOW(), NOW());
INSERT INTO game_community_ratings (game_id, toxicity_rate, cheater_rate, bug_rate, microtransaction_rate, bad_optimization_rate, not_recommended_rate, created_at, updated_at) VALUES (103, 0.049, 0.043, 0.008, 0.02, 0.012, 0.063, NOW(), NOW());
INSERT INTO game_media (game_id, media_id, name, thumbnail, webm, mp4, dash_av1, dash_h264, hls_h264, highlight, created_at, updated_at) VALUES (103, 257220550, 'Invasion Trailer', 'https://shared.akamai.steamstatic.com/store_item_assets/steam/apps/257220550/166f98a6aaf8263ded96fa8cea71e1ac5232dc26/movie_600x337.jpg?t=1761062159', '{\"480\":\"https:\\/\\/video.akamai.steamstatic.com\\/store_trailers\\/257220550\\/movie480.webm?t=1761062159\",\"max\":\"https:\\/\\/video.akamai.steamstatic.com\\/store_trailers\\/257220550\\/movie_max.webm?t=1761062159\"}', '{\"480\":\"https:\\/\\/video.akamai.steamstatic.com\\/store_trailers\\/257220550\\/movie480.mp4?t=1761062159\",\"max\":\"https:\\/\\/video.akamai.steamstatic.com\\/store_trailers\\/257220550\\/movie_max.mp4?t=1761062159\"}', 'https://video.akamai.steamstatic.com/store_trailers/1304930/1863728347/8b6d05744124a100e9e7ba9dc1718d19b917a416/1761060125/dash_av1.mpd?t=1761062159', 'https://video.akamai.steamstatic.com/store_trailers/1304930/1863728347/8b6d05744124a100e9e7ba9dc1718d19b917a416/1761060125/dash_h264.mpd?t=1761062159', 'https://video.akamai.steamstatic.com/store_trailers/1304930/1863728347/8b6d05744124a100e9e7ba9dc1718d19b917a416/1761060125/hls_264_master.m3u8?t=1761062159', true, NOW(), NOW());
INSERT INTO game_media (game_id, media_id, name, thumbnail, webm, mp4, dash_av1, dash_h264, hls_h264, highlight, created_at, updated_at) VALUES (103, 257015646, 'The Outlast Trials - Accolades Trailer', 'https://shared.akamai.steamstatic.com/store_item_assets/steam/apps/257015646/movie.293x165.jpg?t=1719519011', '{\"480\":\"https:\\/\\/video.akamai.steamstatic.com\\/store_trailers\\/257015646\\/movie480_vp9.webm?t=1719519011\",\"max\":\"https:\\/\\/video.akamai.steamstatic.com\\/store_trailers\\/257015646\\/movie_max_vp9.webm?t=1719519011\"}', '{\"480\":\"https:\\/\\/video.akamai.steamstatic.com\\/store_trailers\\/257015646\\/movie480.mp4?t=1719519011\",\"max\":\"https:\\/\\/video.akamai.steamstatic.com\\/store_trailers\\/257015646\\/movie_max.mp4?t=1719519011\"}', 'https://video.akamai.steamstatic.com/store_trailers/1304930/686943/d69c881cf5c0097bddd1020d0d95c5c5b6910d7c/1750671232/dash_av1.mpd?t=1719519011', 'https://video.akamai.steamstatic.com/store_trailers/1304930/686943/d69c881cf5c0097bddd1020d0d95c5c5b6910d7c/1750671232/dash_h264.mpd?t=1719519011', 'https://video.akamai.steamstatic.com/store_trailers/1304930/686943/d69c881cf5c0097bddd1020d0d95c5c5b6910d7c/1750671232/hls_264_master.m3u8?t=1719519011', true, NOW(), NOW());
INSERT INTO game_media (game_id, media_id, name, thumbnail, webm, mp4, dash_av1, dash_h264, hls_h264, highlight, created_at, updated_at) VALUES (103, 257005515, 'The Outlast Trials - 101 Launch Trailer', 'https://shared.akamai.steamstatic.com/store_item_assets/steam/apps/257005515/movie.293x165.jpg?t=1709677967', '{\"480\":\"https:\\/\\/video.akamai.steamstatic.com\\/store_trailers\\/257005515\\/movie480_vp9.webm?t=1709677967\",\"max\":\"https:\\/\\/video.akamai.steamstatic.com\\/store_trailers\\/257005515\\/movie_max_vp9.webm?t=1709677967\"}', '{\"480\":\"https:\\/\\/video.akamai.steamstatic.com\\/store_trailers\\/257005515\\/movie480.mp4?t=1709677967\",\"max\":\"https:\\/\\/video.akamai.steamstatic.com\\/store_trailers\\/257005515\\/movie_max.mp4?t=1709677967\"}', 'https://video.akamai.steamstatic.com/store_trailers/1304930/670473/d3c99617a6db5c16b793f97bfa2cfc1e2ee7948e/1750671230/dash_av1.mpd?t=1709677967', 'https://video.akamai.steamstatic.com/store_trailers/1304930/670473/d3c99617a6db5c16b793f97bfa2cfc1e2ee7948e/1750671230/dash_h264.mpd?t=1709677967', 'https://video.akamai.steamstatic.com/store_trailers/1304930/670473/d3c99617a6db5c16b793f97bfa2cfc1e2ee7948e/1750671230/hls_264_master.m3u8?t=1709677967', true, NOW(), NOW());
INSERT INTO game_media (game_id, media_id, name, thumbnail, webm, mp4, dash_av1, dash_h264, hls_h264, highlight, created_at, updated_at) VALUES (103, 257004870, 'The Outlast Trials - Villains Trailer', 'https://shared.akamai.steamstatic.com/store_item_assets/steam/apps/257004870/movie.293x165.jpg?t=1709650048', '{\"480\":\"https:\\/\\/video.akamai.steamstatic.com\\/store_trailers\\/257004870\\/movie480_vp9.webm?t=1709650048\",\"max\":\"https:\\/\\/video.akamai.steamstatic.com\\/store_trailers\\/257004870\\/movie_max_vp9.webm?t=1709650048\"}', '{\"480\":\"https:\\/\\/video.akamai.steamstatic.com\\/store_trailers\\/257004870\\/movie480.mp4?t=1709650048\",\"max\":\"https:\\/\\/video.akamai.steamstatic.com\\/store_trailers\\/257004870\\/movie_max.mp4?t=1709650048\"}', 'https://video.akamai.steamstatic.com/store_trailers/1304930/669296/4117b0f870351f9ee26a9fee0a4b337c6ffa4e9c/1750672408/dash_av1.mpd?t=1709650048', 'https://video.akamai.steamstatic.com/store_trailers/1304930/669296/4117b0f870351f9ee26a9fee0a4b337c6ffa4e9c/1750672408/dash_h264.mpd?t=1709650048', 'https://video.akamai.steamstatic.com/store_trailers/1304930/669296/4117b0f870351f9ee26a9fee0a4b337c6ffa4e9c/1750672408/hls_264_master.m3u8?t=1709650048', true, NOW(), NOW());
INSERT INTO game_media (game_id, media_id, name, thumbnail, webm, mp4, dash_av1, dash_h264, hls_h264, highlight, created_at, updated_at) VALUES (103, 256947686, 'The Outlast Trials - Early Access Trailer', 'https://shared.akamai.steamstatic.com/store_item_assets/steam/apps/256947686/movie.293x165.jpg?t=1684432006', '{\"480\":\"https:\\/\\/video.akamai.steamstatic.com\\/store_trailers\\/256947686\\/movie480_vp9.webm?t=1684432006\",\"max\":\"https:\\/\\/video.akamai.steamstatic.com\\/store_trailers\\/256947686\\/movie_max_vp9.webm?t=1684432006\"}', '{\"480\":\"https:\\/\\/video.akamai.steamstatic.com\\/store_trailers\\/256947686\\/movie480.mp4?t=1684432006\",\"max\":\"https:\\/\\/video.akamai.steamstatic.com\\/store_trailers\\/256947686\\/movie_max.mp4?t=1684432006\"}', 'https://video.akamai.steamstatic.com/store_trailers/1304930/569245/0a2d36106007173d7928516d38ec0c4ca4da58d4/1750671229/dash_av1.mpd?t=1684432006', 'https://video.akamai.steamstatic.com/store_trailers/1304930/569245/0a2d36106007173d7928516d38ec0c4ca4da58d4/1750671229/dash_h264.mpd?t=1684432006', 'https://video.akamai.steamstatic.com/store_trailers/1304930/569245/0a2d36106007173d7928516d38ec0c4ca4da58d4/1750671229/hls_264_master.m3u8?t=1684432006', true, NOW(), NOW());
INSERT INTO game_media (game_id, media_id, name, thumbnail, webm, mp4, dash_av1, dash_h264, hls_h264, highlight, created_at, updated_at) VALUES (103, 256902318, 'The Outlast Trials - Closed Beta Trailer | Gamescom 2022', 'https://shared.akamai.steamstatic.com/store_item_assets/steam/apps/256902318/movie.293x165.jpg?t=1661363597', '{\"480\":\"https:\\/\\/video.akamai.steamstatic.com\\/store_trailers\\/256902318\\/movie480_vp9.webm?t=1661363597\",\"max\":\"https:\\/\\/video.akamai.steamstatic.com\\/store_trailers\\/256902318\\/movie_max_vp9.webm?t=1661363597\"}', '{\"480\":\"https:\\/\\/video.akamai.steamstatic.com\\/store_trailers\\/256902318\\/movie480.mp4?t=1661363597\",\"max\":\"https:\\/\\/video.akamai.steamstatic.com\\/store_trailers\\/256902318\\/movie_max.mp4?t=1661363597\"}', 'https://video.akamai.steamstatic.com/store_trailers/1304930/490194/896bee06bdada0972fc685e2e418dabbd05f68e5/1750671223/dash_av1.mpd?t=1661363597', 'https://video.akamai.steamstatic.com/store_trailers/1304930/490194/896bee06bdada0972fc685e2e418dabbd05f68e5/1750671223/dash_h264.mpd?t=1661363597', 'https://video.akamai.steamstatic.com/store_trailers/1304930/490194/896bee06bdada0972fc685e2e418dabbd05f68e5/1750671223/hls_264_master.m3u8?t=1661363597', true, NOW(), NOW());
INSERT INTO game_media (game_id, media_id, name, thumbnail, webm, mp4, dash_av1, dash_h264, hls_h264, highlight, created_at, updated_at) VALUES (103, 256848799, 'The Outlast Trials Gameplay Reveal | Gamescom 2021', 'https://shared.akamai.steamstatic.com/store_item_assets/steam/apps/256848799/movie.293x165.jpg?t=1629989989', '{\"480\":\"https:\\/\\/video.akamai.steamstatic.com\\/store_trailers\\/256848799\\/movie480_vp9.webm?t=1629989989\",\"max\":\"https:\\/\\/video.akamai.steamstatic.com\\/store_trailers\\/256848799\\/movie_max_vp9.webm?t=1629989989\"}', '{\"480\":\"https:\\/\\/video.akamai.steamstatic.com\\/store_trailers\\/256848799\\/movie480.mp4?t=1629989989\",\"max\":\"https:\\/\\/video.akamai.steamstatic.com\\/store_trailers\\/256848799\\/movie_max.mp4?t=1629989989\"}', 'https://video.akamai.steamstatic.com/store_trailers/1304930/396143/b21ed7ef6755174dd00c7576050923a201e82e00/1750671217/dash_av1.mpd?t=1629989989', 'https://video.akamai.steamstatic.com/store_trailers/1304930/396143/b21ed7ef6755174dd00c7576050923a201e82e00/1750671217/dash_h264.mpd?t=1629989989', 'https://video.akamai.steamstatic.com/store_trailers/1304930/396143/b21ed7ef6755174dd00c7576050923a201e82e00/1750671217/hls_264_master.m3u8?t=1629989989', true, NOW(), NOW());
INSERT INTO game_media (game_id, media_id, name, thumbnail, webm, mp4, dash_av1, dash_h264, hls_h264, highlight, created_at, updated_at) VALUES (103, 256787374, 'The Outlast Trials Teaser', 'https://shared.akamai.steamstatic.com/store_item_assets/steam/apps/256787374/movie.293x165.jpg?t=1592088509', '{\"480\":\"https:\\/\\/video.akamai.steamstatic.com\\/store_trailers\\/256787374\\/movie480_vp9.webm?t=1592088509\",\"max\":\"https:\\/\\/video.akamai.steamstatic.com\\/store_trailers\\/256787374\\/movie_max_vp9.webm?t=1592088509\"}', '{\"480\":\"https:\\/\\/video.akamai.steamstatic.com\\/store_trailers\\/256787374\\/movie480.mp4?t=1592088509\",\"max\":\"https:\\/\\/video.akamai.steamstatic.com\\/store_trailers\\/256787374\\/movie_max.mp4?t=1592088509\"}', 'https://video.akamai.steamstatic.com/store_trailers/1304930/289421/e856f3be876dda58bf927ae684faec1b9339333e/1750671212/dash_av1.mpd?t=1592088509', 'https://video.akamai.steamstatic.com/store_trailers/1304930/289421/e856f3be876dda58bf927ae684faec1b9339333e/1750671212/dash_h264.mpd?t=1592088509', 'https://video.akamai.steamstatic.com/store_trailers/1304930/289421/e856f3be876dda58bf927ae684faec1b9339333e/1750671212/hls_264_master.m3u8?t=1592088509', true, NOW(), NOW());
INSERT INTO game_category (game_id, category_id, created_at, updated_at) VALUES (103, 39, NOW(), NOW());
INSERT INTO game_category (game_id, category_id, created_at, updated_at) VALUES (103, 24, NOW(), NOW());
INSERT INTO game_category (game_id, category_id, created_at, updated_at) VALUES (103, 7, NOW(), NOW());
INSERT INTO game_category (game_id, category_id, created_at, updated_at) VALUES (103, 26, NOW(), NOW());
INSERT INTO game_category (game_id, category_id, created_at, updated_at) VALUES (103, 13, NOW(), NOW());
INSERT INTO game_category (game_id, category_id, created_at, updated_at) VALUES (103, 12, NOW(), NOW());
INSERT INTO game_genre (game_id, genre_id, created_at, updated_at) VALUES (103, 1, NOW(), NOW());
INSERT INTO game_genre (game_id, genre_id, created_at, updated_at) VALUES (103, 2, NOW(), NOW());
INSERT INTO game_genre (game_id, genre_id, created_at, updated_at) VALUES (103, 11, NOW(), NOW());
INSERT INTO game_developer (game_id, developer_id, created_at, updated_at) VALUES (103, 82, NOW(), NOW());
INSERT INTO game_publisher (game_id, publisher_id, created_at, updated_at) VALUES (103, 65, NOW(), NOW());

-- Game #104: Sekiro™: Shadows Die Twice - GOTY Edition
INSERT INTO games (id, steam_id, name, type, slug, short_description, required_age, is_free, have_dlc, icon, supported_languages, release_date, coming_soon, recommendations, achievements_count, positive_reviews, negative_reviews, total_reviews, positive_ratio, content_descriptors, is_active, created_at, updated_at) VALUES (104, 814380, 'Sekiro™: Shadows Die Twice - GOTY Edition', 'game', 'sekiro-shadows-die-twice-goty-edition', 'Game of the Year - The Game Awards 2019 Best Action Game of 2019 - IGN Carve your own clever path to vengeance in the award winning adventure from developer FromSoftware, creators of Bloodborne and the Dark Souls series. Take Revenge. Restore Your Honor. Kill Ingeniously.', 17, false, false, 'https://shared.akamai.steamstatic.com/store_item_assets/steam/apps/814380/header.jpg?t=1754933982', '[\"English *\",\"French *\",\"Italian *\",\"German *\",\"Spanish - Spain *\",\"Japanese *\",\"Korean\",\"Polish\",\"Russian\",\"Simplified Chinese\",\"Thai\",\"Traditional Chinese\",\"Portuguese - Brazil * languages with full audio support\"]', '2019-03-21', false, 244294, 34, 243, 57, 300, 0.81, '{\"ids\":[2,5],\"notes\":null}', true, NOW(), NOW());
INSERT INTO game_platforms (game_id, windows, mac, linux, created_at, updated_at) VALUES (104, true, false, false, NOW(), NOW());
INSERT INTO game_requirements (game_id, pc_requirements, mac_requirements, linux_requirements, created_at, updated_at) VALUES (104, 'Minimum: OS *: Windows 7 64-bit | Windows 8 64-bit | Windows 10 64-bit Processor: Intel Core i3-2100 | AMD FX-6300 Memory: 4 GB RAM Graphics: NVIDIA GeForce GTX 760 | AMD Radeon HD 7950 DirectX: Version 11 Network: Broadband Internet connection Storage: 25 GB available space Sound Card: DirectX 11 Compatible', '', '', NOW(), NOW());
INSERT INTO game_community_ratings (game_id, toxicity_rate, cheater_rate, bug_rate, microtransaction_rate, bad_optimization_rate, not_recommended_rate, created_at, updated_at) VALUES (104, 0, 0, 0.003, 0, 0, 0.017, NOW(), NOW());
INSERT INTO game_media (game_id, media_id, name, thumbnail, webm, mp4, dash_av1, dash_h264, hls_h264, highlight, created_at, updated_at) VALUES (104, 256806899, 'Sekiro™: Shadows Die Twice - Game of the Year Edition', 'https://shared.akamai.steamstatic.com/store_item_assets/steam/apps/256806899/movie.293x165.jpg?t=1603837979', '{\"480\":\"https:\\/\\/video.akamai.steamstatic.com\\/store_trailers\\/256806899\\/movie480_vp9.webm?t=1603837979\",\"max\":\"https:\\/\\/video.akamai.steamstatic.com\\/store_trailers\\/256806899\\/movie_max_vp9.webm?t=1603837979\"}', '{\"480\":\"https:\\/\\/video.akamai.steamstatic.com\\/store_trailers\\/256806899\\/movie480.mp4?t=1603837979\",\"max\":\"https:\\/\\/video.akamai.steamstatic.com\\/store_trailers\\/256806899\\/movie_max.mp4?t=1603837979\"}', 'https://video.akamai.steamstatic.com/store_trailers/814380/322401/63cf1fdf9c16536f04b08a5b1939909f7a99a340/1750586450/dash_av1.mpd?t=1603837979', 'https://video.akamai.steamstatic.com/store_trailers/814380/322401/63cf1fdf9c16536f04b08a5b1939909f7a99a340/1750586450/dash_h264.mpd?t=1603837979', 'https://video.akamai.steamstatic.com/store_trailers/814380/322401/63cf1fdf9c16536f04b08a5b1939909f7a99a340/1750586450/hls_264_master.m3u8?t=1603837979', true, NOW(), NOW());
INSERT INTO game_media (game_id, media_id, name, thumbnail, webm, mp4, dash_av1, dash_h264, hls_h264, highlight, created_at, updated_at) VALUES (104, 256770769, 'Sekiro: Shadows Die Twice - Accolades Trailer', 'https://shared.akamai.steamstatic.com/store_item_assets/steam/apps/256770769/movie.293x165.jpg?t=1576898083', '{\"480\":\"https:\\/\\/video.akamai.steamstatic.com\\/store_trailers\\/256770769\\/movie480.webm?t=1576898083\",\"max\":\"https:\\/\\/video.akamai.steamstatic.com\\/store_trailers\\/256770769\\/movie_max.webm?t=1576898083\"}', '{\"480\":\"https:\\/\\/video.akamai.steamstatic.com\\/store_trailers\\/256770769\\/movie480.mp4?t=1576898083\",\"max\":\"https:\\/\\/video.akamai.steamstatic.com\\/store_trailers\\/256770769\\/movie_max.mp4?t=1576898083\"}', 'https://video.akamai.steamstatic.com/store_trailers/814380/258713/980f4296ce65afd30dae955677b95c54fb7f0aa5/1750586418/dash_av1.mpd?t=1576898083', 'https://video.akamai.steamstatic.com/store_trailers/814380/258713/980f4296ce65afd30dae955677b95c54fb7f0aa5/1750586418/dash_h264.mpd?t=1576898083', 'https://video.akamai.steamstatic.com/store_trailers/814380/258713/980f4296ce65afd30dae955677b95c54fb7f0aa5/1750586418/hls_264_master.m3u8?t=1576898083', true, NOW(), NOW());
INSERT INTO game_media (game_id, media_id, name, thumbnail, webm, mp4, dash_av1, dash_h264, hls_h264, highlight, created_at, updated_at) VALUES (104, 256745700, 'Sekiro: Shadows Die Twice - Gameplay 101 Trailer', 'https://shared.akamai.steamstatic.com/store_item_assets/steam/apps/256745700/movie.293x165.jpg?t=1553549458', '{\"480\":\"https:\\/\\/video.akamai.steamstatic.com\\/store_trailers\\/256745700\\/movie480.webm?t=1553549458\",\"max\":\"https:\\/\\/video.akamai.steamstatic.com\\/store_trailers\\/256745700\\/movie_max.webm?t=1553549458\"}', '{\"480\":\"https:\\/\\/video.akamai.steamstatic.com\\/store_trailers\\/256745700\\/movie480.mp4?t=1553549458\",\"max\":\"https:\\/\\/video.akamai.steamstatic.com\\/store_trailers\\/256745700\\/movie_max.mp4?t=1553549458\"}', 'https://video.akamai.steamstatic.com/store_trailers/814380/214066/8028d7d95132f516fe298ed58b88905e2a33757c/1750586397/dash_av1.mpd?t=1553549458', 'https://video.akamai.steamstatic.com/store_trailers/814380/214066/8028d7d95132f516fe298ed58b88905e2a33757c/1750586397/dash_h264.mpd?t=1553549458', 'https://video.akamai.steamstatic.com/store_trailers/814380/214066/8028d7d95132f516fe298ed58b88905e2a33757c/1750586397/hls_264_master.m3u8?t=1553549458', true, NOW(), NOW());
INSERT INTO game_media (game_id, media_id, name, thumbnail, webm, mp4, dash_av1, dash_h264, hls_h264, highlight, created_at, updated_at) VALUES (104, 256745081, 'Sekiro: Shadows Die Twice - Launch Trailer', 'https://shared.akamai.steamstatic.com/store_item_assets/steam/apps/256745081/movie.293x165.jpg?t=1553549470', '{\"480\":\"https:\\/\\/video.akamai.steamstatic.com\\/store_trailers\\/256745081\\/movie480.webm?t=1553549470\",\"max\":\"https:\\/\\/video.akamai.steamstatic.com\\/store_trailers\\/256745081\\/movie_max.webm?t=1553549470\"}', '{\"480\":\"https:\\/\\/video.akamai.steamstatic.com\\/store_trailers\\/256745081\\/movie480.mp4?t=1553549470\",\"max\":\"https:\\/\\/video.akamai.steamstatic.com\\/store_trailers\\/256745081\\/movie_max.mp4?t=1553549470\"}', 'https://video.akamai.steamstatic.com/store_trailers/814380/212986/8ba6fe8bdcdc79872f903015b5d52e1121c1fdee/1750586380/dash_av1.mpd?t=1553549470', 'https://video.akamai.steamstatic.com/store_trailers/814380/212986/8ba6fe8bdcdc79872f903015b5d52e1121c1fdee/1750586380/dash_h264.mpd?t=1553549470', 'https://video.akamai.steamstatic.com/store_trailers/814380/212986/8ba6fe8bdcdc79872f903015b5d52e1121c1fdee/1750586380/hls_264_master.m3u8?t=1553549470', true, NOW(), NOW());
INSERT INTO game_media (game_id, media_id, name, thumbnail, webm, mp4, dash_av1, dash_h264, hls_h264, highlight, created_at, updated_at) VALUES (104, 256742444, 'Sekiro: Shadows Die Twice - Story Trailer', 'https://shared.akamai.steamstatic.com/store_item_assets/steam/apps/256742444/movie.293x165.jpg?t=1553549486', '{\"480\":\"https:\\/\\/video.akamai.steamstatic.com\\/store_trailers\\/256742444\\/movie480.webm?t=1553549486\",\"max\":\"https:\\/\\/video.akamai.steamstatic.com\\/store_trailers\\/256742444\\/movie_max.webm?t=1553549486\"}', '{\"480\":\"https:\\/\\/video.akamai.steamstatic.com\\/store_trailers\\/256742444\\/movie480.mp4?t=1553549486\",\"max\":\"https:\\/\\/video.akamai.steamstatic.com\\/store_trailers\\/256742444\\/movie_max.mp4?t=1553549486\"}', 'https://video.akamai.steamstatic.com/store_trailers/814380/208295/ced2c5a3207e2bb3e6c8551ee51398cf0c53006d/1750586369/dash_av1.mpd?t=1553549486', 'https://video.akamai.steamstatic.com/store_trailers/814380/208295/ced2c5a3207e2bb3e6c8551ee51398cf0c53006d/1750586369/dash_h264.mpd?t=1553549486', 'https://video.akamai.steamstatic.com/store_trailers/814380/208295/ced2c5a3207e2bb3e6c8551ee51398cf0c53006d/1750586369/hls_264_master.m3u8?t=1553549486', true, NOW(), NOW());
INSERT INTO game_media (game_id, media_id, name, thumbnail, webm, mp4, dash_av1, dash_h264, hls_h264, highlight, created_at, updated_at) VALUES (104, 256729567, 'Sekiro: Shadows Die Twice - TGS Trailer', 'https://shared.akamai.steamstatic.com/store_item_assets/steam/apps/256729567/movie.293x165.jpg?t=1553549495', '{\"480\":\"https:\\/\\/video.akamai.steamstatic.com\\/store_trailers\\/256729567\\/movie480.webm?t=1553549495\",\"max\":\"https:\\/\\/video.akamai.steamstatic.com\\/store_trailers\\/256729567\\/movie_max.webm?t=1553549495\"}', '{\"480\":\"https:\\/\\/video.akamai.steamstatic.com\\/store_trailers\\/256729567\\/movie480.mp4?t=1553549495\",\"max\":\"https:\\/\\/video.akamai.steamstatic.com\\/store_trailers\\/256729567\\/movie_max.mp4?t=1553549495\"}', 'https://video.akamai.steamstatic.com/store_trailers/814380/185727/d2ba3d91663b45dccc2a39daa4ba58ade28dc19b/1750586361/dash_av1.mpd?t=1553549495', 'https://video.akamai.steamstatic.com/store_trailers/814380/185727/d2ba3d91663b45dccc2a39daa4ba58ade28dc19b/1750586361/dash_h264.mpd?t=1553549495', 'https://video.akamai.steamstatic.com/store_trailers/814380/185727/d2ba3d91663b45dccc2a39daa4ba58ade28dc19b/1750586361/hls_264_master.m3u8?t=1553549495', true, NOW(), NOW());
INSERT INTO game_media (game_id, media_id, name, thumbnail, webm, mp4, dash_av1, dash_h264, hls_h264, highlight, created_at, updated_at) VALUES (104, 256724898, 'Sekiro: Shadows Die Twice - Reveal Trailer', 'https://shared.akamai.steamstatic.com/store_item_assets/steam/apps/256724898/movie.293x165.jpg?t=1553099552', '{\"480\":\"https:\\/\\/video.akamai.steamstatic.com\\/store_trailers\\/256724898\\/movie480.webm?t=1553099552\",\"max\":\"https:\\/\\/video.akamai.steamstatic.com\\/store_trailers\\/256724898\\/movie_max.webm?t=1553099552\"}', '{\"480\":\"https:\\/\\/video.akamai.steamstatic.com\\/store_trailers\\/256724898\\/movie480.mp4?t=1553099552\",\"max\":\"https:\\/\\/video.akamai.steamstatic.com\\/store_trailers\\/256724898\\/movie_max.mp4?t=1553099552\"}', 'https://video.akamai.steamstatic.com/store_trailers/814380/177655/9624840b4a264feb3cfd8fc8957e72aa9fab9978/1750586355/dash_av1.mpd?t=1553099552', 'https://video.akamai.steamstatic.com/store_trailers/814380/177655/9624840b4a264feb3cfd8fc8957e72aa9fab9978/1750586355/dash_h264.mpd?t=1553099552', 'https://video.akamai.steamstatic.com/store_trailers/814380/177655/9624840b4a264feb3cfd8fc8957e72aa9fab9978/1750586355/hls_264_master.m3u8?t=1553099552', true, NOW(), NOW());
INSERT INTO game_category (game_id, category_id, created_at, updated_at) VALUES (104, 39, NOW(), NOW());
INSERT INTO game_category (game_id, category_id, created_at, updated_at) VALUES (104, 41, NOW(), NOW());
INSERT INTO game_category (game_id, category_id, created_at, updated_at) VALUES (104, 13, NOW(), NOW());
INSERT INTO game_category (game_id, category_id, created_at, updated_at) VALUES (104, 45, NOW(), NOW());
INSERT INTO game_category (game_id, category_id, created_at, updated_at) VALUES (104, 42, NOW(), NOW());
INSERT INTO game_category (game_id, category_id, created_at, updated_at) VALUES (104, 34, NOW(), NOW());
INSERT INTO game_category (game_id, category_id, created_at, updated_at) VALUES (104, 33, NOW(), NOW());
INSERT INTO game_category (game_id, category_id, created_at, updated_at) VALUES (104, 12, NOW(), NOW());
INSERT INTO game_genre (game_id, genre_id, created_at, updated_at) VALUES (104, 1, NOW(), NOW());
INSERT INTO game_genre (game_id, genre_id, created_at, updated_at) VALUES (104, 2, NOW(), NOW());
INSERT INTO game_developer (game_id, developer_id, created_at, updated_at) VALUES (104, 41, NOW(), NOW());
INSERT INTO game_publisher (game_id, publisher_id, created_at, updated_at) VALUES (104, 3, NOW(), NOW());
INSERT INTO game_publisher (game_id, publisher_id, created_at, updated_at) VALUES (104, 33, NOW(), NOW());
INSERT INTO game_publisher (game_id, publisher_id, created_at, updated_at) VALUES (104, 90, NOW(), NOW());

-- Game #105: Cities: Skylines
INSERT INTO games (id, steam_id, name, type, slug, short_description, required_age, is_free, have_dlc, icon, supported_languages, release_date, coming_soon, recommendations, achievements_count, positive_reviews, negative_reviews, total_reviews, positive_ratio, content_descriptors, is_active, created_at, updated_at) VALUES (105, 255710, 'Cities: Skylines', 'game', 'cities-skylines', 'Cities: Skylines is a modern take on the classic city simulation. The game introduces new game play elements to realize the thrill and hardships of creating and maintaining a real city whilst expanding on some well-established tropes of the city building experience.', 0, false, true, 'https://shared.akamai.steamstatic.com/store_item_assets/steam/apps/255710/header.jpg?t=1758712642', '[\"English\",\"French\",\"German\",\"Spanish - Spain\",\"Polish\",\"Portuguese - Brazil\",\"Russian\",\"Simplified Chinese\",\"Korean\"]', '2015-03-10', false, 210546, 127, 132, 168, 300, 0.44, '{\"ids\":[],\"notes\":null}', true, NOW(), NOW());
INSERT INTO game_platforms (game_id, windows, mac, linux, created_at, updated_at) VALUES (105, true, true, true, NOW(), NOW());
INSERT INTO game_requirements (game_id, pc_requirements, mac_requirements, linux_requirements, created_at, updated_at) VALUES (105, 'Minimum: Requires a 64-bit processor and operating system OS: Windows® 10 Home 64 Bit Processor: Intel® Core™ I7 930 | AMD® FX 6350 Memory: 8 GB RAM Graphics: Nvidia® GeForce™ GTS 450 (1 GB) | AMD® R7 250 (2 GB) | Intel Iris Xe G7 (Tiger Lake) DirectX: Version 9.0c Network: Broadband Internet connection Storage: 4 GB available space', 'Minimum: OS: OS X 10.11 (64-bit) Processor: Intel Core 2 Duo, 3.0GHz Memory: 6 GB RAM Graphics: nVIDIA GeForce GTX 260, 512 MB or ATI Radeon HD 5670, 512 MB (Does not support Intel Integrated Graphics Cards) Network: Broadband Internet connection Storage: 4 GB available space', 'Minimum: OS: Ubuntu 12.04 (64-bit) Processor: Intel Core 2 Duo, 3.0GHz or AMD Athlon 64 X2 6400+, 3.2GHz Memory: 6 GB RAM Graphics: nVIDIA GeForce GTX 260, 512 MB or ATI Radeon HD 5670, 512 MB (Does not support Intel Integrated Graphics Cards) Network: Broadband Internet connection Storage: 4 GB available space', NOW(), NOW());
INSERT INTO game_community_ratings (game_id, toxicity_rate, cheater_rate, bug_rate, microtransaction_rate, bad_optimization_rate, not_recommended_rate, created_at, updated_at) VALUES (105, 0, 0, 0, 0.018, 0.003, 0.007, NOW(), NOW());
INSERT INTO game_media (game_id, media_id, name, thumbnail, webm, mp4, dash_av1, dash_h264, hls_h264, highlight, created_at, updated_at) VALUES (105, 256785384, 'Trailer 2020', 'https://shared.akamai.steamstatic.com/store_item_assets/steam/apps/256785384/movie.293x165.jpg?t=1589550020', '{\"480\":\"https:\\/\\/video.akamai.steamstatic.com\\/store_trailers\\/256785384\\/movie480_vp9.webm?t=1589550020\",\"max\":\"https:\\/\\/video.akamai.steamstatic.com\\/store_trailers\\/256785384\\/movie_max_vp9.webm?t=1589550020\"}', '{\"480\":\"https:\\/\\/video.akamai.steamstatic.com\\/store_trailers\\/256785384\\/movie480.mp4?t=1589550020\",\"max\":\"https:\\/\\/video.akamai.steamstatic.com\\/store_trailers\\/256785384\\/movie_max.mp4?t=1589550020\"}', 'https://video.akamai.steamstatic.com/store_trailers/255710/285736/c6d0fd84c7635300ea7ce0ca9222840f47fe228d/1750489550/dash_av1.mpd?t=1589550020', 'https://video.akamai.steamstatic.com/store_trailers/255710/285736/c6d0fd84c7635300ea7ce0ca9222840f47fe228d/1750489550/dash_h264.mpd?t=1589550020', 'https://video.akamai.steamstatic.com/store_trailers/255710/285736/c6d0fd84c7635300ea7ce0ca9222840f47fe228d/1750489550/hls_264_master.m3u8?t=1589550020', true, NOW(), NOW());
INSERT INTO game_category (game_id, category_id, created_at, updated_at) VALUES (105, 39, NOW(), NOW());
INSERT INTO game_category (game_id, category_id, created_at, updated_at) VALUES (105, 41, NOW(), NOW());
INSERT INTO game_category (game_id, category_id, created_at, updated_at) VALUES (105, 45, NOW(), NOW());
INSERT INTO game_category (game_id, category_id, created_at, updated_at) VALUES (105, 47, NOW(), NOW());
INSERT INTO game_category (game_id, category_id, created_at, updated_at) VALUES (105, 42, NOW(), NOW());
INSERT INTO game_category (game_id, category_id, created_at, updated_at) VALUES (105, 18, NOW(), NOW());
INSERT INTO game_category (game_id, category_id, created_at, updated_at) VALUES (105, 34, NOW(), NOW());
INSERT INTO game_category (game_id, category_id, created_at, updated_at) VALUES (105, 12, NOW(), NOW());
INSERT INTO game_genre (game_id, genre_id, created_at, updated_at) VALUES (105, 16, NOW(), NOW());
INSERT INTO game_genre (game_id, genre_id, created_at, updated_at) VALUES (105, 18, NOW(), NOW());
INSERT INTO game_developer (game_id, developer_id, created_at, updated_at) VALUES (105, 24, NOW(), NOW());
INSERT INTO game_publisher (game_id, publisher_id, created_at, updated_at) VALUES (105, 57, NOW(), NOW());

-- Game #106: Satisfactory
INSERT INTO games (id, steam_id, name, type, slug, short_description, required_age, is_free, have_dlc, icon, supported_languages, release_date, coming_soon, recommendations, achievements_count, positive_reviews, negative_reviews, total_reviews, positive_ratio, content_descriptors, is_active, created_at, updated_at) VALUES (106, 526870, 'Satisfactory', 'game', 'satisfactory', 'Satisfactory is a first-person open-world factory building game with a dash of exploration and combat. Play alone or with friends, explore an alien planet, create multi-story factories, and enter conveyor belt heaven!', 0, false, true, 'https://shared.akamai.steamstatic.com/store_item_assets/steam/apps/526870/header.jpg?t=1749717464', '[\"English *\",\"French\",\"Italian\",\"German\",\"Spanish - Spain\",\"Japanese\",\"Korean\",\"Polish\",\"Portuguese - Brazil\",\"Russian\",\"Simplified Chinese\",\"Traditional Chinese\",\"Ukrainian * languages with full audio support\"]', '2024-09-10', false, 208751, 44, 245, 55, 300, 0.817, '{\"ids\":[],\"notes\":null}', true, NOW(), NOW());
INSERT INTO game_platforms (game_id, windows, mac, linux, created_at, updated_at) VALUES (106, true, false, false, NOW(), NOW());
INSERT INTO game_requirements (game_id, pc_requirements, mac_requirements, linux_requirements, created_at, updated_at) VALUES (106, 'Minimum: Requires a 64-bit processor and operating system OS: Windows 10 or later (64-Bit) Processor: i5-3570 3.4 GHz 4 Core Memory: 8 GB RAM Graphics: Nvidia GTX 1650/GTX 1050-ti, or AMD RX 470/RX 570, or equivalent performance &amp; VRAM Storage: 20 GB available space Additional Notes: Internet connection required for multiplayer.', 'Minimum:', 'Minimum:', NOW(), NOW());
INSERT INTO game_community_ratings (game_id, toxicity_rate, cheater_rate, bug_rate, microtransaction_rate, bad_optimization_rate, not_recommended_rate, created_at, updated_at) VALUES (106, 0.023, 0.015, 0.009, 0, 0.017, 0.052, NOW(), NOW());
INSERT INTO game_media (game_id, media_id, name, thumbnail, webm, mp4, dash_av1, dash_h264, hls_h264, highlight, created_at, updated_at) VALUES (106, 257053861, '1.0!', 'https://shared.akamai.steamstatic.com/store_item_assets/steam/apps/257053861/movie.293x165.jpg?t=1725980382', '{\"480\":\"https:\\/\\/video.akamai.steamstatic.com\\/store_trailers\\/257053861\\/movie480_vp9.webm?t=1725980382\",\"max\":\"https:\\/\\/video.akamai.steamstatic.com\\/store_trailers\\/257053861\\/movie_max_vp9.webm?t=1725980382\"}', '{\"480\":\"https:\\/\\/video.akamai.steamstatic.com\\/store_trailers\\/257053861\\/movie480.mp4?t=1725980382\",\"max\":\"https:\\/\\/video.akamai.steamstatic.com\\/store_trailers\\/257053861\\/movie_max.mp4?t=1725980382\"}', 'https://video.akamai.steamstatic.com/store_trailers/526870/753593/79f874ad17faa4ceebc26380fc79a1adafcec294/1750544336/dash_av1.mpd?t=1725980382', 'https://video.akamai.steamstatic.com/store_trailers/526870/753593/79f874ad17faa4ceebc26380fc79a1adafcec294/1750544336/dash_h264.mpd?t=1725980382', 'https://video.akamai.steamstatic.com/store_trailers/526870/753593/79f874ad17faa4ceebc26380fc79a1adafcec294/1750544336/hls_264_master.m3u8?t=1725980382', true, NOW(), NOW());
INSERT INTO game_media (game_id, media_id, name, thumbnail, webm, mp4, dash_av1, dash_h264, hls_h264, highlight, created_at, updated_at) VALUES (106, 256906919, 'Update 6', 'https://shared.akamai.steamstatic.com/store_item_assets/steam/apps/256906919/movie.293x165.jpg?t=1663699708', '{\"480\":\"https:\\/\\/video.akamai.steamstatic.com\\/store_trailers\\/256906919\\/movie480_vp9.webm?t=1663699708\",\"max\":\"https:\\/\\/video.akamai.steamstatic.com\\/store_trailers\\/256906919\\/movie_max_vp9.webm?t=1663699708\"}', '{\"480\":\"https:\\/\\/video.akamai.steamstatic.com\\/store_trailers\\/256906919\\/movie480.mp4?t=1663699708\",\"max\":\"https:\\/\\/video.akamai.steamstatic.com\\/store_trailers\\/256906919\\/movie_max.mp4?t=1663699708\"}', 'https://video.akamai.steamstatic.com/store_trailers/526870/498097/a5c308b5b3c8dd6a71956da6117f5a3027c6ec20/1750544333/dash_av1.mpd?t=1663699708', 'https://video.akamai.steamstatic.com/store_trailers/526870/498097/a5c308b5b3c8dd6a71956da6117f5a3027c6ec20/1750544333/dash_h264.mpd?t=1663699708', 'https://video.akamai.steamstatic.com/store_trailers/526870/498097/a5c308b5b3c8dd6a71956da6117f5a3027c6ec20/1750544333/hls_264_master.m3u8?t=1663699708', true, NOW(), NOW());
INSERT INTO game_media (game_id, media_id, name, thumbnail, webm, mp4, dash_av1, dash_h264, hls_h264, highlight, created_at, updated_at) VALUES (106, 256861712, 'Update 5', 'https://shared.akamai.steamstatic.com/store_item_assets/steam/apps/256861712/movie.293x165.jpg?t=1637686916', '{\"480\":\"https:\\/\\/video.akamai.steamstatic.com\\/store_trailers\\/256861712\\/movie480_vp9.webm?t=1637686916\",\"max\":\"https:\\/\\/video.akamai.steamstatic.com\\/store_trailers\\/256861712\\/movie_max_vp9.webm?t=1637686916\"}', '{\"480\":\"https:\\/\\/video.akamai.steamstatic.com\\/store_trailers\\/256861712\\/movie480.mp4?t=1637686916\",\"max\":\"https:\\/\\/video.akamai.steamstatic.com\\/store_trailers\\/256861712\\/movie_max.mp4?t=1637686916\"}', 'https://video.akamai.steamstatic.com/store_trailers/526870/419241/bcdd68ae38a9be702d0d47da740bbe1206ab48e4/1750544283/dash_av1.mpd?t=1637686916', 'https://video.akamai.steamstatic.com/store_trailers/526870/419241/bcdd68ae38a9be702d0d47da740bbe1206ab48e4/1750544283/dash_h264.mpd?t=1637686916', 'https://video.akamai.steamstatic.com/store_trailers/526870/419241/bcdd68ae38a9be702d0d47da740bbe1206ab48e4/1750544283/hls_264_master.m3u8?t=1637686916', true, NOW(), NOW());
INSERT INTO game_media (game_id, media_id, name, thumbnail, webm, mp4, dash_av1, dash_h264, hls_h264, highlight, created_at, updated_at) VALUES (106, 256830300, 'Update 4', 'https://shared.akamai.steamstatic.com/store_item_assets/steam/apps/256830300/movie.293x165.jpg?t=1618397318', '{\"480\":\"https:\\/\\/video.akamai.steamstatic.com\\/store_trailers\\/256830300\\/movie480_vp9.webm?t=1618397318\",\"max\":\"https:\\/\\/video.akamai.steamstatic.com\\/store_trailers\\/256830300\\/movie_max_vp9.webm?t=1618397318\"}', '{\"480\":\"https:\\/\\/video.akamai.steamstatic.com\\/store_trailers\\/256830300\\/movie480.mp4?t=1618397318\",\"max\":\"https:\\/\\/video.akamai.steamstatic.com\\/store_trailers\\/256830300\\/movie_max.mp4?t=1618397318\"}', 'https://video.akamai.steamstatic.com/store_trailers/526870/361661/18401096a859b7fe5c756477ae5067efbb935ef6/1750544183/dash_av1.mpd?t=1618397318', 'https://video.akamai.steamstatic.com/store_trailers/526870/361661/18401096a859b7fe5c756477ae5067efbb935ef6/1750544183/dash_h264.mpd?t=1618397318', 'https://video.akamai.steamstatic.com/store_trailers/526870/361661/18401096a859b7fe5c756477ae5067efbb935ef6/1750544183/hls_264_master.m3u8?t=1618397318', true, NOW(), NOW());
INSERT INTO game_media (game_id, media_id, name, thumbnail, webm, mp4, dash_av1, dash_h264, hls_h264, highlight, created_at, updated_at) VALUES (106, 256788184, 'Snutt VO', 'https://shared.akamai.steamstatic.com/store_item_assets/steam/apps/256788184/movie.293x165.jpg?t=1591635898', '{\"480\":\"https:\\/\\/video.akamai.steamstatic.com\\/store_trailers\\/256788184\\/movie480_vp9.webm?t=1591635898\",\"max\":\"https:\\/\\/video.akamai.steamstatic.com\\/store_trailers\\/256788184\\/movie_max_vp9.webm?t=1591635898\"}', '{\"480\":\"https:\\/\\/video.akamai.steamstatic.com\\/store_trailers\\/256788184\\/movie480.mp4?t=1591635898\",\"max\":\"https:\\/\\/video.akamai.steamstatic.com\\/store_trailers\\/256788184\\/movie_max.mp4?t=1591635898\"}', 'https://video.akamai.steamstatic.com/store_trailers/526870/290780/ee5dd6de0bcd0f104120e5122bd8ee265c09e902/1750544179/dash_av1.mpd?t=1591635898', 'https://video.akamai.steamstatic.com/store_trailers/526870/290780/ee5dd6de0bcd0f104120e5122bd8ee265c09e902/1750544179/dash_h264.mpd?t=1591635898', 'https://video.akamai.steamstatic.com/store_trailers/526870/290780/ee5dd6de0bcd0f104120e5122bd8ee265c09e902/1750544179/hls_264_master.m3u8?t=1591635898', true, NOW(), NOW());
INSERT INTO game_media (game_id, media_id, name, thumbnail, webm, mp4, dash_av1, dash_h264, hls_h264, highlight, created_at, updated_at) VALUES (106, 256774877, 'Update 3', 'https://shared.akamai.steamstatic.com/store_item_assets/steam/apps/256774877/movie.293x165.jpg?t=1581455310', '{\"480\":\"https:\\/\\/video.akamai.steamstatic.com\\/store_trailers\\/256774877\\/movie480.webm?t=1581455310\",\"max\":\"https:\\/\\/video.akamai.steamstatic.com\\/store_trailers\\/256774877\\/movie_max.webm?t=1581455310\"}', '{\"480\":\"https:\\/\\/video.akamai.steamstatic.com\\/store_trailers\\/256774877\\/movie480.mp4?t=1581455310\",\"max\":\"https:\\/\\/video.akamai.steamstatic.com\\/store_trailers\\/256774877\\/movie_max.mp4?t=1581455310\"}', 'https://video.akamai.steamstatic.com/store_trailers/526870/266429/354ffc0e8495365cd2e63c029d60945d37f41f39/1750545118/dash_av1.mpd?t=1581455310', 'https://video.akamai.steamstatic.com/store_trailers/526870/266429/354ffc0e8495365cd2e63c029d60945d37f41f39/1750545118/dash_h264.mpd?t=1581455310', 'https://video.akamai.steamstatic.com/store_trailers/526870/266429/354ffc0e8495365cd2e63c029d60945d37f41f39/1750545118/hls_264_master.m3u8?t=1581455310', true, NOW(), NOW());
INSERT INTO game_media (game_id, media_id, name, thumbnail, webm, mp4, dash_av1, dash_h264, hls_h264, highlight, created_at, updated_at) VALUES (106, 256719496, 'Announcement', 'https://shared.akamai.steamstatic.com/store_item_assets/steam/apps/256719496/movie.293x165.jpg?t=1581455130', '{\"480\":\"https:\\/\\/video.akamai.steamstatic.com\\/store_trailers\\/256719496\\/movie480.webm?t=1581455130\",\"max\":\"https:\\/\\/video.akamai.steamstatic.com\\/store_trailers\\/256719496\\/movie_max.webm?t=1581455130\"}', '{\"480\":\"https:\\/\\/video.akamai.steamstatic.com\\/store_trailers\\/256719496\\/movie480.mp4?t=1581455130\",\"max\":\"https:\\/\\/video.akamai.steamstatic.com\\/store_trailers\\/256719496\\/movie_max.mp4?t=1581455130\"}', 'https://video.akamai.steamstatic.com/store_trailers/526870/167692/82acbe16189217b55da580bd547f19c6b1aa80aa/1750544137/dash_av1.mpd?t=1581455130', 'https://video.akamai.steamstatic.com/store_trailers/526870/167692/82acbe16189217b55da580bd547f19c6b1aa80aa/1750544137/dash_h264.mpd?t=1581455130', 'https://video.akamai.steamstatic.com/store_trailers/526870/167692/82acbe16189217b55da580bd547f19c6b1aa80aa/1750544137/hls_264_master.m3u8?t=1581455130', true, NOW(), NOW());
INSERT INTO game_category (game_id, category_id, created_at, updated_at) VALUES (106, 39, NOW(), NOW());
INSERT INTO game_category (game_id, category_id, created_at, updated_at) VALUES (106, 24, NOW(), NOW());
INSERT INTO game_category (game_id, category_id, created_at, updated_at) VALUES (106, 7, NOW(), NOW());
INSERT INTO game_category (game_id, category_id, created_at, updated_at) VALUES (106, 26, NOW(), NOW());
INSERT INTO game_category (game_id, category_id, created_at, updated_at) VALUES (106, 10, NOW(), NOW());
INSERT INTO game_category (game_id, category_id, created_at, updated_at) VALUES (106, 41, NOW(), NOW());
INSERT INTO game_category (game_id, category_id, created_at, updated_at) VALUES (106, 2, NOW(), NOW());
INSERT INTO game_category (game_id, category_id, created_at, updated_at) VALUES (106, 3, NOW(), NOW());
INSERT INTO game_category (game_id, category_id, created_at, updated_at) VALUES (106, 8, NOW(), NOW());
INSERT INTO game_category (game_id, category_id, created_at, updated_at) VALUES (106, 11, NOW(), NOW());
INSERT INTO game_category (game_id, category_id, created_at, updated_at) VALUES (106, 1, NOW(), NOW());
INSERT INTO game_category (game_id, category_id, created_at, updated_at) VALUES (106, 29, NOW(), NOW());
INSERT INTO game_category (game_id, category_id, created_at, updated_at) VALUES (106, 35, NOW(), NOW());
INSERT INTO game_category (game_id, category_id, created_at, updated_at) VALUES (106, 49, NOW(), NOW());
INSERT INTO game_category (game_id, category_id, created_at, updated_at) VALUES (106, 51, NOW(), NOW());
INSERT INTO game_category (game_id, category_id, created_at, updated_at) VALUES (106, 28, NOW(), NOW());
INSERT INTO game_category (game_id, category_id, created_at, updated_at) VALUES (106, 42, NOW(), NOW());
INSERT INTO game_category (game_id, category_id, created_at, updated_at) VALUES (106, 34, NOW(), NOW());
INSERT INTO game_category (game_id, category_id, created_at, updated_at) VALUES (106, 12, NOW(), NOW());
INSERT INTO game_genre (game_id, genre_id, created_at, updated_at) VALUES (106, 2, NOW(), NOW());
INSERT INTO game_genre (game_id, genre_id, created_at, updated_at) VALUES (106, 11, NOW(), NOW());
INSERT INTO game_genre (game_id, genre_id, created_at, updated_at) VALUES (106, 16, NOW(), NOW());
INSERT INTO game_genre (game_id, genre_id, created_at, updated_at) VALUES (106, 18, NOW(), NOW());
INSERT INTO game_developer (game_id, developer_id, created_at, updated_at) VALUES (106, 23, NOW(), NOW());
INSERT INTO game_publisher (game_id, publisher_id, created_at, updated_at) VALUES (106, 19, NOW(), NOW());

-- Game #107: Resident Evil Village
INSERT INTO games (id, steam_id, name, type, slug, short_description, required_age, is_free, have_dlc, icon, supported_languages, release_date, coming_soon, recommendations, achievements_count, positive_reviews, negative_reviews, total_reviews, positive_ratio, content_descriptors, is_active, created_at, updated_at) VALUES (107, 1196590, 'Resident Evil Village', 'game', 'resident-evil-village', 'Experience survival horror like never before in the 8th major installment in the Resident Evil franchise - Resident Evil Village. With detailed graphics, intense first-person action and masterful storytelling, the terror has never felt more realistic.', 0, false, true, 'https://shared.akamai.steamstatic.com/store_item_assets/steam/apps/1196590/header.jpg?t=1741142800', '[\"English *\",\"French *\",\"Italian *\",\"German *\",\"Spanish - Spain *\",\"Japanese *\",\"Korean\",\"Portuguese - Brazil *\",\"Russian *\",\"Simplified Chinese *\",\"Traditional Chinese\",\"Arabic\",\"Thai\",\"Spanish - Latin America * languages with full audio support\"]', '2021-05-06', false, 88955, 56, 240, 60, 300, 0.8, '{\"ids\":[2,5],\"notes\":\"This Game may contain content not appropriate for all ages, or may not be appropriate for viewing at work: Frequent Violence or Gore, General Mature Content\"}', true, NOW(), NOW());
INSERT INTO game_platforms (game_id, windows, mac, linux, created_at, updated_at) VALUES (107, true, false, false, NOW(), NOW());
INSERT INTO game_requirements (game_id, pc_requirements, mac_requirements, linux_requirements, created_at, updated_at) VALUES (107, 'Minimum: Requires a 64-bit processor and operating system OS: Windows 10 (64 bit) Processor: AMD Ryzen 3 1200 ／ Intel Core i5-7500 Memory: 8 GB RAM Graphics: AMD Radeon RX 560 with 4GB VRAM ／ NVIDIA GeForce GTX 1050 Ti with 4GB VRAM DirectX: Version 12 Additional Notes: Estimated performance (when set to Prioritize Performance): 1080p/60fps. ・Framerate might drop in graphics-intensive scenes. ・AMD Radeon RX 6700 XT or NVIDIA GeForce RTX 2060 required to support ray tracing.', 'Minimum:', 'Minimum:', NOW(), NOW());
INSERT INTO game_community_ratings (game_id, toxicity_rate, cheater_rate, bug_rate, microtransaction_rate, bad_optimization_rate, not_recommended_rate, created_at, updated_at) VALUES (107, 0, 0, 0, 0, 0.003, 0.012, NOW(), NOW());
INSERT INTO game_media (game_id, media_id, name, thumbnail, webm, mp4, dash_av1, dash_h264, hls_h264, highlight, created_at, updated_at) VALUES (107, 256825272, 'Village_PV3_Multi_01_ESRB-EN_NoSub_FullHD.mp4', 'https://shared.akamai.steamstatic.com/store_item_assets/steam/apps/256825272/movie.293x165.jpg?t=1615523902', '{\"480\":\"https:\\/\\/video.akamai.steamstatic.com\\/store_trailers\\/256825272\\/movie480_vp9.webm?t=1615523902\",\"max\":\"https:\\/\\/video.akamai.steamstatic.com\\/store_trailers\\/256825272\\/movie_max_vp9.webm?t=1615523902\"}', '{\"480\":\"https:\\/\\/video.akamai.steamstatic.com\\/store_trailers\\/256825272\\/movie480.mp4?t=1615523902\",\"max\":\"https:\\/\\/video.akamai.steamstatic.com\\/store_trailers\\/256825272\\/movie_max.mp4?t=1615523902\"}', 'https://video.akamai.steamstatic.com/store_trailers/1196590/353095/251a8a0976b88674e212a1502e7a37a50b3c1991/1750637451/dash_av1.mpd?t=1615523902', 'https://video.akamai.steamstatic.com/store_trailers/1196590/353095/251a8a0976b88674e212a1502e7a37a50b3c1991/1750637451/dash_h264.mpd?t=1615523902', 'https://video.akamai.steamstatic.com/store_trailers/1196590/353095/251a8a0976b88674e212a1502e7a37a50b3c1991/1750637451/hls_264_master.m3u8?t=1615523902', true, NOW(), NOW());
INSERT INTO game_media (game_id, media_id, name, thumbnail, webm, mp4, dash_av1, dash_h264, hls_h264, highlight, created_at, updated_at) VALUES (107, 256825258, 'Village_2ndTrailer_Multi_01_ESRB_NoSub_EN_FullHD.mp4', 'https://shared.akamai.steamstatic.com/store_item_assets/steam/apps/256825258/movie.293x165.jpg?t=1615524000', '{\"480\":\"https:\\/\\/video.akamai.steamstatic.com\\/store_trailers\\/256825258\\/movie480_vp9.webm?t=1615524000\",\"max\":\"https:\\/\\/video.akamai.steamstatic.com\\/store_trailers\\/256825258\\/movie_max_vp9.webm?t=1615524000\"}', '{\"480\":\"https:\\/\\/video.akamai.steamstatic.com\\/store_trailers\\/256825258\\/movie480.mp4?t=1615524000\",\"max\":\"https:\\/\\/video.akamai.steamstatic.com\\/store_trailers\\/256825258\\/movie_max.mp4?t=1615524000\"}', 'https://video.akamai.steamstatic.com/store_trailers/1196590/353080/05060ce2b4cfe8d89bd94d7292dc65d3134d02dc/1750637335/dash_av1.mpd?t=1615524000', 'https://video.akamai.steamstatic.com/store_trailers/1196590/353080/05060ce2b4cfe8d89bd94d7292dc65d3134d02dc/1750637335/dash_h264.mpd?t=1615524000', 'https://video.akamai.steamstatic.com/store_trailers/1196590/353080/05060ce2b4cfe8d89bd94d7292dc65d3134d02dc/1750637335/hls_264_master.m3u8?t=1615524000', true, NOW(), NOW());
INSERT INTO game_media (game_id, media_id, name, thumbnail, webm, mp4, dash_av1, dash_h264, hls_h264, highlight, created_at, updated_at) VALUES (107, 256789700, 'Village-SpecialDevMessage_NonSubs_ESRB_1080p.mp4', 'https://shared.akamai.steamstatic.com/store_item_assets/steam/apps/256789700/movie.293x165.jpg?t=1592542835', '{\"480\":\"https:\\/\\/video.akamai.steamstatic.com\\/store_trailers\\/256789700\\/movie480_vp9.webm?t=1592542835\",\"max\":\"https:\\/\\/video.akamai.steamstatic.com\\/store_trailers\\/256789700\\/movie_max_vp9.webm?t=1592542835\"}', '{\"480\":\"https:\\/\\/video.akamai.steamstatic.com\\/store_trailers\\/256789700\\/movie480.mp4?t=1592542835\",\"max\":\"https:\\/\\/video.akamai.steamstatic.com\\/store_trailers\\/256789700\\/movie_max.mp4?t=1592542835\"}', 'https://video.akamai.steamstatic.com/store_trailers/1196590/293068/471beaeb3429c800c40cf690aca9187127924297/1750637309/dash_av1.mpd?t=1592542835', 'https://video.akamai.steamstatic.com/store_trailers/1196590/293068/471beaeb3429c800c40cf690aca9187127924297/1750637309/dash_h264.mpd?t=1592542835', 'https://video.akamai.steamstatic.com/store_trailers/1196590/293068/471beaeb3429c800c40cf690aca9187127924297/1750637309/hls_264_master.m3u8?t=1592542835', true, NOW(), NOW());
INSERT INTO game_media (game_id, media_id, name, thumbnail, webm, mp4, dash_av1, dash_h264, hls_h264, highlight, created_at, updated_at) VALUES (107, 256788758, 'Village_AnnounceTrailer_Multi_01_ESRB_EN_FullHD.mp4', 'https://shared.akamai.steamstatic.com/store_item_assets/steam/apps/256788758/movie.293x165.jpg?t=1591953125', '{\"480\":\"https:\\/\\/video.akamai.steamstatic.com\\/store_trailers\\/256788758\\/movie480_vp9.webm?t=1591953125\",\"max\":\"https:\\/\\/video.akamai.steamstatic.com\\/store_trailers\\/256788758\\/movie_max_vp9.webm?t=1591953125\"}', '{\"480\":\"https:\\/\\/video.akamai.steamstatic.com\\/store_trailers\\/256788758\\/movie480.mp4?t=1591953125\",\"max\":\"https:\\/\\/video.akamai.steamstatic.com\\/store_trailers\\/256788758\\/movie_max.mp4?t=1591953125\"}', 'https://video.akamai.steamstatic.com/store_trailers/1196590/291696/2f414f86089a7eec4fc6241dedb04ba0dd6a53a1/1750637106/dash_av1.mpd?t=1591953125', 'https://video.akamai.steamstatic.com/store_trailers/1196590/291696/2f414f86089a7eec4fc6241dedb04ba0dd6a53a1/1750637106/dash_h264.mpd?t=1591953125', 'https://video.akamai.steamstatic.com/store_trailers/1196590/291696/2f414f86089a7eec4fc6241dedb04ba0dd6a53a1/1750637106/hls_264_master.m3u8?t=1591953125', true, NOW(), NOW());
INSERT INTO game_category (game_id, category_id, created_at, updated_at) VALUES (107, 39, NOW(), NOW());
INSERT INTO game_category (game_id, category_id, created_at, updated_at) VALUES (107, 41, NOW(), NOW());
INSERT INTO game_category (game_id, category_id, created_at, updated_at) VALUES (107, 13, NOW(), NOW());
INSERT INTO game_category (game_id, category_id, created_at, updated_at) VALUES (107, 45, NOW(), NOW());
INSERT INTO game_category (game_id, category_id, created_at, updated_at) VALUES (107, 42, NOW(), NOW());
INSERT INTO game_category (game_id, category_id, created_at, updated_at) VALUES (107, 15, NOW(), NOW());
INSERT INTO game_category (game_id, category_id, created_at, updated_at) VALUES (107, 12, NOW(), NOW());
INSERT INTO game_genre (game_id, genre_id, created_at, updated_at) VALUES (107, 1, NOW(), NOW());
INSERT INTO game_developer (game_id, developer_id, created_at, updated_at) VALUES (107, 17, NOW(), NOW());
INSERT INTO game_publisher (game_id, publisher_id, created_at, updated_at) VALUES (107, 16, NOW(), NOW());

-- ============================================
-- RESET SEQUENCES
-- ============================================
SELECT setval(pg_get_serial_sequence('categories', 'id'), (SELECT COALESCE(MAX(id), 0) FROM categories));
SELECT setval(pg_get_serial_sequence('genres', 'id'), (SELECT COALESCE(MAX(id), 0) FROM genres));
SELECT setval(pg_get_serial_sequence('developers', 'id'), (SELECT COALESCE(MAX(id), 0) FROM developers));
SELECT setval(pg_get_serial_sequence('publishers', 'id'), (SELECT COALESCE(MAX(id), 0) FROM publishers));
SELECT setval(pg_get_serial_sequence('games', 'id'), (SELECT COALESCE(MAX(id), 0) FROM games));
SELECT setval(pg_get_serial_sequence('game_media', 'id'), (SELECT COALESCE(MAX(id), 0) FROM game_media));
SELECT setval(pg_get_serial_sequence('game_platforms', 'id'), (SELECT COALESCE(MAX(id), 0) FROM game_platforms));
SELECT setval(pg_get_serial_sequence('game_requirements', 'id'), (SELECT COALESCE(MAX(id), 0) FROM game_requirements));
SELECT setval(pg_get_serial_sequence('game_community_ratings', 'id'), (SELECT COALESCE(MAX(id), 0) FROM game_community_ratings));

-- Re-enable triggers
SET session_replication_role = 'origin';

COMMIT;

